customer_id,age,gender,region,tenure_months,credit_score,annual_income,days_since_last_login,complaints_last_year,transaction_frequency,num_products,has_current_account,has_savings_account,has_credit_card,has_mortgage,avg_transaction_value,app_usage_hours,churned
CUST10000,39,Male,Wales,53,444,28786.124055491102,2,0,21,5,1,1,0,1,80.73408146871354,4.238799598670131,0
CUST10001,74,Male,East_of_England,3,478,35815.61055283562,0,1,13,5,1,1,1,1,43.39429028415891,5.500654344424653,0
CUST10002,31,Female,South_East,81,669,50464.12490251654,16,0,4,2,1,0,0,0,40.138608470928006,5.298501653591781,0
CUST10003,31,Female,South_East,87,630,58422.14490808902,9,0,19,4,1,1,1,0,114.13343828134505,3.2684535874586857,0
CUST10004,61,Female,South_East,8,632,54852.322578903426,8,0,4,1,1,1,1,0,238.59073363521665,4.887547755255106,0
CUST10005,61,Male,Wales,104,729,59480.19754786946,9,0,13,3,1,1,1,1,259.778813991202,1.8211611457269126,0
CUST10006,66,Female,London,52,739,34704.73803681233,0,0,13,5,1,0,0,0,234.48053183217095,4.228291307263494,0
CUST10007,47,Female,Yorkshire,62,459,62865.000276142586,86,1,24,4,1,1,1,1,142.7799898341681,3.3876939385675318,1
CUST10008,50,Female,East_Midlands,51,723,117885.06066648109,30,0,17,2,1,0,1,0,174.18408718333941,3.653359138790701,0
CUST10009,34,Female,Wales,59,512,37201.04324083255,78,3,17,5,1,0,0,0,547.3498341587153,10.717070533517978,0
CUST10010,51,Female,East_Midlands,70,753,63610.16896139895,2,0,3,3,1,0,1,0,181.46917475374687,6.178432764858059,0
CUST10011,37,Male,West_Midlands,96,679,43096.847794376576,5,0,23,1,1,1,1,1,60.17578337898346,6.756698957402304,0
CUST10012,58,Female,East_of_England,99,414,50335.25922536507,1,2,26,4,1,0,1,0,176.46139114556948,6.494893059021438,0
CUST10013,33,Male,East_of_England,61,760,43894.01110087789,0,3,13,1,1,1,1,0,35.38064328304249,4.085582932973,0
CUST10014,50,Female,South_West,28,720,51023.838948085504,81,0,7,4,1,1,1,0,167.20134428059166,1.5779691370730595,0
CUST10015,35,Female,South_East,25,724,51152.13537035456,15,1,17,2,1,0,0,1,142.52913753248941,5.538100789592736,0
CUST10016,52,Male,London,50,752,44623.641432212,4,4,17,5,1,1,0,1,992.1769790823563,3.655580902880242,1
CUST10017,39,Female,South_West,58,465,58720.96973349773,10,1,21,2,1,1,1,1,84.64722821020929,8.76203139007074,0
CUST10018,69,Male,London,16,727,36536.14455274533,88,0,20,3,1,1,0,0,172.8752594220552,2.890403534357654,0
CUST10019,51,Male,South_East,96,416,31979.848127590772,31,1,23,1,1,1,1,0,38.347955844622255,7.886572680991042,1
CUST10020,74,Male,North_West,29,633,33025.76242813852,62,0,18,2,1,1,1,0,407.9817485070896,2.6334753213691324,0
CUST10021,73,Female,West_Midlands,69,554,49137.320303829954,5,1,17,5,1,1,1,0,106.40400497907945,4.3663161485087265,0
CUST10022,30,Male,East_Midlands,12,779,40635.475591032235,4,0,27,1,1,0,1,0,73.88171784014695,11.469614707404748,0
CUST10023,54,Male,South_West,73,450,44260.147967962126,1,0,4,3,1,1,1,0,122.98711413476458,4.556926434795557,1
CUST10024,65,Female,West_Midlands,89,577,47704.50841834772,2,2,27,1,1,0,1,1,97.30092133329352,5.564378774727114,0
CUST10025,38,Male,London,100,693,85586.43459770335,3,0,12,5,1,1,1,0,195.69137083996387,6.541451071177194,0
CUST10026,29,Male,East_Midlands,9,395,46422.360830911624,32,0,18,5,1,0,1,0,307.9593852691871,1.0336120553619297,0
CUST10027,39,Female,South_East,116,680,39934.4285061764,11,0,20,1,1,1,0,1,71.0858508958662,10.278450641783675,0
CUST10028,45,Male,West_Midlands,58,742,51061.07718488645,62,0,20,1,1,1,0,0,215.12874684230005,1.5223290644618672,0
CUST10029,74,Male,West_Midlands,18,738,23705.714322245964,55,0,6,1,1,0,1,0,68.61698915770246,1.7598734572473693,1
CUST10030,70,Male,East_Midlands,8,518,43699.4032531644,2,1,19,2,1,1,0,1,48.87808096806287,2.0848773302116173,1
CUST10031,30,Male,South_West,46,633,47660.768143012196,3,0,17,3,1,1,0,0,211.48184851604552,10.980598759493596,0
CUST10032,39,Male,North_West,59,758,40548.49982419316,10,1,21,2,1,1,0,0,153.97599496454745,4.9130652870034925,0
CUST10033,26,Female,North_West,110,675,28144.459319240443,6,1,23,1,1,1,0,0,137.01309604247322,6.05731486205308,0
CUST10034,67,Male,South_West,12,458,28989.719769523865,4,0,20,5,1,0,0,0,567.286779262314,1.7638510453105185,0
CUST10035,69,Female,London,38,734,34377.88888000371,0,0,21,1,1,0,1,1,83.54826417051135,10.127959090788073,0
CUST10036,68,Female,Yorkshire,111,614,23376.797230350414,14,4,22,1,1,1,1,0,178.41394377127747,14.941463843546124,0
CUST10037,43,Male,East_Midlands,46,684,24002.25518680096,1,0,3,2,1,1,1,0,92.1196914804003,2.0435706637333393,0
CUST10038,69,Female,East_Midlands,79,706,50004.910472301606,3,2,12,2,1,1,0,1,131.80118093041452,12.96143528300486,0
CUST10039,68,Female,Yorkshire,15,712,52090.89095851735,0,0,23,1,1,1,0,1,64.21776123539638,6.316628570168792,0
CUST10040,58,Male,Scotland,109,621,101653.98087366622,0,0,20,2,1,1,1,0,73.79193038745856,10.99769726512189,0
CUST10041,74,Male,West_Midlands,33,599,36004.88904598085,46,0,21,5,1,0,0,1,71.99254487376385,2.7839284926655266,1
CUST10042,25,Male,Yorkshire,26,574,52743.97654802931,37,1,8,2,1,1,0,0,64.80032678662975,5.136370125952297,1
CUST10043,27,Male,Scotland,5,562,30853.823033503162,34,0,4,2,1,1,1,0,75.30444272688379,7.133533377919864,1
CUST10044,61,Female,East_of_England,50,376,42127.59842149056,66,0,28,1,1,1,1,0,75.16525802223845,6.716307343521484,0
CUST10045,42,Female,South_West,109,690,40029.926036370576,0,0,15,2,1,1,0,0,281.10926909584634,2.9835064622053142,0
CUST10046,57,Female,East_Midlands,104,552,25490.818901392686,3,0,18,3,1,1,0,1,154.8921840845254,1.932962882680689,1
CUST10047,21,Female,Yorkshire,86,479,25785.47091965892,4,0,15,2,1,0,1,0,177.34900613382672,5.338996049602562,0
CUST10048,48,Female,London,115,764,42846.27380876557,0,2,23,3,1,1,0,0,409.0031167176744,1.404183295969068,0
CUST10049,57,Male,East_of_England,60,665,30456.486900659525,1,0,27,3,1,0,1,1,135.89410281477595,6.975434479924712,0
CUST10050,74,Male,Wales,1,712,37134.06290312059,6,0,8,5,1,1,1,0,263.69474310800956,2.0884030661875035,0
CUST10051,44,Female,Yorkshire,34,533,50159.68746034985,4,0,19,3,1,1,1,0,28.650894194424243,3.380528587934146,1
CUST10052,45,Female,London,114,565,24176.18004585359,0,1,21,4,1,1,0,0,181.9967339920135,8.859725721541293,0
CUST10053,36,Male,South_West,18,508,31013.16506105427,38,0,6,1,1,1,1,1,101.90160374007942,11.149778629629093,1
CUST10054,63,Female,North_West,34,441,31421.37307448685,2,0,18,4,1,1,1,0,118.3823378354107,3.3915409095353755,1
CUST10055,68,Female,Yorkshire,97,551,17115.2180691822,1,0,20,4,1,1,0,0,94.02705314842053,3.4697946254888326,0
CUST10056,65,Male,Wales,82,481,41375.87286520543,9,0,16,4,1,1,0,0,38.77988107659235,4.944031339579244,0
CUST10057,52,Male,Yorkshire,116,737,31432.730710062722,8,0,18,2,1,1,1,0,79.31370434030718,5.592191494040254,0
CUST10058,62,Female,East_of_England,25,683,28306.824380824517,11,0,17,3,1,1,1,1,88.72725786405563,8.836804355167958,0
CUST10059,39,Female,Wales,85,757,41178.90926324753,3,3,19,3,1,1,0,1,356.71756381049374,11.568612689871758,0
CUST10060,60,Female,Scotland,65,407,39132.42576683135,12,0,10,2,1,0,1,1,65.19803034338564,3.481835928269443,0
CUST10061,64,Female,East_of_England,20,760,34559.66081550913,6,0,30,3,1,1,0,1,77.13766682348826,4.572987246748903,0
CUST10062,60,Female,Scotland,104,682,19473.679682415554,2,0,23,3,1,1,1,1,90.10277201924157,8.226474366341327,0
CUST10063,58,Male,South_West,109,470,54800.634543018314,92,0,9,2,1,0,1,0,222.17716562972453,4.613759424438084,1
CUST10064,52,Male,East_Midlands,108,698,23932.820781141578,1,0,4,4,1,0,0,0,294.05262035364694,4.758866713360588,1
CUST10065,51,Female,South_East,30,769,15000.0,83,0,19,3,1,1,1,0,133.13757809919375,8.638283893899768,1
CUST10066,56,Male,Yorkshire,84,561,25615.36764649284,30,3,24,3,1,1,1,0,218.6685785725182,7.253945014935414,0
CUST10067,54,Female,Wales,61,677,32531.05353343724,65,0,2,5,1,1,1,0,109.63074449700134,2.029736303003174,1
CUST10068,70,Male,Wales,115,643,19380.36782605146,3,1,29,2,1,1,0,0,132.2990667984449,5.86928694356471,0
CUST10069,64,Male,London,89,725,27823.175595100613,1,4,20,1,1,1,1,0,9.272330985007788,1.9260768909044936,0
CUST10070,55,Male,West_Midlands,72,725,33051.33742301527,31,0,17,2,1,1,1,0,135.151640179465,6.835294715884328,1
CUST10071,51,Male,South_East,40,646,55141.85638826486,9,0,20,3,1,0,1,0,168.97942619813102,6.583514868269573,0
CUST10072,24,Female,West_Midlands,5,686,31315.568610455368,1,0,13,2,1,1,1,1,60.41532882685764,4.2601304412569485,0
CUST10073,23,Male,West_Midlands,83,763,39555.189164958036,43,0,17,2,1,1,1,1,278.65230728844455,3.4494464279013637,1
CUST10074,29,Female,South_East,22,672,33070.72514254736,7,0,30,2,1,1,1,0,402.6365878774536,2.5458165953598764,0
CUST10075,21,Female,Scotland,81,595,22248.413460910117,66,0,18,3,1,0,0,1,39.73020389291862,3.618935871264453,0
CUST10076,38,Female,Yorkshire,47,712,76012.63066489297,39,0,15,3,1,0,1,0,47.38002385067576,4.021263374602832,1
CUST10077,25,Female,East_of_England,60,712,56778.80210273494,1,2,22,1,1,1,1,1,161.20737427428438,5.82151860413039,0
CUST10078,63,Female,South_East,15,652,24045.736874346385,7,0,28,1,1,0,1,1,120.24303085351131,5.461166068190772,1
CUST10079,34,Female,Yorkshire,72,621,35726.81572509263,0,0,18,5,1,1,1,1,108.98334923070911,2.316904008707585,0
CUST10080,74,Male,West_Midlands,46,739,36263.209153994816,1,0,13,4,1,1,1,0,43.04271061085066,3.493421720702438,0
CUST10081,19,Female,North_West,38,701,27098.920327159085,3,1,18,2,1,1,1,0,247.27607665628383,6.51952157057628,0
CUST10082,49,Male,Wales,41,769,48015.98836885947,0,0,29,2,1,1,1,0,167.10091412614014,6.072354295671864,0
CUST10083,59,Male,East_of_England,14,765,35967.03303078567,5,0,21,3,1,1,0,0,199.12656309107825,11.548594219673552,0
CUST10084,23,Male,North_West,18,482,21493.623654722018,4,0,3,1,1,1,1,1,280.6493195388403,3.6252240591511335,0
CUST10085,41,Female,Scotland,20,662,44405.37894161768,2,0,25,5,1,1,0,0,30.065729788129964,4.933874979218526,0
CUST10086,40,Female,South_West,42,752,40306.55969711841,6,5,6,4,1,1,1,1,148.6879895239264,0.26620771586501335,0
CUST10087,56,Male,East_Midlands,70,690,21374.831519079744,2,0,21,4,1,1,0,0,260.3423455550074,1.229286637321819,0
CUST10088,27,Male,Wales,76,758,21737.69458762441,35,1,16,1,1,1,1,1,26.743276059802287,2.9320386829369105,1
CUST10089,61,Male,East_of_England,61,542,31931.57929279355,0,0,21,2,1,1,1,1,86.21937773629583,3.758258747376253,0
CUST10090,48,Female,East_of_England,56,648,41714.13796939235,1,0,9,3,1,1,0,0,455.83613129060245,3.7321857199241215,0
CUST10091,25,Female,London,29,453,55783.58548532281,1,0,33,2,1,1,1,1,109.78715129762617,4.002247868086563,0
CUST10092,26,Female,West_Midlands,33,709,23279.99923313667,1,0,10,1,1,1,0,0,101.31218711240767,2.733534792318486,0
CUST10093,62,Male,South_East,75,494,20178.4034586477,87,0,26,1,1,1,1,0,56.58716173267431,10.149385119247851,0
CUST10094,31,Female,North_West,74,779,41143.93334978224,2,0,3,2,1,0,1,0,69.84599430721745,2.8658254539645736,0
CUST10095,42,Female,West_Midlands,36,699,40638.719345488644,2,0,7,3,1,1,0,1,40.29949579336969,2.796474481911413,0
CUST10096,25,Female,Scotland,16,523,40203.11188372301,0,0,28,2,1,1,1,1,84.08995716047366,1.7320840660630719,0
CUST10097,59,Female,South_East,56,688,24961.97086906525,5,0,20,4,1,1,1,0,61.06990452195812,3.700032055516363,0
CUST10098,41,Female,West_Midlands,42,712,32528.46107887551,3,0,24,2,1,1,0,1,212.77854971104944,8.66123664995507,0
CUST10099,50,Female,East_of_England,119,654,31438.68164680554,74,3,19,5,1,1,1,0,285.01134833110586,11.90918659683092,0
CUST10100,71,Female,Wales,39,695,55107.63403395264,2,1,23,4,1,1,1,1,81.11931609527011,0.8168892952218032,0
CUST10101,21,Female,Scotland,13,728,22257.26816368807,0,0,15,1,1,1,1,1,179.1157298750086,8.123718032284232,0
CUST10102,19,Male,Wales,87,784,19933.659569884014,42,0,19,3,1,1,0,0,35.39862654000193,2.2803193023265025,1
CUST10103,74,Male,South_West,55,697,37515.547915339914,15,0,23,4,1,1,0,0,300.27561499875384,1.3475112139365997,0
CUST10104,50,Male,South_East,23,645,26518.66797355413,40,7,5,5,1,1,0,1,35.332292929130546,4.363427865327432,1
CUST10105,47,Female,Scotland,88,419,47679.80327622493,1,1,6,2,1,0,0,0,152.71875151715093,5.293570893894599,1
CUST10106,42,Female,East_of_England,54,640,52310.366653608864,0,0,22,1,1,1,0,0,25.343860122886678,2.400264351033413,0
CUST10107,49,Male,East_Midlands,92,726,37108.27863036617,2,2,12,5,1,1,0,1,209.26306159991327,2.8539904665524136,0
CUST10108,28,Female,Scotland,50,634,38540.579681126685,4,0,15,1,1,1,0,0,95.12005209564451,2.271445870499364,0
CUST10109,46,Female,South_West,52,742,27428.317277586997,5,0,22,4,1,1,1,0,4.938203247915762,7.968130312689981,0
CUST10110,19,Female,South_East,62,674,31050.620699009298,2,0,24,5,1,0,0,0,123.53469486550681,4.5279297248242925,0
CUST10111,69,Female,South_East,112,644,35737.81300136032,0,5,4,4,1,1,1,0,263.2744987979989,6.1345765027888275,0
CUST10112,57,Male,Wales,21,714,36049.936873811,2,3,17,3,1,1,0,0,299.88926453148724,5.464840698535019,0
CUST10113,68,Male,Yorkshire,24,687,59343.67979241063,10,0,3,3,1,1,1,0,62.28686123965693,9.921462442151979,0
CUST10114,27,Female,London,38,647,36750.668880079866,7,2,22,1,1,0,1,0,59.55946051784921,6.449398243659311,0
CUST10115,67,Male,London,10,565,86335.91352530192,1,0,21,5,1,0,1,0,118.05776500350558,1.5845262400296067,0
CUST10116,35,Male,London,55,618,33010.68649682037,12,0,9,4,1,0,1,1,63.72666779449242,2.7243564277878045,0
CUST10117,64,Male,Scotland,18,661,45242.39718495831,75,0,22,5,1,0,1,1,102.43367279424679,11.805156391765202,0
CUST10118,46,Male,London,85,648,50265.57711679273,7,0,3,3,1,0,1,0,189.72075222365575,1.7478394658563627,0
CUST10119,54,Male,Yorkshire,111,611,39419.294156452524,6,2,15,2,1,1,0,0,302.50407610146016,5.01587467613867,0
CUST10120,63,Female,South_East,103,712,67360.252772581,1,0,17,5,1,1,1,0,240.6696878403613,9.346402341264564,0
CUST10121,71,Female,East_Midlands,99,704,46518.94273717715,8,1,8,2,1,0,1,1,31.821794223285004,0.6758359291275133,1
CUST10122,31,Female,North_West,3,758,38199.5727176159,4,0,21,4,1,0,1,0,69.52167619553825,11.958217248078814,0
CUST10123,47,Male,South_West,58,747,30294.115971171082,42,0,20,5,1,0,0,1,133.75684112367296,10.985965845834563,0
CUST10124,34,Female,Wales,70,657,59184.41216697302,45,2,28,3,1,1,1,0,190.256696934124,5.226026086720065,0
CUST10125,68,Male,East_of_England,117,631,39297.65661636222,0,0,21,3,1,0,1,0,85.0881727773766,0.8481512809270609,0
CUST10126,56,Male,East_Midlands,39,490,15000.0,38,0,14,1,1,1,0,0,110.05874543623878,3.3427870391306818,1
CUST10127,27,Male,East_of_England,80,650,27527.35115591246,3,0,17,2,1,1,1,1,84.0312058566768,6.92241798450683,0
CUST10128,23,Female,South_East,15,752,37301.77855332647,0,0,17,5,1,1,0,1,181.9059395174272,0.8845747497093484,0
CUST10129,59,Female,Yorkshire,71,673,29239.213193438634,19,0,7,1,1,1,0,0,50.185413295535696,4.368924692522514,0
CUST10130,56,Female,West_Midlands,86,718,52986.70907715286,0,1,7,4,1,1,1,0,69.43712777315211,4.049864527667829,0
CUST10131,20,Female,North_West,72,717,26780.120900919625,7,0,6,3,1,1,1,0,28.168750685327815,8.496897643712982,0
CUST10132,38,Male,Yorkshire,72,725,62778.55302513583,7,1,20,1,1,1,0,0,214.71890898741003,3.577722240804781,0
CUST10133,54,Male,South_East,32,667,24783.935700563237,5,0,5,4,1,0,1,0,170.66425268601606,5.363613775899121,0
CUST10134,20,Male,Wales,97,672,26663.532485167314,22,0,14,4,1,1,0,0,189.9411241945247,5.30910267789234,0
CUST10135,28,Male,East_of_England,66,713,33990.63732025711,1,0,23,5,1,1,1,0,298.88154525371317,4.61492545835236,0
CUST10136,68,Male,East_Midlands,47,505,33943.05979799107,41,0,13,2,1,1,1,0,214.46915298447715,9.683112169779372,0
CUST10137,19,Male,Wales,99,720,30156.418982807,9,0,14,1,1,0,0,0,145.50634452754247,3.4839860300110868,0
CUST10138,34,Female,South_East,39,670,39657.20212983212,1,2,24,1,1,1,0,0,197.0786281601537,8.872411849308106,0
CUST10139,25,Female,London,62,651,40182.01255960642,74,0,19,3,1,1,0,0,118.95694682514811,3.4908489903981317,0
CUST10140,36,Female,North_West,47,521,29416.111897408875,1,1,24,4,1,0,0,0,160.83930762920932,2.4106510823871914,1
CUST10141,31,Male,London,94,499,27938.06704719489,1,0,21,4,1,0,1,0,139.9629962589481,8.047893989631904,0
CUST10142,63,Male,South_West,50,785,30126.445025189485,1,1,16,5,1,1,1,0,66.56227558685097,4.284147932944035,0
CUST10143,57,Male,North_West,21,748,59202.56934377192,34,0,8,5,1,0,0,0,382.45161407920097,2.058031257221586,0
CUST10144,35,Male,Yorkshire,17,519,33316.25580179042,7,1,17,5,1,1,0,0,74.62960113700136,4.048270378028643,0
CUST10145,63,Male,Wales,113,688,32090.53382403381,17,0,4,5,1,1,0,1,65.40066790115782,2.771058489094689,0
CUST10146,72,Female,North_West,41,632,37592.01827147263,1,0,17,5,1,1,0,0,98.67792869966543,4.542575835047272,0
CUST10147,47,Female,Scotland,109,774,31232.10766064886,0,4,5,4,1,1,1,0,189.44841338396577,0.36569718489751524,1
CUST10148,46,Female,West_Midlands,105,664,33951.10588590296,51,0,12,2,1,0,0,0,276.9683373388207,0.7019143347531404,1
CUST10149,57,Female,East_Midlands,2,747,35835.99104188794,12,0,11,3,1,1,1,0,105.91259237143261,3.594364881081748,0
CUST10150,60,Female,South_East,18,461,28027.033057300025,8,0,19,4,1,0,1,0,41.3866024584602,7.892956097989531,0
CUST10151,57,Female,Wales,75,726,17426.319318064034,2,0,27,1,1,1,0,0,276.15794565396317,6.319455267058654,0
CUST10152,52,Male,London,43,380,41514.567997785256,0,0,30,3,1,0,1,0,22.585766922464213,2.069385104953186,0
CUST10153,20,Male,Wales,75,594,17909.401165896572,48,0,20,3,1,0,1,0,30.57038901572842,1.535726839590602,1
CUST10154,30,Female,South_West,34,498,42569.69285321052,2,3,13,5,1,1,0,1,197.5156694021436,6.001183656996567,1
CUST10155,64,Male,Wales,98,636,15000.0,1,4,14,1,1,0,1,0,99.30238330363092,1.6160611940273717,0
CUST10156,64,Male,East_Midlands,12,639,57346.323337306036,54,0,14,5,1,1,1,0,159.38720225109415,11.945709750166152,0
CUST10157,72,Male,East_Midlands,100,700,25278.438537869482,55,0,24,3,1,1,0,1,71.78337688530293,3.355369962449509,0
CUST10158,49,Male,Wales,72,726,46047.220838756344,50,3,19,5,1,1,0,0,123.19726879571425,3.0343114048939555,1
CUST10159,73,Male,East_Midlands,30,679,29312.070265520237,5,0,24,3,1,1,1,0,227.63890388734654,6.059816203983974,0
CUST10160,57,Male,Yorkshire,23,735,55718.08702219619,7,0,22,1,1,1,1,0,53.19417268165486,8.17238765678238,0
CUST10161,36,Female,South_East,102,805,30172.687831747604,1,0,23,2,1,0,1,0,104.9335964411613,3.6146182065363486,0
CUST10162,46,Male,North_West,103,704,33606.32406600132,50,0,16,5,1,1,1,0,142.41719617586583,9.378141235005494,1
CUST10163,70,Female,South_West,24,774,44779.62177988414,1,0,8,4,1,1,1,0,20.933722401319116,2.2081261096046836,0
CUST10164,48,Female,West_Midlands,113,744,56863.68929455456,1,0,22,2,1,1,1,1,206.68686755032778,7.947940303982727,0
CUST10165,73,Female,East_Midlands,76,596,26911.721573699608,4,1,9,2,1,1,0,0,161.09309159348933,1.9963209265210533,0
CUST10166,26,Male,London,21,720,38680.86500450325,10,0,17,4,1,0,0,0,194.6035165318382,9.385111344353042,0
CUST10167,61,Female,South_West,105,558,59518.87265857187,155,0,16,2,1,1,1,0,96.49813279427363,3.081388323953898,0
CUST10168,61,Male,South_West,44,805,56963.95132010109,1,3,14,5,1,1,0,1,94.61050313312172,14.26830439911333,0
CUST10169,27,Male,Yorkshire,46,750,40810.39677721552,0,0,21,2,1,0,0,0,108.08947235501552,3.471555078999018,0
CUST10170,64,Female,South_East,81,450,27190.28111411496,2,3,20,4,1,1,1,0,103.36884707421788,4.818406374782867,1
CUST10171,60,Female,East_Midlands,117,705,38789.47928888542,1,0,1,3,1,1,0,1,129.99220303862248,4.751537486932741,0
CUST10172,40,Female,Scotland,44,712,34786.21084861511,3,2,2,2,1,1,1,0,140.2626360574527,4.249270939830191,0
CUST10173,24,Female,Wales,106,742,23043.60219332322,5,0,16,5,1,1,1,0,54.320761581694846,1.2243650975781386,0
CUST10174,58,Female,Wales,46,778,35228.81344566967,1,0,28,2,1,1,1,0,173.78247331889705,4.840666469376361,0
CUST10175,63,Male,London,69,615,47186.43164801458,0,0,18,2,1,1,0,0,143.74489126148907,3.641194932378882,0
CUST10176,65,Male,South_West,56,634,26170.846048226518,9,4,18,3,1,0,0,1,129.70159192935188,5.332076004779685,1
CUST10177,25,Male,North_West,94,709,24720.908243480022,4,1,24,1,1,1,1,0,223.93890376931637,6.257788220065756,0
CUST10178,72,Female,West_Midlands,72,720,43802.3311959413,9,0,18,3,1,1,0,1,59.752429273725994,2.044757040339112,0
CUST10179,47,Male,East_of_England,35,674,35107.666357287875,0,0,22,2,1,1,0,0,70.55212505795711,2.3246162956016816,0
CUST10180,58,Female,East_Midlands,5,739,36791.79844454501,2,3,28,2,1,1,1,1,46.60478386928427,6.896801910193089,0
CUST10181,72,Female,South_West,71,608,32004.010735798838,63,0,14,4,1,0,1,0,265.1209833092288,4.540461547904399,1
CUST10182,32,Male,South_West,99,549,63199.99936483876,1,0,21,5,1,0,1,0,56.3487746082627,3.885276126591044,0
CUST10183,58,Female,East_of_England,57,667,28003.12552284881,81,4,18,5,1,1,0,0,138.4244161219193,2.556140628666457,0
CUST10184,58,Male,North_West,69,670,62015.051977088915,2,0,2,5,1,1,1,0,21.299844441022405,2.3401041373103393,0
CUST10185,27,Female,London,32,676,44007.7864142926,97,0,7,1,1,0,1,1,77.57742447106449,3.2039060288736287,0
CUST10186,68,Male,Scotland,36,815,53319.39366436369,14,0,14,1,1,1,0,1,261.74867188573523,8.276402917583374,0
CUST10187,72,Female,Wales,64,733,15000.0,77,0,8,4,1,1,0,0,117.88942537709069,2.264199980349409,0
CUST10188,74,Male,North_West,97,772,45710.440423312386,9,0,19,1,1,1,1,0,7.860649228531487,10.217456947064845,0
CUST10189,39,Male,West_Midlands,115,709,26560.76627679196,35,0,22,3,1,1,1,1,125.26760434835035,4.25459456199061,1
CUST10190,45,Female,South_East,78,705,48106.92981731887,37,0,15,5,1,1,1,0,79.96735952455958,0.728453563875822,0
CUST10191,31,Female,Yorkshire,87,727,66711.70441025529,32,0,22,4,1,1,1,0,82.9526229625953,2.7350072965096492,0
CUST10192,58,Male,Scotland,49,616,54945.64670692158,0,0,14,3,1,1,1,1,62.613013893706,4.286816307586958,0
CUST10193,44,Male,North_West,29,540,73591.41887741217,6,0,14,3,1,1,1,1,73.52879192827211,1.22229160091162,0
CUST10194,46,Female,North_West,68,741,19641.315376365805,164,3,21,1,1,1,1,1,112.47925229749757,1.6884266112640547,0
CUST10195,24,Male,Wales,49,627,48075.58095923827,13,0,22,2,1,0,1,0,131.59829633092582,3.04250908459029,0
CUST10196,32,Female,Yorkshire,4,521,50534.86982543593,18,0,13,5,1,0,0,0,190.3015952564089,14.273044767927631,0
CUST10197,50,Female,Yorkshire,75,726,17137.474671393313,1,0,25,2,1,0,1,0,29.552933665142824,1.4779160348827471,0
CUST10198,23,Male,South_West,107,745,18267.56499608747,57,3,24,4,1,1,1,0,154.66078155077284,2.9517952150831563,1
CUST10199,35,Female,East_Midlands,98,768,29978.33110953065,5,0,20,3,1,0,0,0,37.01480830794514,5.702715118849796,0
CUST10200,38,Male,South_West,112,548,65847.10971543222,3,0,19,4,1,0,0,1,133.44048523540192,4.6202254430269925,0
CUST10201,69,Male,Scotland,88,708,44942.23692526877,0,2,16,1,1,0,1,1,83.10235708642547,6.287878641526151,0
CUST10202,22,Female,South_West,42,629,31898.223439191843,5,0,18,3,1,1,0,0,219.9737237651975,0.2677834351882499,0
CUST10203,47,Male,Yorkshire,81,646,17406.470210808326,49,4,20,3,1,1,0,0,189.04350951233982,5.396421809045853,0
CUST10204,36,Female,Yorkshire,118,687,54641.738887044994,4,0,15,1,1,0,1,1,455.8517459786299,13.592003783641587,0
CUST10205,46,Female,Yorkshire,39,719,40221.361025318554,37,4,20,2,1,1,0,1,50.10579014892491,4.272119186597958,1
CUST10206,60,Male,London,32,751,46824.06426869287,89,0,19,4,1,0,1,0,162.89921218121867,3.482329597446841,1
CUST10207,58,Female,South_West,45,581,36958.44099266494,1,0,17,3,1,1,0,0,121.46932109915218,3.5583531450791597,0
CUST10208,20,Female,South_West,83,633,38576.74513358112,43,0,8,3,1,1,1,0,99.52984728960082,1.0167141867473823,0
CUST10209,26,Female,West_Midlands,58,630,28807.1523512556,47,1,18,5,1,1,1,0,10.711655697812708,5.229239814041337,0
CUST10210,23,Female,Yorkshire,29,733,29871.139869451054,0,0,22,3,1,0,1,0,69.42085316311213,6.121497755090653,0
CUST10211,74,Male,East_Midlands,40,720,17957.597479938744,86,0,19,5,1,0,1,1,92.44817637182203,1.0774054601886456,1
CUST10212,49,Female,East_of_England,113,711,52608.98508360165,1,0,25,3,1,0,1,1,45.951068718787795,1.0560135292466823,0
CUST10213,32,Male,Scotland,79,755,22180.985106390835,1,0,16,4,1,0,1,0,162.03070806217124,4.077408308042757,0
CUST10214,49,Male,London,35,679,43400.0355239173,6,0,17,2,1,0,1,1,266.4127377022567,1.1411669372825888,0
CUST10215,55,Female,London,48,683,45980.809048428666,6,0,22,3,1,0,1,0,213.526579934041,6.472477524687591,0
CUST10216,65,Male,South_East,117,695,46575.409892199874,41,0,24,4,1,1,1,1,302.8749086029048,5.5439207033732,0
CUST10217,60,Female,East_of_England,25,754,29826.203372223303,4,0,21,4,1,1,1,1,257.4384111307588,4.842155188516198,0
CUST10218,59,Male,Yorkshire,84,674,36410.19783612501,4,0,20,3,1,1,1,1,207.84614379481224,7.9875492524921174,0
CUST10219,24,Male,Scotland,4,482,41855.868868965226,133,0,35,1,1,1,0,0,187.80530368856517,1.9232935821150963,0
CUST10220,73,Female,Scotland,90,726,23358.749342223247,9,0,31,5,1,1,0,0,97.11456335162781,2.4071926138122484,0
CUST10221,37,Female,South_East,116,710,34802.080484008504,0,0,23,3,1,0,1,0,171.28364299084933,3.1598612077609594,0
CUST10222,72,Male,Scotland,57,744,58512.671910226985,6,1,27,4,1,1,0,1,113.72700004955172,0.45986765695634857,0
CUST10223,37,Female,London,50,437,32191.61906350033,118,0,21,2,1,1,1,0,114.5025369492229,2.1407351461322484,0
CUST10224,27,Female,South_East,39,679,20619.853468173987,37,0,1,5,1,1,0,1,36.65536790839467,6.397276162294656,0
CUST10225,45,Female,East_Midlands,46,672,34199.22668911943,46,0,15,5,1,1,0,0,335.99289141867246,3.803707483670112,1
CUST10226,29,Female,South_East,40,705,23585.085006494355,0,4,4,5,1,0,0,1,191.16027698988515,3.329831993593953,0
CUST10227,52,Male,Scotland,48,742,54958.305525276744,3,0,20,2,1,1,1,0,164.76145865806345,2.272181054195122,0
CUST10228,73,Male,North_West,92,786,39856.38763293794,123,6,17,3,1,1,1,0,104.90717375631705,2.635815225246296,1
CUST10229,29,Male,East_of_England,49,741,58574.55533293624,170,0,14,3,1,0,0,0,168.051535935234,5.868281567350485,0
CUST10230,59,Male,West_Midlands,114,720,34237.60365510092,1,0,17,1,1,1,1,1,80.19333445270091,0.4085680238743619,0
CUST10231,56,Female,Wales,101,670,33693.77538614339,3,1,17,1,1,1,0,1,211.5079409116104,8.293163365021067,0
CUST10232,36,Male,Scotland,116,717,31228.030875529632,3,0,5,4,1,0,1,0,441.6335182277543,12.579867647953744,0
CUST10233,18,Female,East_of_England,107,622,30333.10158666612,31,0,4,3,1,0,0,1,290.5085286725917,1.437658548673471,0
CUST10234,68,Female,Scotland,54,730,26177.051992332137,107,0,28,1,1,1,1,0,74.39231038785572,0.797217655287264,0
CUST10235,45,Male,South_East,66,705,63136.65443602217,1,0,22,4,1,1,1,0,364.4695232646582,1.7679236173720128,0
CUST10236,45,Female,Yorkshire,1,450,33129.5375933034,0,0,23,2,1,0,0,1,248.4509403220523,2.8351265384308637,0
CUST10237,71,Female,Wales,106,645,40365.03136204529,2,1,20,2,1,1,0,0,209.1856204368786,2.403303003168669,0
CUST10238,19,Male,East_Midlands,30,682,24864.12640134894,7,0,7,3,1,1,1,1,60.26351412894034,0.5636767265649743,0
CUST10239,63,Female,London,25,608,52289.19796580143,6,0,17,4,1,1,0,0,135.5217082618345,6.1783936814129845,0
CUST10240,22,Male,Scotland,109,709,44468.964194844404,4,0,27,5,1,0,1,0,49.54138667212104,3.861013276425293,0
CUST10241,29,Male,Wales,39,775,40259.48938015535,32,0,22,5,1,1,1,0,39.19638195932364,10.325770731331442,0
CUST10242,39,Male,Scotland,40,482,30120.46933012823,90,0,14,5,1,0,0,0,31.896997114647043,6.650377735720118,0
CUST10243,34,Female,Wales,118,695,19776.735869787895,99,0,18,3,1,0,0,0,2.426105654048983,9.365034948055547,0
CUST10244,37,Male,East_Midlands,6,676,29568.490206657047,49,0,22,3,1,0,0,1,141.2013710901348,4.341094559044345,0
CUST10245,65,Male,East_of_England,44,651,43053.37798362365,0,0,5,1,1,1,1,0,280.4504722110237,3.9633115457478367,0
CUST10246,19,Female,Wales,31,726,19792.879162280286,3,0,4,3,1,0,0,1,126.38426387383198,5.41507044025542,0
CUST10247,22,Female,Yorkshire,117,687,69754.8868528385,129,0,22,5,1,1,1,1,42.669285613139095,0.38910990489455366,0
CUST10248,73,Female,North_West,63,712,66373.51753233987,0,0,5,5,1,1,1,0,69.24604367438546,3.4430366388841915,0
CUST10249,58,Female,Scotland,73,764,21021.632522329135,2,0,19,2,1,1,0,0,36.94471759084367,6.300524207625182,0
CUST10250,58,Female,London,25,683,55242.22307044851,2,4,18,2,1,1,0,0,363.55427083044225,6.5759174386525485,0
CUST10251,68,Female,Wales,18,674,20835.341731689914,1,0,17,3,1,1,0,1,132.17014906328637,2.974686411018676,0
CUST10252,24,Male,East_Midlands,63,504,50955.5167282969,44,4,23,4,1,1,0,0,11.447843907019767,5.723291621286601,1
CUST10253,29,Female,London,101,723,28452.485769332394,1,0,28,2,1,1,1,1,225.46375491803502,5.477082327920999,0
CUST10254,72,Female,East_of_England,116,525,71272.52367695843,3,0,16,4,1,0,1,0,161.08982010074843,3.9192194110620324,0
CUST10255,26,Female,East_Midlands,103,495,23449.99046258234,4,0,24,3,1,1,1,0,29.975559159363403,2.7488607491224295,0
CUST10256,46,Female,South_East,44,681,51905.57845414417,5,2,18,5,1,1,0,0,399.01816241788083,0.7515573425205275,0
CUST10257,28,Male,Wales,119,596,29358.43683135264,5,0,22,5,1,1,1,0,53.60672061033754,2.341355578311278,0
CUST10258,33,Male,East_of_England,2,477,18248.200582043428,10,0,21,4,1,1,1,0,398.611232284812,6.989744133561083,1
CUST10259,37,Female,South_East,114,648,24461.37602129148,4,0,16,3,1,1,0,0,164.02795235048902,1.317253287375866,0
CUST10260,68,Male,Yorkshire,36,559,29192.379133424343,0,0,20,1,1,1,1,1,58.253325768907374,11.901365575915836,0
CUST10261,73,Female,South_East,70,597,49452.508409123315,0,0,21,4,1,1,1,1,25.53039199214226,7.672794218851715,0
CUST10262,29,Female,North_West,16,742,35124.0918517882,64,0,4,5,1,1,1,0,0.6921045403778787,11.344718791183618,1
CUST10263,37,Male,East_of_England,35,667,38319.669177752774,0,1,23,5,1,1,0,0,58.752542176572256,4.264346366265027,0
CUST10264,28,Male,South_East,39,630,35860.62121073061,4,0,17,5,1,1,0,0,153.53347005061758,0.4999655362296084,0
CUST10265,68,Female,London,118,480,28287.057229153022,1,0,7,3,1,1,1,0,211.90384368173122,10.753040986165626,0
CUST10266,59,Male,East_of_England,90,804,35540.85150200969,1,0,15,3,1,1,0,0,51.97243585444153,6.7363238953889635,0
CUST10267,36,Female,Wales,64,760,49148.39997535492,178,2,10,4,1,1,1,1,235.99169218513995,0.904030284598528,1
CUST10268,60,Male,London,51,659,31267.29335943052,4,3,23,1,1,1,1,0,110.53433297756692,6.5348620928002354,1
CUST10269,74,Male,West_Midlands,26,709,17963.484040395597,44,0,21,1,1,0,0,0,108.24711002777548,2.76613511100075,1
CUST10270,59,Male,West_Midlands,47,442,26256.255551255417,5,0,26,2,1,1,1,0,486.30510747354543,5.597476029350905,0
CUST10271,70,Female,North_West,60,506,31425.173916214335,55,0,21,2,1,0,1,0,135.80469896313716,2.9583578875231216,0
CUST10272,69,Male,East_Midlands,43,661,51259.40794432515,31,0,16,2,1,0,1,1,138.9536961323999,4.69435499890061,0
CUST10273,19,Male,West_Midlands,108,750,24258.80866307293,2,3,20,4,1,1,1,1,178.87538706427958,6.289348350130663,0
CUST10274,48,Female,South_East,101,727,42594.40022283314,0,0,19,3,1,1,1,1,83.36152752814236,5.441894514982488,0
CUST10275,50,Female,Yorkshire,108,426,32714.756468617663,4,0,2,3,1,1,0,0,101.08709608139738,1.134027853323754,1
CUST10276,49,Male,Yorkshire,92,697,36099.1749349296,58,0,26,2,1,1,0,0,95.30074000457977,4.654202348260763,1
CUST10277,32,Male,Yorkshire,35,469,29165.2571904864,3,0,3,4,1,0,1,1,154.808812426219,0.18624147142002462,1
CUST10278,32,Female,Wales,71,700,84243.71459556972,9,0,6,1,1,0,0,0,192.0945702335482,1.4380060863622819,0
CUST10279,42,Male,London,18,812,52505.92997154776,13,1,24,5,1,1,0,0,101.26389115720139,2.7489505819990887,0
CUST10280,62,Female,West_Midlands,13,757,21926.087201299582,0,4,32,2,1,0,1,1,180.83893451070938,7.391784329232866,0
CUST10281,72,Male,Scotland,86,497,18382.349924774902,1,0,25,3,1,1,1,0,284.38060888654786,1.9291607974895348,0
CUST10282,52,Male,Yorkshire,40,716,15002.661299049556,8,0,23,4,1,1,0,1,167.6848235538753,2.0241214224857345,0
CUST10283,47,Female,West_Midlands,77,670,66103.21567347652,0,0,20,1,1,0,1,1,404.94206448401445,2.4769515985545434,0
CUST10284,57,Male,Scotland,112,449,31268.802060228583,0,3,18,5,1,1,1,0,45.30671214173203,4.05210637080473,1
CUST10285,55,Male,South_West,6,607,37259.672340513964,4,1,20,3,1,1,0,1,93.2743221015615,1.9013936558069364,0
CUST10286,42,Male,London,16,696,55811.052659289286,61,0,20,2,1,1,1,0,277.0804426828169,5.934240741098511,1
CUST10287,38,Male,South_West,70,452,27172.51630820537,1,3,19,2,1,0,1,0,145.3837203009471,6.460644004357042,1
CUST10288,34,Male,South_East,16,782,24049.69060230816,2,0,18,3,1,0,1,0,386.9190250762391,5.96158458216808,0
CUST10289,28,Male,North_West,99,658,31035.25580842506,116,0,3,5,1,1,1,0,34.027624137679595,7.280233380565038,0
CUST10290,42,Female,West_Midlands,31,739,48720.492844266504,2,0,29,2,1,1,0,0,90.0073462607396,3.6875314173687244,0
CUST10291,37,Male,West_Midlands,64,769,22077.846301238867,2,0,14,4,1,1,1,0,365.3139702844606,6.403341749836132,0
CUST10292,57,Female,East_Midlands,51,468,27133.61850342913,2,0,18,2,1,1,1,0,247.48299086207788,2.5448462482765906,1
CUST10293,51,Male,West_Midlands,28,720,42164.73233219342,9,0,7,3,1,0,1,0,157.75098046162717,9.323415312514244,0
CUST10294,44,Female,Scotland,80,637,34197.32844925618,8,1,7,4,1,1,1,1,180.513562590918,2.799170415539736,0
CUST10295,52,Male,North_West,116,413,76172.26939759588,2,0,28,5,1,0,0,0,99.71294285914404,5.445367123458601,0
CUST10296,64,Male,Wales,77,730,25983.882436179807,2,0,22,1,1,1,1,0,116.61803290849028,4.603562014516727,0
CUST10297,42,Male,London,38,681,34186.620001036725,3,0,1,2,1,1,0,0,72.77230952213256,8.276653046954323,1
CUST10298,19,Female,London,4,585,32396.268364478772,51,0,22,5,1,0,1,0,284.1946478507792,7.300367342845009,0
CUST10299,39,Female,Wales,64,660,50566.30834555317,1,0,13,5,1,0,0,1,78.13666551591935,4.667760354830271,0
CUST10300,45,Male,Scotland,106,685,20137.663511080857,52,0,20,1,1,1,1,0,154.4573470127224,4.73600923045341,0
CUST10301,60,Male,North_West,39,739,39324.326667002904,85,0,19,2,1,1,1,0,141.78311664005452,5.127473982208572,0
CUST10302,37,Male,Wales,88,698,29109.843630623367,21,0,6,3,1,0,1,0,63.542112295561104,2.164245437100312,0
CUST10303,51,Female,East_of_England,65,667,23800.664996001822,62,0,20,1,1,0,0,0,47.96974960484652,4.965155105682832,0
CUST10304,38,Female,North_West,53,722,21670.007779734176,1,0,3,4,1,1,1,0,62.809008882965536,0.0950579786572592,0
CUST10305,62,Male,North_West,68,482,31715.72861724856,9,0,20,3,1,1,1,1,348.8681548535407,3.4529377183775485,0
CUST10306,40,Male,South_East,26,631,29100.915210222454,72,3,19,5,1,1,1,1,91.47689885821623,3.7799547345533773,0
CUST10307,58,Male,Wales,41,720,58264.97600511581,14,0,6,1,1,1,0,1,177.58484989082584,8.484960190413881,0
CUST10308,64,Female,West_Midlands,42,428,31733.390858689436,36,0,25,3,1,0,0,0,278.1464165846467,12.240505137028537,0
CUST10309,43,Female,South_West,97,692,43491.05229105689,8,3,3,3,1,0,0,0,206.79640417764907,4.899434980278283,1
CUST10310,67,Female,South_East,112,629,32015.04753700395,3,3,16,2,1,1,0,0,158.5604353862594,12.106709249751654,0
CUST10311,35,Female,Wales,20,476,70872.17492690375,3,3,24,4,1,0,1,0,384.51960390359096,3.43814644309306,1
CUST10312,19,Male,Yorkshire,97,616,15000.0,84,1,18,2,1,1,1,0,18.86932940763895,5.92829016689455,0
CUST10313,53,Male,Scotland,16,725,31325.497499242665,6,1,21,2,1,1,1,0,121.01440500242067,16.535526866040204,0
CUST10314,37,Male,South_West,63,466,36096.38396955612,5,0,14,3,1,1,0,0,116.72379586373218,6.198729695653006,0
CUST10315,53,Female,East_Midlands,40,649,49073.42505981342,3,0,14,4,1,1,1,1,41.67324318524464,13.85523606884572,0
CUST10316,35,Male,Wales,12,696,36151.073544522806,2,0,29,4,1,1,1,1,165.42254817545734,9.531934445806689,0
CUST10317,22,Male,Wales,23,742,31737.074047591977,107,0,15,3,1,1,1,0,151.42186578451313,6.549315888761852,1
CUST10318,63,Female,London,34,606,49391.61097263645,5,0,30,1,1,0,1,0,190.0007243198271,6.1782974999580205,0
CUST10319,29,Male,East_of_England,81,751,26010.999113776146,0,0,21,5,1,1,1,1,190.4291011230752,10.292902485187703,0
CUST10320,46,Male,South_West,106,782,44478.04530849183,3,0,20,4,1,0,1,0,275.15366839144684,4.237688070031927,0
CUST10321,23,Male,Yorkshire,17,624,28592.38969704005,0,0,17,3,1,1,1,0,142.08772945387585,4.225086797007149,0
CUST10322,63,Male,Scotland,52,723,28453.876727298946,1,0,19,2,1,1,0,1,136.79873305314166,2.3475248238190867,0
CUST10323,51,Male,West_Midlands,84,696,86506.48275292254,0,0,17,2,1,1,1,0,31.615455932255532,2.3377356799090587,0
CUST10324,36,Female,Wales,82,684,54072.687703465854,0,0,26,5,1,1,0,0,55.52688363035113,2.4112324811363033,0
CUST10325,20,Male,South_West,90,652,24785.263475633183,34,2,2,4,1,1,1,1,128.59298602734415,4.937054838426483,1
CUST10326,26,Male,North_West,32,583,35018.39349542413,5,0,19,5,1,1,0,1,33.6849037836096,4.726542643581924,1
CUST10327,32,Female,East_Midlands,112,695,31159.98214981175,1,0,19,4,1,1,0,0,48.90914677576216,2.8867505046567428,0
CUST10328,33,Female,Scotland,31,705,65418.3068376394,3,0,3,5,1,1,1,1,28.307388391849372,1.885834398864115,0
CUST10329,31,Female,West_Midlands,75,567,34703.91353788494,50,0,19,1,1,0,1,1,147.70291209963855,6.72416617966646,0
CUST10330,71,Male,London,4,710,28065.245447580015,31,0,17,2,1,1,1,1,112.59871231557683,3.0761697254147986,1
CUST10331,62,Male,East_Midlands,50,749,25945.592518187,4,4,21,4,1,1,0,0,212.5817664637475,1.9181999525182243,0
CUST10332,40,Male,West_Midlands,2,628,18969.479912550203,0,1,21,1,1,0,0,1,259.9182728221236,9.767345426867134,0
CUST10333,32,Male,South_West,27,703,19780.179302304867,19,1,21,4,1,1,1,0,4.124805803344634,7.294020411043705,0
CUST10334,40,Female,London,118,753,42263.80236931678,28,0,13,5,1,1,1,0,59.170684607508335,0.7988735308862078,0
CUST10335,70,Female,Yorkshire,68,642,57334.140512329424,72,0,16,2,1,0,1,1,86.89006151326133,3.0379651228898785,1
CUST10336,66,Female,North_West,9,692,47167.04625597462,41,0,23,1,1,1,1,0,84.13853030268154,5.437887183154389,1
CUST10337,33,Male,Wales,56,692,53589.571075990425,52,3,18,5,1,1,1,0,136.76240403476783,0.7912200507051579,0
CUST10338,55,Female,London,109,730,22714.01414935677,50,1,21,4,1,0,0,0,76.77817541039948,3.387986594476342,0
CUST10339,34,Male,South_West,27,739,31707.39498983484,145,1,5,4,1,1,0,1,23.874754453612553,5.6688823606045045,0
CUST10340,22,Female,East_of_England,18,683,32231.393341543582,1,0,13,2,1,1,1,0,295.5449471873104,2.4917391844194725,0
CUST10341,36,Male,North_West,109,771,28682.517588815917,2,0,24,1,1,1,1,0,205.58828398377685,2.6171105325688986,0
CUST10342,25,Male,South_East,54,679,44787.37937611201,38,3,23,2,1,1,1,1,65.08868066693567,3.445582974969744,0
CUST10343,21,Male,London,79,737,19353.336179214155,10,1,5,1,1,0,0,0,40.12799348037657,4.4261787403451365,0
CUST10344,24,Male,West_Midlands,62,708,46019.2973301676,87,0,24,1,1,1,0,0,213.96050554099003,11.307978081773582,0
CUST10345,67,Male,West_Midlands,101,775,20057.879218752052,0,0,25,2,1,0,0,1,105.88213355276572,4.0728112934504805,0
CUST10346,49,Female,North_West,74,661,26378.00279785292,41,0,13,1,1,0,1,1,76.46386142530629,1.3086421346383879,0
CUST10347,61,Female,North_West,89,668,44262.02042238777,15,1,17,5,1,1,1,1,165.92279441861766,1.4842606096164943,0
CUST10348,64,Female,East_of_England,107,756,49221.48029343165,6,0,19,3,1,0,1,0,85.11374427762591,0.6500080169847987,0
CUST10349,57,Male,London,118,734,18686.687179451637,21,0,27,3,1,1,1,1,180.3329770412472,13.034030834038798,0
CUST10350,23,Female,North_West,41,707,30324.133400352883,3,0,19,4,1,0,1,0,43.26341546569278,1.9909345187290393,0
CUST10351,66,Male,South_East,93,720,68724.17141880779,13,0,24,1,1,0,1,0,124.73680318432658,2.6900241733654333,0
CUST10352,35,Female,North_West,87,501,26670.557268850436,0,0,17,1,1,1,1,0,144.4730622718863,1.8969818472739808,0
CUST10353,44,Female,South_East,94,720,28481.529970345677,5,0,14,5,1,1,1,1,89.79327351287347,9.192119545258961,0
CUST10354,73,Male,East_Midlands,64,479,15000.0,3,0,26,5,1,1,1,0,261.4498962831547,8.010314799098111,0
CUST10355,20,Male,Scotland,63,766,55976.58054870759,18,0,27,4,1,1,1,1,85.81324918265021,5.096422659265229,0
CUST10356,20,Female,East_Midlands,74,712,32858.85734924983,7,1,19,5,1,0,1,1,310.0518179446477,1.5524923671145303,0
CUST10357,38,Female,South_East,66,661,54085.01780946989,42,0,19,2,1,1,1,1,183.57305619769,2.2170775775194884,0
CUST10358,46,Male,South_East,112,599,61155.71501041873,2,3,23,1,1,1,1,0,145.4304836912253,3.2191094502755973,0
CUST10359,26,Male,South_West,91,757,48963.4381091654,1,0,25,4,1,1,0,0,315.20575131164037,6.735219076028188,0
CUST10360,59,Male,London,52,715,39281.76389454992,1,0,17,1,1,1,1,0,406.9639231333207,9.6050341060397,0
CUST10361,64,Male,Yorkshire,3,676,25898.45042195233,101,0,3,4,1,0,1,1,186.60228233850958,3.1592701797430065,1
CUST10362,32,Male,Yorkshire,98,699,32439.266457004218,18,0,16,3,1,0,1,0,122.5675265691993,9.790628822986374,0
CUST10363,65,Female,London,79,692,44157.4672872998,37,0,26,4,1,1,0,0,38.13567992774373,1.7286487146486826,0
CUST10364,36,Male,North_West,65,729,106612.00856350278,3,0,25,5,1,0,1,0,43.75080902388863,6.1707011718537235,0
CUST10365,61,Male,West_Midlands,103,675,32718.3729004082,12,0,20,4,1,1,0,1,39.339446624239244,6.001130624275312,0
CUST10366,54,Female,Scotland,82,456,32165.829519157774,19,1,16,4,1,1,0,0,48.91207581553631,14.125797473398102,0
CUST10367,26,Male,Scotland,62,706,39860.794390982315,87,0,16,1,1,1,1,0,208.58195517470944,10.81636509837772,0
CUST10368,62,Female,Yorkshire,106,628,39645.03247615365,8,0,22,2,1,1,1,1,110.77370882325306,2.185012722388409,0
CUST10369,46,Female,West_Midlands,3,731,27936.643772378826,33,1,20,1,1,0,0,0,61.72935722104736,4.257949122616785,1
CUST10370,35,Male,Scotland,77,705,38356.09589746815,37,1,17,5,1,1,1,0,387.88602944323674,2.8494332462818344,0
CUST10371,60,Female,Scotland,60,669,52606.38346654985,2,4,25,1,1,0,1,1,148.47309733884956,5.346096915758684,0
CUST10372,47,Female,Wales,8,689,27940.960056183587,4,0,22,2,1,1,1,0,323.0467435894613,2.7221112412079913,0
CUST10373,36,Male,Scotland,97,641,47509.22936305159,0,0,23,2,1,0,0,1,77.34532276645524,2.0834139606344424,0
CUST10374,43,Male,London,16,400,38257.949493161206,64,0,3,5,1,0,0,1,124.31152708226846,4.768581738025704,1
CUST10375,27,Female,South_East,17,688,19021.299375167466,12,0,21,2,1,1,0,1,104.07958870668251,6.8743317172476885,0
CUST10376,32,Male,East_Midlands,52,607,47811.7039394399,48,0,22,2,1,0,0,0,96.21995928787629,3.9110422758351318,0
CUST10377,18,Male,South_East,91,472,36631.976843952405,4,0,17,5,1,1,1,0,53.93437058741524,7.786654792986689,0
CUST10378,19,Male,Yorkshire,24,756,40024.08556725054,1,0,19,2,1,0,1,1,241.58681771086756,6.109064936818566,0
CUST10379,40,Female,South_West,21,675,30965.39396674322,7,0,17,2,1,1,0,1,288.16418467137487,2.6282389885616513,0
CUST10380,63,Male,Yorkshire,86,701,46348.33358642973,5,0,18,5,1,1,0,0,133.0360592340588,4.045559940281401,0
CUST10381,40,Male,London,2,793,38135.30989164838,3,0,31,2,1,1,0,1,78.64991049329893,0.4467792815234607,0
CUST10382,50,Female,Yorkshire,1,805,35598.11401566599,32,0,20,3,1,1,1,0,93.40608364389072,5.792745965277659,1
CUST10383,50,Male,South_East,72,723,82738.53208501171,71,0,16,2,1,1,1,1,151.23808121188583,3.7680229223037687,0
CUST10384,33,Male,East_of_England,41,704,29866.61705080683,0,0,27,2,1,0,0,0,152.03200207361238,8.418314485911248,0
CUST10385,34,Female,London,23,751,47015.61619007978,0,0,20,5,1,1,1,1,126.88598674474125,4.08894386956956,0
CUST10386,34,Female,South_West,19,760,15724.679781431392,56,0,25,3,1,1,1,0,145.91978725908515,7.321313283144038,1
CUST10387,29,Male,Scotland,35,483,44480.58624713545,183,0,5,4,1,1,1,1,119.52466655005381,4.132298934604679,1
CUST10388,72,Male,South_West,1,432,35000.89809526437,82,0,22,5,1,0,1,0,200.34004153699965,2.073277164884923,1
CUST10389,57,Female,East_Midlands,36,682,47671.36501005767,1,0,14,2,1,1,0,0,106.71806891719187,4.123370842822406,0
CUST10390,28,Female,East_of_England,31,743,25649.469894826332,0,0,20,1,1,1,0,0,129.95728610449785,11.06173538330461,0
CUST10391,32,Male,Scotland,116,567,47773.95514403125,1,0,12,3,1,0,1,0,111.78042749359858,0.34912884427185403,0
CUST10392,52,Female,Wales,11,673,33044.55343543213,10,0,15,4,1,0,0,1,72.94425541232646,4.353109645512924,0
CUST10393,21,Female,North_West,92,743,15000.0,0,0,4,3,1,1,1,0,97.5605958608712,1.1707355742379035,0
CUST10394,32,Male,Scotland,23,750,49723.67476406275,1,0,15,5,1,0,0,0,96.89704803181907,3.444326623219946,0
CUST10395,51,Male,South_West,40,665,38894.33228115007,8,2,23,1,1,1,0,1,166.80208432286622,4.341868149383583,0
CUST10396,70,Female,London,72,748,41458.93107901267,88,1,17,4,1,0,1,1,282.39398326526424,2.375591901943176,1
CUST10397,56,Male,Yorkshire,92,648,37030.44390733426,2,0,23,4,1,1,0,0,9.647310821321469,4.245150268333103,0
CUST10398,36,Female,East_Midlands,58,608,15000.0,2,0,16,1,1,1,1,0,125.88519118903788,6.648750300950628,0
CUST10399,45,Male,North_West,85,544,15115.839696645113,3,0,1,3,1,0,0,0,85.55895765615678,6.1780220554598575,0
CUST10400,47,Female,East_of_England,2,519,87746.9012492891,36,0,17,5,1,0,0,0,280.79740501937295,8.66740674665029,1
CUST10401,59,Male,Wales,98,516,24876.00430916633,95,0,3,1,1,0,0,0,96.60765790522599,1.6483940565314334,0
CUST10402,28,Female,South_East,48,683,27152.391776836583,10,0,23,1,1,0,1,0,2.4450829850828724,4.738479825220354,0
CUST10403,22,Male,Wales,10,642,46426.72253867156,2,0,6,3,1,1,0,0,703.0639947037185,6.533821507209025,0
CUST10404,28,Male,London,62,694,48269.937400205825,1,0,10,2,1,0,1,0,733.5656972828383,3.47025885586132,0
CUST10405,24,Male,Scotland,22,449,43673.95366267183,11,2,22,5,1,1,0,0,130.61237327176204,5.155198081202172,0
CUST10406,62,Female,Scotland,77,703,30041.275864665324,59,1,20,4,1,1,1,0,144.22905168198363,0.1974058412108104,0
CUST10407,25,Male,Yorkshire,96,616,59978.13417117744,2,0,20,3,1,0,1,1,393.15264081653,4.892137786283692,0
CUST10408,62,Male,Wales,39,752,44339.81569163097,0,0,23,1,1,1,1,0,22.313534675552653,1.7635304298676566,0
CUST10409,53,Female,West_Midlands,90,717,27245.059119941146,62,0,9,4,1,1,1,0,77.43759450186096,2.6496178053536883,0
CUST10410,69,Female,North_West,35,736,52752.5500939615,116,0,17,1,1,1,1,1,20.271402831831224,6.459746779838861,0
CUST10411,26,Male,South_West,58,622,82602.51245121706,14,0,20,3,1,1,1,1,165.8598185175289,6.809392581264097,0
CUST10412,61,Male,North_West,34,679,36302.044809547166,72,1,19,1,1,1,1,0,81.00552226407387,7.029936453575657,0
CUST10413,58,Female,South_East,62,646,32973.61222532545,5,0,8,2,1,1,1,0,199.97467639191018,10.31239247239884,0
CUST10414,65,Male,East_of_England,18,628,60036.66580702352,6,0,33,1,1,1,0,0,122.27421513046316,4.741881305129086,0
CUST10415,45,Male,Wales,57,682,53071.92867757309,2,4,25,5,1,0,0,1,172.14694400452748,7.52663002314126,0
CUST10416,32,Female,Yorkshire,57,502,30398.00842523338,104,0,25,3,1,1,1,0,78.37602593041468,4.459572215520363,1
CUST10417,28,Female,East_Midlands,88,511,44996.50657183574,82,0,12,5,1,1,0,0,124.90771294639363,8.860435725932833,0
CUST10418,23,Male,Scotland,18,702,51194.84225610569,69,0,23,1,1,0,0,0,224.61881497343154,3.8768683649001456,1
CUST10419,72,Female,Yorkshire,86,700,29100.828942365617,6,0,30,5,1,1,1,0,178.80921588160984,2.807678915727684,0
CUST10420,63,Male,West_Midlands,16,716,47415.958956789524,2,0,15,3,1,0,1,0,107.14833764178975,5.042949787034804,0
CUST10421,47,Male,West_Midlands,99,468,31737.110369768892,3,0,19,4,1,0,0,0,152.33297720737102,3.684526012476102,0
CUST10422,23,Female,North_West,100,557,33856.36134093652,4,0,14,3,1,1,1,0,167.7871267069922,5.1780684313932195,0
CUST10423,59,Male,South_West,65,474,15000.0,2,0,23,4,1,1,0,0,106.09711899152549,2.578825175868161,0
CUST10424,58,Male,East_of_England,10,537,68362.89525522741,98,1,19,3,1,1,0,0,97.35065836118982,2.618188313904243,1
CUST10425,37,Female,Yorkshire,98,713,16922.446223664258,1,0,4,3,1,0,1,1,61.36703062838644,1.474011046466377,0
CUST10426,35,Male,East_of_England,1,601,31410.12175964482,4,0,18,4,1,1,1,0,58.339497425285415,5.443861200861435,0
CUST10427,54,Female,North_West,81,548,49679.292939511484,4,0,22,2,1,1,0,0,25.170636177688184,2.1136329106564187,0
CUST10428,43,Female,East_Midlands,115,681,59791.466990607434,8,0,17,2,1,1,0,1,25.310760739418033,11.58927949690777,0
CUST10429,60,Male,Scotland,39,722,45316.56021951013,44,0,6,1,1,1,0,1,176.9478504910723,2.0780931003186316,1
CUST10430,60,Female,East_of_England,74,569,24494.840962850896,4,0,3,4,1,1,1,0,86.19931080226375,1.4922384273817713,0
CUST10431,61,Male,East_of_England,25,690,41356.40891843628,7,6,14,3,1,1,0,0,151.48036776274867,9.326595163825937,0
CUST10432,65,Male,Wales,85,685,41548.44408404516,1,0,26,4,1,1,1,1,236.16356285476323,8.297750959977893,0
CUST10433,37,Male,Yorkshire,10,655,36813.20290991356,22,0,18,1,1,1,1,0,14.177451153325297,10.707431916288492,0
CUST10434,31,Female,South_East,11,644,20384.40252553985,0,0,14,5,1,0,0,0,310.0489889441414,6.604041997808493,0
CUST10435,21,Female,Wales,100,740,35342.85210420295,2,0,24,2,1,1,1,1,171.62322603914328,7.038917359476043,0
CUST10436,65,Male,South_West,50,473,36677.52519149636,18,0,22,2,1,0,0,1,57.440422959881765,3.0044619912258295,0
CUST10437,31,Male,South_East,68,648,23158.98220027283,0,4,15,2,1,0,0,0,14.659601365279952,1.3978580014211495,0
CUST10438,42,Male,Scotland,19,786,28931.645805068998,0,1,18,4,1,1,0,0,201.9859565701201,1.3886428762053766,0
CUST10439,58,Female,Scotland,112,680,30847.512955545822,15,0,12,2,1,1,1,0,119.26873184831838,1.1708388488142394,0
CUST10440,58,Female,East_Midlands,67,703,60101.6085619045,30,0,20,2,1,1,0,1,116.82733484406087,4.62578405870549,0
CUST10441,69,Male,East_Midlands,8,770,66788.80013856998,5,0,8,4,1,0,1,0,147.01810686759745,7.162673444978239,0
CUST10442,43,Male,London,102,715,38755.65449918824,0,0,22,2,1,1,0,0,472.7525190773002,4.049685207309419,0
CUST10443,37,Male,West_Midlands,15,532,50538.958286671645,7,0,17,1,1,0,1,0,80.22852400047202,5.538708258997659,0
CUST10444,70,Female,Yorkshire,49,691,37538.004853587714,0,0,18,3,1,0,0,1,128.59541400823403,3.503612766473596,0
CUST10445,63,Female,London,56,751,26833.619541353655,123,0,19,1,1,0,1,1,10.176898919701406,11.754341304704694,0
CUST10446,65,Male,North_West,109,736,33161.92292584171,7,4,20,4,1,0,0,0,111.77063464199769,6.581906140126978,1
CUST10447,54,Male,North_West,119,712,15000.0,4,0,24,4,1,0,1,1,43.66381886910629,7.326985690835659,0
CUST10448,61,Male,South_West,110,537,49181.4266129996,4,0,19,5,1,1,1,1,34.96831624628714,2.727590957913914,0
CUST10449,25,Male,East_of_England,69,536,20325.445308138475,3,0,7,5,1,1,1,0,97.41581938488945,0.5595038959894507,0
CUST10450,64,Female,West_Midlands,44,808,80617.9192268262,117,0,19,3,1,0,1,0,54.0113022637865,4.639519758662193,1
CUST10451,49,Female,Wales,116,495,36684.74498825551,30,0,34,5,1,0,1,1,479.1921063128963,3.456986516917363,1
CUST10452,34,Male,South_West,95,672,56952.50865980977,68,0,28,5,1,0,0,0,20.798940908373947,5.632746633205121,1
CUST10453,56,Male,North_West,28,686,31884.664301220757,1,1,2,5,1,1,0,0,109.34148043640965,7.172388863076121,0
CUST10454,43,Female,East_Midlands,94,732,21639.877483533597,11,1,20,2,1,1,0,1,117.02969802178853,14.483249043106936,1
CUST10455,20,Female,East_Midlands,35,677,42054.66578677932,3,0,26,1,1,1,0,0,568.4035171336232,1.6897588943812238,0
CUST10456,36,Female,Scotland,107,700,57450.151482638714,4,1,5,1,1,1,0,0,56.4546951663408,2.497277717513292,1
CUST10457,30,Male,East_Midlands,43,578,26309.362358882147,6,2,26,4,1,1,1,0,263.68294840762945,2.6398426473486216,0
CUST10458,62,Female,Yorkshire,61,670,34127.29920962672,16,0,18,1,1,1,0,0,21.167509761997483,10.124692610719704,0
CUST10459,25,Female,South_West,38,764,34215.05675087705,62,3,14,2,1,0,1,0,181.00207113801517,3.8997821301487816,1
CUST10460,44,Male,London,75,606,44254.049888507914,7,0,26,5,1,1,0,0,154.72001460762914,4.635023180028435,0
CUST10461,46,Female,East_Midlands,103,480,37173.377160753254,1,0,5,4,1,1,0,0,75.1739674723927,8.165689469662205,0
CUST10462,43,Male,South_East,65,714,42583.378778540595,2,0,4,4,1,1,1,1,173.8894392941407,3.3776569207277496,0
CUST10463,73,Female,South_East,31,418,31951.03358817243,0,0,1,2,1,1,1,0,6.805731027903779,4.503770057126266,0
CUST10464,45,Female,North_West,33,716,37781.44978832044,2,3,24,5,1,1,1,0,126.98732354573772,1.000570404229971,0
CUST10465,49,Female,East_Midlands,106,724,15000.0,14,0,13,2,1,1,1,1,105.80860929650656,1.0450994138962704,0
CUST10466,54,Female,London,46,745,29620.457618015385,5,0,16,2,1,1,1,0,16.40136140789795,5.05434582469288,0
CUST10467,34,Female,London,89,705,21409.481564172496,22,0,30,3,1,1,1,0,87.04733286456586,6.847989000315923,0
CUST10468,48,Female,East_Midlands,75,658,21811.493989959843,4,0,20,4,1,0,0,0,352.4283663085723,1.9711210089077373,1
CUST10469,66,Male,South_East,35,618,125407.00584821639,42,0,29,2,1,1,1,1,101.63163298055889,1.7712012451910588,0
CUST10470,57,Female,London,38,726,30393.380669390393,6,0,17,5,1,1,1,1,611.8721689165592,3.465666482315064,0
CUST10471,20,Male,South_West,30,660,67729.25227143799,74,0,14,1,1,1,1,0,21.905779381024473,11.328056764360174,0
CUST10472,70,Male,East_Midlands,107,700,82709.22579126594,4,4,18,3,1,1,0,1,44.904499506852815,8.657838178248848,0
CUST10473,74,Male,Yorkshire,17,832,34381.733657582256,3,0,20,5,1,0,0,1,59.56104477744842,3.9779811131725222,0
CUST10474,70,Female,North_West,116,765,68112.94093334634,44,2,23,3,1,1,1,1,297.6242041591771,19.430269960780187,1
CUST10475,18,Male,South_East,3,651,57244.87816382425,10,0,19,1,1,0,1,0,131.35012522715724,5.343689599770267,0
CUST10476,38,Female,Wales,101,455,42290.224056375,0,0,18,3,1,1,1,1,137.04484044968612,3.871638432228771,1
CUST10477,61,Male,South_West,16,686,55716.933591970024,3,2,21,4,1,1,0,0,141.85392714189945,0.8747262726132411,0
CUST10478,27,Female,London,41,754,35805.04086389133,31,0,20,5,1,1,1,0,14.36945187667918,2.3460105652782817,1
CUST10479,24,Female,Scotland,24,783,43115.82534391061,3,0,31,4,1,1,1,1,219.0046693774065,3.008291930250574,0
CUST10480,21,Male,London,39,524,37526.23343055488,3,0,14,2,1,0,1,0,36.179142079558865,5.051078124846513,1
CUST10481,59,Female,South_East,51,696,47741.63301493418,160,4,18,2,1,0,1,0,231.89369348300067,1.1921955053122233,1
CUST10482,59,Male,North_West,105,738,28020.169498291038,35,0,7,2,1,0,1,0,120.31355776628985,6.210683149996525,1
CUST10483,54,Male,London,109,508,43919.370732151205,4,0,25,4,1,1,0,0,427.1805753035693,6.431419035496942,0
CUST10484,31,Female,London,33,739,15344.429229242298,34,0,20,2,1,1,1,1,67.27102243125833,0.7768844000981089,0
CUST10485,33,Male,Yorkshire,18,768,42444.45259519877,3,4,20,4,1,0,0,0,275.6434582317454,5.991969502428574,0
CUST10486,50,Male,North_West,111,737,22141.31146172364,0,1,17,2,1,1,1,0,149.10685634711777,4.953089249521488,0
CUST10487,54,Male,East_Midlands,64,620,28213.183936341135,95,0,4,3,1,0,1,0,153.3443432127052,15.894643185627137,0
CUST10488,51,Female,Yorkshire,55,709,28714.39637263814,53,5,4,5,1,1,1,0,180.23998372442168,1.9022922222564533,1
CUST10489,24,Male,Wales,87,664,60981.8055327425,1,0,7,1,1,1,1,0,188.2558216272593,3.883472099250353,1
CUST10490,20,Male,Scotland,93,501,84132.25567746583,9,3,7,2,1,1,1,0,60.288401278478645,8.805913035108473,0
CUST10491,21,Female,London,103,682,37123.92884067858,33,0,9,4,1,1,1,1,84.31421697453759,2.3328511886550203,1
CUST10492,49,Female,Wales,22,406,31590.643082555307,4,0,4,5,1,1,0,0,369.6957265403513,2.4294055247979,0
CUST10493,41,Female,Yorkshire,112,694,26105.834976851816,37,4,23,3,1,1,1,0,166.9489451456821,1.4112909682351036,1
CUST10494,50,Male,South_West,42,717,24042.776811417632,1,0,15,5,1,1,0,0,150.18755548484987,4.46353758363016,0
CUST10495,27,Female,West_Midlands,83,707,62129.999692992686,0,1,10,5,1,1,0,1,206.06337097931157,2.7910064966789823,0
CUST10496,36,Female,South_East,60,697,31297.340203409723,30,1,18,1,1,1,0,0,412.29743475965444,1.9157762059912118,0
CUST10497,54,Male,East_of_England,31,675,48525.11177513888,13,2,17,4,1,1,1,1,173.64699416997493,2.803310477663988,0
CUST10498,60,Male,South_East,107,626,59037.232259664175,3,0,18,2,1,0,1,0,36.028894636133174,0.6646008067349617,0
CUST10499,67,Female,Scotland,95,691,41564.13063244999,9,0,13,1,1,1,1,0,101.19932690139225,0.20101791843374106,0
CUST10500,35,Male,Yorkshire,7,659,31431.201356800902,6,0,22,5,1,1,1,0,246.13367469296446,6.722144789194633,0
CUST10501,33,Female,London,106,428,29117.524813307864,51,0,15,1,1,1,1,0,46.021023284738654,16.804625572325534,1
CUST10502,45,Female,East_of_England,99,793,17247.21947786047,49,0,9,5,1,0,1,1,82.28712341650842,6.250747195543073,1
CUST10503,45,Male,London,103,700,35072.27143150208,2,0,19,5,1,1,0,0,409.66047449133555,1.0508367780231507,1
CUST10504,55,Female,North_West,11,719,36006.75645488438,8,0,24,3,1,0,0,0,399.1678482390934,2.3121422198609705,1
CUST10505,67,Female,London,27,808,26697.365903753565,2,0,17,4,1,0,0,0,150.16264069300271,6.019175197114883,0
CUST10506,40,Male,South_East,112,570,15031.183931931218,1,0,20,2,1,1,0,0,42.67742123034836,6.390403532893879,0
CUST10507,53,Male,East_of_England,93,638,46987.21534640285,17,0,8,5,1,1,1,0,140.50034641562564,1.63136925147503,0
CUST10508,44,Female,North_West,27,721,28382.91381253637,3,0,23,4,1,1,1,0,13.593461292568247,3.563576625007148,0
CUST10509,40,Male,London,114,720,41055.46964400517,5,1,22,2,1,0,1,0,78.89991734784962,2.4040118146469736,0
CUST10510,61,Female,Scotland,118,492,56622.343826451746,0,0,11,2,1,1,0,0,73.2904274854325,7.507442074585437,1
CUST10511,61,Male,South_East,82,747,59691.74560038824,1,3,25,1,1,1,0,0,81.48289399114867,3.326939048755242,0
CUST10512,49,Female,East_of_England,63,475,33994.96736611503,2,2,19,4,1,1,1,0,279.9504241177172,6.702955803229554,0
CUST10513,38,Female,London,101,742,47548.3697204081,5,0,19,4,1,1,0,0,78.88099573173905,0.48499744518760496,0
CUST10514,46,Female,South_East,57,625,58281.36862389035,5,0,16,3,1,1,0,1,92.67053030834064,2.8509969139105436,0
CUST10515,18,Male,West_Midlands,52,691,29552.73697472438,5,0,27,4,1,1,0,1,113.14567874082394,3.9156571774996025,0
CUST10516,21,Male,Scotland,19,725,31194.538312451125,4,0,14,2,1,1,0,0,56.379209799747024,7.362327299396614,0
CUST10517,62,Male,South_West,90,656,106283.20287562624,1,0,1,5,1,1,1,0,220.57345139053015,2.9915097156952557,0
CUST10518,23,Male,South_West,63,716,43260.91700976907,4,0,4,3,1,1,1,0,103.76159101589633,6.19791670807711,0
CUST10519,33,Male,East_Midlands,59,472,28241.050818102813,8,0,18,3,1,1,0,0,4.251564015561836,1.4898954224775605,0
CUST10520,29,Female,South_West,33,728,22823.706737526307,5,1,15,1,1,0,0,0,128.32193231557315,7.020830741696903,0
CUST10521,41,Male,South_West,80,445,47234.52851747091,2,2,22,5,1,1,1,1,111.99444766811675,3.1216257899260507,1
CUST10522,43,Female,Scotland,99,774,22265.58590382954,3,0,12,1,1,1,0,0,57.339509397461434,3.1828071541201424,0
CUST10523,22,Female,Wales,62,570,24090.37500503094,1,2,21,1,1,1,0,1,165.68791370831465,9.626672771207378,1
CUST10524,69,Male,South_East,36,743,51732.363064473684,5,3,18,1,1,1,1,0,104.14637971624381,3.5617276164421794,0
CUST10525,29,Male,North_West,20,746,62336.62650223138,3,0,17,4,1,1,1,0,116.94535690300982,6.375717391599468,0
CUST10526,67,Female,East_of_England,115,827,50152.245428884795,3,0,19,3,1,0,1,0,205.04144922664543,5.215731151550197,0
CUST10527,62,Male,Yorkshire,103,502,78333.49400859809,7,0,23,5,1,1,1,0,2.064182537395453,2.6820963903091535,1
CUST10528,40,Male,Scotland,3,675,31328.154967671348,2,0,20,1,1,0,1,1,194.6881924785865,5.69490450929167,0
CUST10529,61,Female,Scotland,21,685,34778.143351783016,77,0,25,5,1,1,0,0,266.5572857229459,10.625764220884491,0
CUST10530,31,Female,Scotland,16,683,30094.394804160285,14,0,9,3,1,0,1,0,121.2538526530409,9.747342856473434,0
CUST10531,54,Female,East_of_England,85,696,53739.677808549444,2,0,18,1,1,1,0,1,302.1584671103967,1.9229126427842116,0
CUST10532,44,Male,East_of_England,24,713,31097.89114162999,52,0,23,3,1,1,0,0,85.8445414718622,1.7521263723836316,0
CUST10533,61,Female,Yorkshire,51,711,17234.599493025915,32,0,23,5,1,1,1,0,251.70376842151907,4.162576026528796,0
CUST10534,18,Male,East_Midlands,68,730,39224.64836741525,4,0,19,3,1,1,1,1,95.35082460237545,6.9164149466943385,0
CUST10535,33,Female,Wales,1,812,15000.0,2,4,23,5,1,1,0,0,116.07023259142142,4.278621527265739,0
CUST10536,63,Female,East_Midlands,14,694,24968.322427646355,1,0,22,1,1,1,0,0,200.2716406084309,8.740208491763994,0
CUST10537,50,Female,Yorkshire,44,436,30367.033483898147,2,5,6,5,1,1,0,1,21.202012016706345,8.004868037605483,0
CUST10538,53,Male,East_of_England,13,758,24969.27074578759,7,0,18,3,1,1,1,0,100.78018321884443,4.755771084979863,0
CUST10539,69,Male,Scotland,34,484,36550.49160015778,0,0,29,1,1,0,1,0,139.3953231530103,0.6810046711102582,0
CUST10540,34,Male,North_West,85,465,39012.820604807675,173,0,23,3,1,1,1,0,299.9414134775266,7.976997228056197,1
CUST10541,23,Male,East_of_England,71,759,30780.310397936675,1,0,19,1,1,1,1,0,128.16306092544295,11.645199864075792,0
CUST10542,31,Male,East_of_England,68,629,31794.987525683875,0,0,19,5,1,1,1,0,256.4688831505638,3.9104620611455427,0
CUST10543,29,Female,Wales,93,646,40204.180053086595,8,0,24,5,1,0,1,0,68.62107879990867,4.232162599481958,1
CUST10544,70,Female,South_East,42,707,52939.45120755539,1,0,22,4,1,0,0,0,113.80786608947456,7.895893038773618,0
CUST10545,35,Male,Wales,108,649,29659.10309142252,49,0,12,2,1,1,1,0,108.41176587548946,2.3642483204093305,0
CUST10546,64,Male,East_Midlands,26,684,18392.134696472716,95,0,6,5,1,1,1,0,208.2933831317582,5.69853534802788,0
CUST10547,70,Female,North_West,53,645,58733.918555165226,2,0,26,4,1,0,1,0,125.85286967744995,2.572542530475271,0
CUST10548,66,Female,East_of_England,98,755,75699.10837278266,2,2,10,5,1,1,1,0,140.08470995022853,6.962723557613256,0
CUST10549,70,Male,West_Midlands,116,699,34995.68542020111,7,0,7,3,1,1,1,0,127.92627252634732,4.143238515179054,0
CUST10550,32,Female,Wales,17,643,43678.32307541609,0,2,23,2,1,1,1,0,21.42281429964632,7.31113193272384,0
CUST10551,52,Male,Wales,81,593,23198.266439459378,38,0,21,4,1,1,1,0,65.2304550307066,4.239182919121996,0
CUST10552,29,Female,South_East,51,784,32182.80526382408,6,4,8,1,1,1,1,0,45.255470563621955,6.610356185155801,1
CUST10553,30,Male,Wales,85,702,26390.439005379354,0,3,19,2,1,1,1,1,82.63030055909375,4.458567873228658,1
CUST10554,71,Male,South_East,74,482,44136.54781339465,3,1,23,3,1,1,0,0,67.42959329010503,1.4872486600189807,0
CUST10555,18,Female,West_Midlands,37,713,32641.99063101436,0,0,15,1,1,0,0,0,52.1040358539903,4.0598646265567115,0
CUST10556,69,Female,South_East,26,760,29459.728932846887,3,3,17,5,1,1,1,0,219.11124619344312,13.835215623892566,1
CUST10557,69,Male,East_of_England,20,712,24016.723514557438,82,2,14,2,1,1,0,1,100.24879710165897,11.687035366105082,1
CUST10558,33,Male,London,71,692,31980.573344086668,3,1,25,3,1,1,0,0,135.39261226280672,2.997655809036363,0
CUST10559,41,Female,Yorkshire,104,679,26922.608411038076,7,0,22,3,1,1,1,0,169.99609526131005,9.467307326314971,0
CUST10560,70,Female,East_Midlands,49,506,28053.12372915247,0,0,22,1,1,1,1,0,267.2927574769185,4.9615355237074885,0
CUST10561,54,Female,West_Midlands,49,511,29974.94977036975,0,0,19,1,1,1,0,1,122.09361963753277,4.57545362650875,1
CUST10562,63,Female,East_of_England,75,499,45216.09971782138,4,0,19,5,1,0,1,0,345.103626338548,0.5087354023318866,0
CUST10563,64,Male,Scotland,106,519,15790.737284610363,129,0,28,4,1,1,1,0,202.03186823693073,1.3335157260620143,1
CUST10564,21,Male,Yorkshire,84,680,24774.83630240484,0,4,20,2,1,0,1,0,354.26510854439454,10.23927076101608,0
CUST10565,65,Male,London,89,721,37910.912839139084,4,0,5,1,1,1,1,1,87.7543106695757,11.897821585758088,0
CUST10566,69,Male,West_Midlands,40,781,68932.6041979147,0,1,16,5,1,1,0,0,49.58217804392652,10.728289528561767,1
CUST10567,51,Male,South_East,7,548,43310.021912478995,0,0,6,2,1,1,1,0,158.73090989266316,5.319110703844063,0
CUST10568,38,Male,East_Midlands,9,752,47800.082902476264,1,0,19,3,1,1,1,0,418.48183626384343,6.133716952539095,0
CUST10569,46,Female,Scotland,51,725,46391.98169076939,1,4,9,4,1,0,0,0,408.4870492948343,1.2728392558903954,0
CUST10570,34,Female,South_East,112,702,24516.23177543599,34,1,20,1,1,0,0,1,44.049415620027496,3.194264892989915,1
CUST10571,47,Male,South_West,110,801,54585.61150438876,13,1,24,3,1,0,0,0,43.471670963252976,0.5220668471874301,0
CUST10572,26,Male,West_Midlands,61,492,63475.453186440136,49,0,19,4,1,1,0,1,6.647810028328625,5.831787587972852,0
CUST10573,60,Male,East_of_England,114,608,24957.27009685699,70,4,28,3,1,1,1,1,33.84383073519695,5.638871679312145,0
CUST10574,54,Male,North_West,43,726,43927.718324635156,58,0,16,3,1,1,0,0,309.4646289718523,2.2103803118921515,0
CUST10575,62,Male,South_East,5,669,54380.53662033493,81,0,18,4,1,1,1,1,162.791359971478,1.3874482855461299,0
CUST10576,45,Female,Yorkshire,95,799,17041.902500817836,3,4,13,3,1,0,1,0,106.5377358095418,3.43355393238596,0
CUST10577,25,Female,South_West,55,685,83708.71679379388,8,4,21,5,1,0,1,1,88.09822234305972,5.272945759967947,0
CUST10578,59,Female,South_West,69,528,48291.05065400392,5,1,8,2,1,1,1,1,380.4316855969406,4.4480254478701955,0
CUST10579,66,Female,Yorkshire,37,755,24771.77912317717,50,3,4,3,1,0,0,0,138.9431181598655,4.106811900358408,0
CUST10580,60,Male,South_East,17,624,35448.83127252572,3,0,14,5,1,1,1,0,251.11380653744786,2.8588210266259955,0
CUST10581,69,Male,South_West,48,678,30049.033537056108,74,0,8,3,1,1,1,0,142.1792241673045,4.28008276476403,1
CUST10582,55,Male,East_of_England,24,553,71864.10958595839,0,0,5,3,1,1,1,0,230.00290677870666,3.667645496257359,0
CUST10583,65,Male,Scotland,114,735,35751.31709324716,2,0,5,5,1,1,1,0,129.7920946726385,9.557892993684371,0
CUST10584,40,Female,North_West,95,669,32323.41743461565,53,0,25,3,1,1,1,0,166.28771993054048,1.9079225053287137,1
CUST10585,22,Female,East_of_England,64,657,64081.32261314296,52,0,15,2,1,1,0,0,50.609182099848276,1.5015679717111912,1
CUST10586,23,Male,South_East,80,653,46823.08727406854,2,0,20,1,1,1,0,0,113.9495468818237,5.699468685477233,0
CUST10587,50,Female,Wales,36,750,37597.29806048288,3,0,7,1,1,0,0,0,282.68900642930436,4.111165798245801,0
CUST10588,70,Male,East_of_England,107,742,29698.520196969388,0,0,5,3,1,1,1,0,277.41138490628845,6.636396710049235,0
CUST10589,64,Female,West_Midlands,112,630,47960.3085100159,22,0,25,1,1,0,0,0,378.05723695530344,2.8280138496561436,0
CUST10590,43,Female,East_of_England,48,799,42183.165126596585,5,0,25,3,1,1,1,0,234.13818924298727,7.5362642140349765,0
CUST10591,55,Male,Yorkshire,85,682,37466.518284645426,0,3,25,4,1,1,0,0,75.48828757098873,6.981809717003368,0
CUST10592,68,Male,West_Midlands,27,698,29676.837076575765,70,0,11,3,1,1,1,0,137.78023214521832,2.6307781781888453,0
CUST10593,20,Male,South_West,28,689,31061.29391611741,6,0,5,1,1,1,1,0,99.39372366980257,2.590900344332035,0
CUST10594,30,Female,East_of_England,3,687,29439.492726380835,0,0,17,5,1,1,0,0,167.33459853892614,6.0780126392981595,0
CUST10595,60,Male,North_West,57,635,33745.26452779722,195,0,21,1,1,1,1,1,49.85341365837225,1.6020517464235442,0
CUST10596,69,Male,North_West,36,669,31746.034352746774,1,0,23,3,1,0,0,0,192.62241582457972,4.8941842247645715,0
CUST10597,66,Female,East_Midlands,9,673,15000.0,44,1,22,3,1,0,1,0,52.798245898070924,8.221449590237572,1
CUST10598,20,Female,East_Midlands,24,542,30536.7964605758,6,3,18,1,1,0,1,0,153.94711510279012,4.624337233508034,0
CUST10599,55,Male,Wales,2,558,68835.60039995058,1,0,15,3,1,1,1,0,377.59774775881874,4.572419450164297,0
CUST10600,35,Male,Yorkshire,81,656,22677.067102685418,48,3,21,2,1,1,0,0,176.07576953995635,1.8914286327100107,1
CUST10601,19,Female,South_West,101,664,35886.98676353317,3,1,17,1,1,0,1,0,107.84100667794799,6.37151576803072,0
CUST10602,35,Male,East_Midlands,60,563,35839.42698678431,2,0,4,3,1,1,1,0,81.300194696996,10.457559301581064,1
CUST10603,44,Male,South_West,108,565,78190.51748282764,0,0,23,2,1,1,1,0,227.43456412246584,5.079191436413074,0
CUST10604,27,Female,North_West,99,692,27174.610728540407,2,0,23,3,1,1,1,1,56.79381850321947,2.720749781833889,0
CUST10605,62,Female,South_East,87,724,65742.28232620892,2,0,20,2,1,0,1,1,329.83791162992856,4.507047516916228,0
CUST10606,72,Female,West_Midlands,107,669,23975.279833127148,47,0,19,2,1,1,0,0,252.43106857396353,3.411313789619774,1
CUST10607,21,Male,North_West,45,633,40210.862717248136,2,0,18,3,1,0,1,0,176.86987327625425,7.634251429669833,1
CUST10608,19,Male,London,44,763,22010.23422527422,1,0,15,3,1,0,0,0,127.83829513265269,1.2033149327494954,0
CUST10609,56,Female,South_East,67,719,37664.69820997379,37,0,16,2,1,1,1,1,71.19778648269853,0.9268355870032707,0
CUST10610,39,Female,North_West,21,780,23492.86345024504,66,3,22,4,1,0,0,0,104.25351393352388,0.4215025807584317,0
CUST10611,31,Male,North_West,47,504,30862.27716827722,0,0,25,3,1,1,1,1,157.6905415960434,2.1591635395447097,0
CUST10612,24,Female,South_East,117,702,82935.6446720473,1,0,19,3,1,1,0,1,132.55488099874773,0.4339385085358318,0
CUST10613,38,Male,South_East,51,665,15000.0,38,0,17,4,1,0,1,0,145.04264468160054,2.401066973748489,0
CUST10614,43,Male,Yorkshire,6,663,34551.92805266368,3,0,18,3,1,1,0,0,46.744941527381016,11.081551902083262,0
CUST10615,59,Female,North_West,64,691,51790.030361301666,4,0,22,5,1,1,0,0,34.976808799095785,9.622938267897785,0
CUST10616,28,Male,South_East,11,688,26174.020931202216,198,1,22,2,1,1,1,1,233.63539289765225,2.0600323356200163,1
CUST10617,74,Male,East_of_England,92,670,29234.981600976007,60,0,2,2,1,0,0,1,104.08015810804031,4.669318830396744,1
CUST10618,55,Male,North_West,60,705,39497.92126133306,0,0,17,3,1,1,0,1,194.5245588442394,2.443359086173824,0
CUST10619,31,Male,Scotland,82,729,37600.92314535897,5,0,24,3,1,1,0,0,202.84812033208834,3.0805095235943947,0
CUST10620,64,Male,South_East,19,543,17051.82440878598,57,0,26,1,1,1,1,0,313.1940537156234,7.756336148111458,0
CUST10621,63,Female,Yorkshire,52,689,40892.395366800476,27,0,16,2,1,1,1,0,72.92466662187948,5.394183988396643,1
CUST10622,24,Female,West_Midlands,46,705,35485.00014512937,2,0,34,2,1,1,0,0,269.08167585913316,1.8373400754378753,0
CUST10623,30,Female,South_West,13,677,31954.538150057095,59,1,23,3,1,1,0,0,139.49985849201803,0.608248298286166,0
CUST10624,39,Male,London,69,571,48193.62038982546,66,0,19,5,1,1,1,1,54.60809869791164,2.6969154951495677,0
CUST10625,68,Male,North_West,76,725,33243.924581126106,6,1,7,5,1,0,1,0,106.28881661963536,6.2477823664539525,0
CUST10626,47,Female,Wales,58,607,18539.18662691244,4,1,14,5,1,1,1,0,82.58053125420379,16.35598174872045,0
CUST10627,56,Female,North_West,82,717,17680.669900432902,4,0,23,4,1,1,0,1,71.99160302713891,3.1988320022540355,0
CUST10628,45,Male,East_of_England,84,636,57606.88770438154,10,2,6,5,1,1,1,0,54.397617578340636,6.118590518073753,1
CUST10629,51,Female,East_of_England,35,519,43948.57974808701,2,0,4,2,1,0,1,0,31.92281519745364,9.934154116371438,1
CUST10630,63,Male,Yorkshire,103,708,16744.54840827849,126,0,17,2,1,1,0,0,79.0109604485393,5.812389742655228,0
CUST10631,34,Female,North_West,72,661,54397.650626267365,1,3,6,3,1,1,0,0,134.16211618924012,3.1441923118742987,0
CUST10632,72,Female,East_of_England,34,504,45946.54065186201,2,0,29,1,1,1,0,1,24.06490890982269,4.393160543849579,0
CUST10633,34,Female,East_Midlands,108,714,56598.93034989825,158,0,17,1,1,0,1,1,157.90310990521198,0.9771502746833726,0
CUST10634,62,Female,South_East,112,745,72725.42883110736,1,0,20,5,1,1,1,0,154.27905159016333,2.940968286207193,0
CUST10635,51,Male,West_Midlands,27,591,23511.52765673557,113,0,13,3,1,0,0,0,167.2429607851929,3.460596836492077,1
CUST10636,34,Male,East_of_England,80,677,29037.241245018493,80,0,22,4,1,1,1,0,85.51819424782808,0.8730342192270762,1
CUST10637,51,Female,East_of_England,33,671,43772.75954611772,1,0,5,1,1,1,1,0,20.811227086093798,5.810191218727615,0
CUST10638,60,Male,Scotland,111,759,35898.83461408599,1,1,22,1,1,0,0,1,303.089112157427,2.2750809360551285,0
CUST10639,71,Male,Wales,8,810,37127.0999685489,0,0,22,5,1,1,0,0,361.3274849245059,1.154881273484246,0
CUST10640,69,Female,Yorkshire,88,484,31227.218865549425,3,0,16,4,1,1,0,0,305.6643172157575,1.600715013678216,1
CUST10641,32,Male,Wales,1,690,34594.12123035039,96,0,19,2,1,1,1,0,112.19966337645708,0.8146308584787675,0
CUST10642,56,Female,Wales,74,704,57766.29376505185,0,0,19,4,1,1,0,1,175.22451242332926,3.286525909359452,0
CUST10643,38,Female,East_Midlands,43,498,22688.979335049953,0,0,22,2,1,1,1,0,215.42945713171807,2.67620802502757,0
CUST10644,55,Male,Yorkshire,47,655,37214.91970300621,0,0,2,2,1,0,0,1,127.14167548126326,13.893640935317373,0
CUST10645,19,Male,South_West,105,652,54277.709111098055,1,0,26,1,1,0,0,1,355.1750864857165,4.6838359147803015,0
CUST10646,61,Female,London,106,771,34516.2407575948,8,0,25,4,1,0,1,0,29.317205492886472,1.5371939731666626,0
CUST10647,72,Male,Yorkshire,56,501,45766.80692325661,34,0,28,3,1,1,1,1,69.16394266482817,1.944042885407564,0
CUST10648,22,Female,East_of_England,105,692,35763.04818477189,79,0,21,4,1,1,0,1,222.21712413020086,9.771324682410702,0
CUST10649,48,Male,Yorkshire,6,721,38907.19221963682,29,0,23,3,1,0,0,1,271.0984455480175,1.4003634060312908,0
CUST10650,30,Male,East_Midlands,90,678,18515.61109397353,112,0,7,1,1,1,1,1,69.56980806485839,4.4988043916936125,0
CUST10651,43,Female,London,65,689,27074.16560690844,55,3,21,1,1,1,1,1,262.15434223985983,4.085898118742036,1
CUST10652,55,Female,Scotland,58,656,23306.171401162042,0,3,18,2,1,1,1,0,145.74155556660747,25.472642629456445,0
CUST10653,57,Male,Yorkshire,38,659,58969.75558168294,1,0,20,4,1,1,1,0,194.31424415053164,11.065049354416649,0
CUST10654,38,Female,East_Midlands,92,670,37105.488463300724,2,0,18,4,1,1,1,0,175.14892716407888,1.1822138019250443,0
CUST10655,38,Female,East_Midlands,15,698,30822.130552686333,97,0,24,3,1,1,1,0,100.30050959696875,5.024673379967758,0
CUST10656,57,Female,East_of_England,24,769,20395.71423488571,1,0,18,4,1,1,1,0,227.20180218593018,12.260518352950216,0
CUST10657,18,Female,East_Midlands,116,641,37575.11333025073,98,0,2,4,1,1,0,1,82.08245772397956,4.989791667602401,1
CUST10658,62,Female,East_Midlands,80,808,30544.655099497457,1,0,6,2,1,1,1,1,478.5358435863394,2.2933760146173823,0
CUST10659,47,Female,North_West,27,773,30550.666753874066,36,0,28,3,1,1,0,0,188.043978931735,4.649156943611693,1
CUST10660,55,Male,South_East,41,531,32534.213305865163,4,2,17,5,1,1,0,0,40.62959874683665,2.9802393964202265,0
CUST10661,36,Female,North_West,51,647,42516.67191556194,47,0,20,3,1,1,0,0,101.1006742575061,6.532959579638113,1
CUST10662,73,Male,South_West,58,657,42510.1020540632,6,0,12,5,1,1,1,1,170.29221067163198,2.6743527344561695,1
CUST10663,41,Female,South_West,85,680,28216.76552516886,0,0,21,1,1,1,1,1,157.77835656318834,7.580373755292312,0
CUST10664,26,Female,South_East,108,725,31266.738694418287,95,0,18,4,1,0,0,0,178.66243027685573,7.237744949094265,0
CUST10665,32,Female,South_East,18,718,49972.91409183191,2,0,21,4,1,0,0,0,244.48219036830997,2.404379509437537,0
CUST10666,26,Male,London,1,761,57241.38372470794,158,0,11,5,1,0,1,0,37.31495053174777,2.0303215865577178,0
CUST10667,51,Female,North_West,33,675,36669.54384598441,2,0,21,4,1,1,1,0,17.457820470931217,7.263021821889886,0
CUST10668,55,Male,North_West,98,706,48505.521430031484,143,0,4,3,1,1,1,1,101.4978751932786,3.1675201889223548,1
CUST10669,23,Female,Scotland,68,760,41209.62596156872,3,0,20,3,1,1,1,0,379.22621322776524,9.162321015599328,0
CUST10670,26,Female,London,65,727,33695.49582477418,2,0,21,2,1,0,0,1,219.5510681293883,8.652580235270618,0
CUST10671,37,Female,London,15,437,24892.287967261047,1,1,6,2,1,1,1,0,262.1930070684088,1.7095477965779662,0
CUST10672,45,Male,West_Midlands,86,431,43361.02914140966,4,0,9,3,1,0,0,0,143.4744000052786,4.140678661109354,1
CUST10673,34,Male,Yorkshire,117,748,50247.56292138313,37,0,17,2,1,1,0,0,74.70280939047282,12.251356371316964,0
CUST10674,24,Female,Wales,43,647,30935.769954562504,32,0,23,4,1,1,0,0,349.7604806958878,4.567910936388207,1
CUST10675,62,Female,Wales,18,727,29152.38088771705,47,0,28,4,1,1,0,1,99.12425614458871,4.67143420135867,0
CUST10676,18,Male,South_West,17,788,73711.66136483836,10,0,15,2,1,1,1,1,289.0362328847921,5.099723701654824,0
CUST10677,21,Female,North_West,111,665,34273.73841138233,6,0,27,2,1,0,1,0,45.815276528724155,7.004527537544102,0
CUST10678,26,Male,South_East,16,418,43237.40225559293,77,0,15,3,1,0,1,0,192.43549811005136,3.9815815180618825,0
CUST10679,23,Female,Scotland,44,757,28398.385402728716,0,0,18,4,1,0,1,0,111.56155464548084,8.73081330325155,0
CUST10680,70,Male,Yorkshire,85,799,34889.885038849396,67,2,15,5,1,1,0,0,129.55450050188176,1.93013918762863,1
CUST10681,22,Male,West_Midlands,37,742,37088.13889548695,5,0,30,4,1,1,0,0,96.12860896387683,6.200329274779975,0
CUST10682,28,Female,West_Midlands,25,684,57126.431264055645,0,0,20,1,1,1,1,0,323.85156193939224,1.8330645430517598,0
CUST10683,56,Female,East_Midlands,60,764,18138.51679251199,2,0,14,5,1,0,0,0,100.65932273432966,2.2252609320478727,0
CUST10684,37,Male,Yorkshire,106,655,27624.558030611228,144,0,9,4,1,1,0,0,124.11527545368214,6.081075487826919,0
CUST10685,33,Male,South_West,14,753,45101.2666204198,2,0,16,1,1,0,1,0,240.33191573226412,4.779465849283465,0
CUST10686,67,Male,East_of_England,61,554,64712.134861913415,9,0,5,5,1,1,1,0,31.186266290328756,12.863523606943128,1
CUST10687,45,Female,West_Midlands,82,724,24470.483261888254,8,0,30,3,1,0,0,1,189.127536732066,1.4321549602712305,0
CUST10688,55,Male,South_West,80,743,43158.011593059535,6,0,5,3,1,1,1,0,34.83565887157357,7.541413015937572,0
CUST10689,66,Male,North_West,74,671,41696.21651675605,107,0,25,2,1,1,1,0,91.3696524593776,2.1591809447988024,1
CUST10690,54,Female,London,61,756,23080.251135518847,92,0,20,2,1,1,0,0,189.5148364262166,2.28037697666731,0
CUST10691,37,Female,London,55,702,25989.49431125703,5,0,19,3,1,1,1,0,198.68089467732167,2.3250306444349307,0
CUST10692,66,Male,Yorkshire,2,702,30942.834837007813,11,0,17,3,1,1,1,1,141.47635233349442,5.308872792638414,0
CUST10693,19,Female,Yorkshire,75,616,28237.5549515104,0,4,25,2,1,0,0,1,68.7794341121241,5.719186527936469,0
CUST10694,29,Female,North_West,61,557,69668.75619299333,0,0,24,4,1,1,1,0,59.10255604973579,0.876187981110176,0
CUST10695,68,Male,Wales,15,722,47241.86287518832,0,0,15,5,1,0,1,1,170.65338627435418,0.8370297703932761,0
CUST10696,42,Female,West_Midlands,107,483,82033.60471451178,4,1,26,2,1,0,1,0,139.78828792325288,8.984482038791835,0
CUST10697,20,Male,South_East,85,694,39504.18464226839,1,0,2,5,1,1,0,1,43.86601546069545,4.904601719898567,0
CUST10698,61,Female,North_West,84,779,31941.7471518181,0,0,29,5,1,1,1,0,181.9003783410309,10.604320542103313,0
CUST10699,35,Male,South_East,112,456,25532.206227345752,49,0,15,2,1,1,1,0,262.8845280355549,0.7525830663851614,0
CUST10700,42,Male,East_Midlands,53,684,38070.93410712992,80,0,2,3,1,0,0,0,12.000568913227372,5.235762448848082,1
CUST10701,73,Male,South_East,9,695,22627.974849140883,2,2,21,5,1,1,1,0,65.45166355572094,11.250226615155679,0
CUST10702,20,Male,West_Midlands,15,521,57332.53215050191,2,0,9,5,1,1,1,0,48.01067758066086,5.340882973116519,0
CUST10703,33,Female,Yorkshire,10,523,21631.29854813956,6,0,24,1,1,1,1,0,118.87344438240298,2.8634935790842864,0
CUST10704,68,Male,South_East,21,781,49532.83324557976,13,0,23,1,1,1,1,0,181.7240727119777,5.002461339391072,0
CUST10705,40,Male,Scotland,70,692,31391.23402187854,14,2,22,4,1,1,1,0,441.4727183453973,6.488539581424508,1
CUST10706,67,Female,Scotland,45,727,27562.408735411675,6,0,16,4,1,1,0,0,42.60872232584218,7.369872800809787,0
CUST10707,32,Female,Yorkshire,65,720,39216.21965192422,7,0,16,2,1,1,1,1,134.36554122269226,0.7016049209200237,0
CUST10708,43,Female,South_West,8,763,79123.47883531977,1,0,18,3,1,0,1,0,152.47229995831094,2.403426452969061,0
CUST10709,28,Male,West_Midlands,5,479,48175.32239474661,4,2,17,4,1,1,1,1,123.15762929638218,6.224646421526437,0
CUST10710,62,Male,East_of_England,27,733,29534.359189100604,30,0,16,1,1,0,1,0,407.3558898136777,2.1755370972275183,1
CUST10711,36,Male,East_Midlands,102,770,30628.088772947576,0,1,19,2,1,0,1,0,23.40928654442694,8.264788069428317,0
CUST10712,36,Male,East_Midlands,92,523,37197.60600710233,0,0,19,3,1,1,0,0,67.08548314088942,1.562705306121558,1
CUST10713,47,Male,East_Midlands,21,519,35336.988136218744,2,1,0,1,1,1,1,0,101.18958528015999,0.4649972380713988,1
CUST10714,30,Female,Yorkshire,16,728,54808.53976875178,4,0,18,4,1,1,0,1,41.56114939584423,7.176034630426135,0
CUST10715,49,Male,East_of_England,38,539,21997.356163228087,0,0,14,2,1,1,1,0,193.01644212085253,2.2103410949233444,1
CUST10716,58,Female,London,54,602,34559.68314804327,4,0,21,1,1,1,0,0,61.5869434500557,3.207983824760838,0
CUST10717,69,Female,London,15,650,41673.8588787859,5,6,3,2,1,1,0,1,56.07324439254927,1.7149643938776573,0
CUST10718,44,Male,Yorkshire,16,719,23054.725341294954,32,5,20,2,1,1,0,0,128.3182398965767,9.305198798557257,1
CUST10719,59,Male,Scotland,49,692,34986.07473311664,3,0,21,3,1,1,1,0,173.9925101001066,4.623244373255762,0
CUST10720,70,Female,South_West,113,711,35578.815368225936,88,3,16,2,1,1,0,1,166.89156330212938,1.0644018764431966,0
CUST10721,70,Male,Wales,1,658,28491.11801452732,0,0,5,4,1,1,1,0,122.62187872549448,7.983599825188119,0
CUST10722,44,Male,Wales,100,718,42304.2896992813,5,2,19,1,1,1,1,0,252.69575645005187,1.8001522291329977,0
CUST10723,29,Male,South_West,85,687,47398.74968978156,33,0,19,3,1,1,1,0,49.15020210656792,7.7062124483443455,1
CUST10724,40,Male,East_Midlands,109,660,61824.98749064788,101,0,15,2,1,1,1,0,111.10906461848774,3.1249993655843458,0
CUST10725,45,Male,North_West,14,666,63784.028043480896,5,4,5,4,1,0,0,0,108.0576574305496,3.8065666206290647,1
CUST10726,58,Male,West_Midlands,79,448,19871.99539151922,5,0,11,5,1,1,0,0,147.45284229910195,5.493578256993803,1
CUST10727,70,Male,East_of_England,29,770,37905.10129046163,2,0,4,1,1,1,1,0,311.0990358129761,2.9937995351572217,0
CUST10728,56,Male,London,23,624,37907.024441741494,32,1,7,3,1,0,1,0,82.57822236786912,2.9482329200807946,1
CUST10729,35,Male,Scotland,62,643,51960.90201653049,94,1,23,3,1,0,1,0,145.2630816651493,9.431637601153348,1
CUST10730,43,Female,London,25,753,39129.41541077142,0,1,21,4,1,0,1,0,104.22007195785693,5.32171746152682,0
CUST10731,67,Female,Yorkshire,117,564,81261.01968269894,61,3,25,4,1,1,1,1,27.91719991286414,2.676112199655411,1
CUST10732,73,Male,Yorkshire,83,652,52885.421654636455,8,0,17,3,1,1,1,0,67.9448434591728,4.493811241487028,1
CUST10733,53,Female,West_Midlands,91,730,22611.108429425287,3,0,23,5,1,1,1,1,118.11334792213731,4.798799140773634,0
CUST10734,64,Male,London,104,665,31371.448905141886,7,0,17,3,1,1,0,1,111.09377351763386,2.5115615727394145,0
CUST10735,67,Male,South_East,96,758,35367.727911949725,31,0,27,1,1,1,1,0,102.14208117068087,3.7579450169401616,0
CUST10736,59,Female,North_West,80,495,46500.92098796097,0,0,19,1,1,1,1,0,161.64389190047712,5.742139004712454,0
CUST10737,67,Female,East_Midlands,57,740,40875.83830237908,102,0,5,2,1,0,1,0,126.84461401389483,2.4394079773861264,0
CUST10738,34,Female,Wales,51,494,23514.33223348475,3,0,18,3,1,0,0,0,89.24326175323121,2.636879387399576,1
CUST10739,43,Male,South_East,95,746,17903.962075403047,1,0,16,5,1,1,1,1,126.90208535305645,5.3009630604393445,0
CUST10740,44,Male,Scotland,94,675,35295.77431241082,2,0,15,5,1,1,1,0,123.6971071069523,1.5181906741894564,0
CUST10741,34,Female,Yorkshire,28,723,26301.78448533193,36,1,21,1,1,1,1,1,367.8707298935398,1.8979990790047971,0
CUST10742,18,Male,West_Midlands,6,718,60480.86388552894,7,0,3,3,1,1,1,0,54.670740830684785,6.740170578697972,0
CUST10743,44,Male,Yorkshire,60,743,17598.883523462897,2,0,23,3,1,1,1,1,76.60835612502339,5.360733272035199,0
CUST10744,42,Male,Wales,80,530,52324.775801415795,2,0,6,3,1,1,1,0,64.92116847653124,2.269531549115662,0
CUST10745,37,Male,South_East,92,756,29400.23091157099,35,0,17,4,1,1,1,0,153.72607864740462,0.780878765365537,0
CUST10746,47,Female,South_East,40,793,31136.944823445618,8,1,6,5,1,1,0,0,86.37795444539847,2.988585353261757,1
CUST10747,56,Male,West_Midlands,87,735,63359.69335697422,63,0,8,2,1,1,1,0,105.55515201680063,5.987434099472537,1
CUST10748,32,Female,Yorkshire,79,735,80979.49671331585,5,0,17,1,1,1,1,0,193.75515435764615,3.1847345884861,0
CUST10749,18,Male,London,89,704,33736.95815553778,4,0,24,1,1,1,0,0,405.7603229172414,4.3156765394651195,0
CUST10750,34,Female,North_West,98,691,61959.00168893687,203,0,18,1,1,0,1,1,163.50100094156124,2.314101027152094,0
CUST10751,52,Male,North_West,64,696,32965.89128538524,0,0,21,4,1,1,1,1,25.64900164981675,2.2413360268670757,0
CUST10752,54,Male,Yorkshire,48,718,48085.17594673921,18,0,6,2,1,1,1,0,133.7256168786829,2.529404948453932,0
CUST10753,31,Female,Wales,56,452,40622.63308031283,76,0,23,2,1,1,1,0,259.47105069544153,2.118460259566151,0
CUST10754,70,Male,East_of_England,52,706,29583.378886724146,2,0,4,4,1,0,0,1,82.10449759741611,8.276824665182778,0
CUST10755,69,Female,Yorkshire,29,705,51406.47083865731,81,0,25,3,1,0,0,0,127.25044048939213,5.054568683879839,0
CUST10756,45,Male,Wales,119,447,46228.713912683284,7,4,7,4,1,1,0,0,16.354875889589202,10.579173621505007,1
CUST10757,51,Male,North_West,13,685,30774.954197712475,81,0,22,2,1,0,0,1,117.12793916142424,8.853578316128738,1
CUST10758,60,Female,South_West,9,634,44125.108615421756,41,6,18,3,1,1,0,0,283.64843334657905,1.6785575611392103,0
CUST10759,67,Male,South_East,31,804,35328.861048557716,1,0,18,4,1,0,1,0,111.05751480298687,1.0729659250095376,0
CUST10760,65,Male,London,3,713,26140.258259046142,47,0,19,1,1,1,1,0,92.0604630971539,3.3912257782501003,0
CUST10761,44,Male,Scotland,38,503,20776.91874170747,121,0,19,3,1,1,1,1,163.617822550518,6.341486983550542,1
CUST10762,67,Female,East_of_England,104,709,40103.39436258676,46,1,5,1,1,1,0,0,113.69693549676614,4.3105359102689915,0
CUST10763,70,Male,South_West,46,728,48652.119940275,2,0,12,3,1,0,0,0,304.34443975046514,5.403369780431287,0
CUST10764,18,Female,West_Midlands,14,752,28601.406926708532,0,0,23,2,1,1,0,1,222.4129283123799,2.8320233662388477,0
CUST10765,74,Female,East_of_England,50,698,35574.63719972419,2,0,17,3,1,1,1,0,61.88728458172451,7.744683673907766,0
CUST10766,51,Female,South_East,22,672,42048.77353813113,2,0,16,4,1,0,1,0,46.40886891159342,2.202896703313896,0
CUST10767,66,Male,East_Midlands,72,658,31244.747725641228,40,0,4,1,1,0,0,0,78.1632293574702,2.5444682591498142,1
CUST10768,31,Female,London,44,731,34510.98985309938,3,0,25,5,1,1,0,0,26.93215092369235,10.586291468756322,0
CUST10769,43,Male,Yorkshire,55,759,24609.032835711107,1,0,15,4,1,0,1,1,121.39809023210876,18.181612970024172,0
CUST10770,60,Female,South_East,8,721,35753.50643626101,99,1,25,1,1,1,0,0,180.08721172972923,1.6566756544738657,0
CUST10771,73,Male,West_Midlands,73,536,23523.658481775685,9,0,22,2,1,1,0,0,122.67449556841484,3.2765616982015437,0
CUST10772,66,Female,East_Midlands,40,665,33727.198087166755,0,0,20,1,1,1,1,1,89.9962324140541,8.166962888401072,0
CUST10773,24,Female,Yorkshire,100,780,40626.90434734286,45,0,24,1,1,0,0,0,71.86048655233259,3.6663274872186187,0
CUST10774,47,Male,North_West,54,488,61205.055758181625,74,0,24,4,1,0,1,1,298.68505638378053,4.618350444607214,0
CUST10775,39,Female,South_West,26,709,24318.234698718174,7,0,3,1,1,0,1,1,284.1581989927676,6.230439574596867,0
CUST10776,63,Male,South_East,99,707,57426.71892579441,39,0,16,1,1,0,1,0,27.902042522244464,5.935116323913991,0
CUST10777,51,Female,North_West,27,684,39795.50925071744,4,0,21,4,1,1,1,0,61.95474546503552,0.6368014494351771,0
CUST10778,40,Male,Yorkshire,96,666,34264.46584443004,8,0,6,3,1,1,0,0,100.1398983921385,4.508283013746139,0
CUST10779,36,Female,East_Midlands,65,701,57678.09017061565,15,0,4,1,1,1,1,1,60.28349034015179,5.327589849356493,1
CUST10780,19,Female,East_of_England,83,692,65392.33344276683,12,0,30,2,1,1,1,0,116.96108877211051,9.248058126023547,0
CUST10781,66,Female,South_East,48,627,21530.794860549384,67,2,18,1,1,1,1,1,148.71228528295745,13.202588543703659,1
CUST10782,45,Male,Scotland,100,503,42616.578413020405,4,0,16,1,1,1,0,0,141.75677889833787,3.265723042795906,1
CUST10783,36,Female,Yorkshire,107,652,21701.432265241696,83,0,6,5,1,1,0,1,142.85908077635648,1.668372535874212,0
CUST10784,28,Female,East_of_England,24,722,38674.61138116402,50,0,8,4,1,1,0,0,245.392514842962,0.4188738126899342,0
CUST10785,43,Male,Wales,92,689,32011.750861202472,1,0,21,1,1,0,0,0,43.608809289206974,0.2473042409436443,0
CUST10786,48,Female,North_West,86,514,31612.1985244303,4,0,28,2,1,0,0,0,322.15060841741655,4.689499098021202,0
CUST10787,58,Male,Yorkshire,15,644,61932.62956665403,78,0,17,2,1,1,1,0,27.608331266285475,0.990341546618412,0
CUST10788,73,Male,South_East,84,713,28945.53577693198,31,0,21,4,1,0,0,1,153.99687793625688,6.230001701140728,0
CUST10789,64,Male,North_West,43,802,35885.67266349794,9,2,15,5,1,0,1,0,101.22019275259464,3.682307083974581,1
CUST10790,22,Female,South_East,100,652,36989.31530638481,1,1,18,5,1,0,0,0,102.95244647187477,2.7201430620308913,0
CUST10791,37,Female,Wales,45,674,51321.711730569004,32,2,21,3,1,1,0,1,196.11885837887812,3.8401867827404237,1
CUST10792,71,Male,West_Midlands,42,780,55532.66351369418,0,0,5,3,1,1,1,0,317.9831677976378,2.4410447186471527,0
CUST10793,66,Female,East_of_England,8,768,25777.704333896483,5,0,17,3,1,0,0,0,38.81806193001769,4.211358615261932,0
CUST10794,22,Male,South_West,8,689,41887.88942797297,4,0,27,5,1,0,1,1,424.5143090156686,5.25717476906463,0
CUST10795,20,Female,West_Midlands,102,742,43337.49500934603,52,0,3,4,1,0,0,0,276.8009645191566,2.9814455623615066,1
CUST10796,56,Male,West_Midlands,24,655,62991.45457270072,120,1,12,2,1,1,1,1,214.3605978076388,2.5475209490426103,0
CUST10797,49,Female,East_Midlands,13,781,22675.488169607248,0,0,21,4,1,0,1,0,387.74747467655186,5.240885652409841,0
CUST10798,31,Female,Scotland,113,575,49611.27192399738,8,0,22,2,1,1,1,1,45.99887074118822,6.105064361763416,0
CUST10799,62,Male,North_West,95,512,25612.570109761957,0,0,19,2,1,0,1,0,77.61114096126828,1.0114127053660895,1
CUST10800,73,Male,South_West,81,537,44199.1628728927,2,1,26,1,1,1,1,0,34.828355965562665,9.347970780006822,1
CUST10801,62,Female,Yorkshire,6,661,65085.886611774884,7,0,16,1,1,1,1,0,147.20413461890027,6.657424784181533,0
CUST10802,37,Female,Yorkshire,72,777,18364.068155542274,2,0,21,1,1,1,1,0,117.12217432474313,6.0156867810831285,0
CUST10803,34,Female,West_Midlands,51,472,38372.54686872554,1,0,15,5,1,1,1,1,229.1926582751047,8.288369841975701,0
CUST10804,51,Female,East_of_England,105,722,33222.08116340647,33,0,5,2,1,1,1,0,22.63126950895137,11.278419881272852,1
CUST10805,52,Male,South_East,119,718,43114.15294338551,3,0,13,5,1,1,1,1,247.12030057626464,5.83141047751448,0
CUST10806,69,Female,East_Midlands,88,655,25586.548125986472,1,0,19,3,1,1,1,0,83.0585991153281,1.4119621344599655,0
CUST10807,64,Male,North_West,21,520,33421.3400074511,3,2,28,4,1,0,1,0,346.08682404222697,1.877895706385658,0
CUST10808,30,Male,Yorkshire,51,721,25925.827822126535,76,0,21,3,1,1,1,0,239.62432938671844,12.882288180604363,1
CUST10809,57,Female,Scotland,45,402,29923.70528498709,5,0,16,2,1,1,1,0,104.9098220758638,1.983729578094503,1
CUST10810,65,Female,North_West,17,698,49248.80553334526,0,0,19,4,1,0,0,0,86.4460004498097,5.526405524578294,1
CUST10811,31,Female,Scotland,18,477,40681.590437217514,0,1,22,3,1,1,0,0,74.41184245589234,2.030573536408076,1
CUST10812,64,Male,East_of_England,7,491,37452.60120282382,54,4,20,3,1,1,0,1,257.6109711000986,8.021300868910224,1
CUST10813,44,Female,Wales,110,720,38132.88647253237,17,0,19,3,1,0,1,1,98.42484289568208,7.698474667422417,0
CUST10814,27,Female,South_East,9,575,39999.488575048854,52,2,5,3,1,0,0,0,115.49949465191396,0.44740601251042406,1
CUST10815,27,Female,Wales,9,770,32043.52882904899,3,4,18,4,1,1,1,1,185.42743085308717,3.2853760933063407,0
CUST10816,43,Female,East_Midlands,99,738,31034.928606708665,5,0,19,3,1,1,1,0,260.2459434963902,8.781524751872718,0
CUST10817,41,Female,Yorkshire,17,500,41525.79974426963,2,1,18,1,1,1,1,1,150.36236074285947,5.296004241542658,1
CUST10818,74,Female,East_of_England,47,768,46678.37586828747,1,0,20,4,1,1,1,0,253.01985117630022,5.153563223125898,0
CUST10819,24,Male,East_Midlands,90,403,50816.57276510072,10,0,19,1,1,1,1,0,97.88811646241265,7.115237899463666,0
CUST10820,20,Female,Yorkshire,46,476,21311.883088242623,0,0,16,1,1,1,1,0,196.64573818343464,10.492304158612246,0
CUST10821,32,Male,Scotland,38,742,33717.754143346574,5,1,15,4,1,1,1,0,255.15508840306134,2.27557968975982,0
CUST10822,65,Female,North_West,8,699,25850.728268098414,34,5,25,3,1,1,1,0,206.21055642627746,8.308567793697721,0
CUST10823,18,Male,Yorkshire,55,520,29490.952604164013,2,1,22,2,1,1,0,0,108.96909260377579,0.7359187632431307,0
CUST10824,28,Male,North_West,52,664,35471.79780177121,1,0,19,5,1,1,1,0,146.49402392777293,5.509427663243105,0
CUST10825,36,Male,East_Midlands,108,681,30830.7176998836,5,0,28,4,1,1,1,0,77.75864391432498,7.3701090113230645,0
CUST10826,45,Male,West_Midlands,8,696,25065.06606798195,1,0,21,1,1,0,0,1,368.3554667241899,7.896104798816289,0
CUST10827,40,Female,Yorkshire,92,645,64765.15731135321,2,0,5,4,1,1,0,1,86.23939123844907,0.4699659013497295,0
CUST10828,24,Male,Scotland,45,737,29612.90038874025,1,0,18,5,1,1,1,1,75.37066516104568,4.026346280045903,0
CUST10829,64,Male,East_of_England,81,656,40338.149861844744,63,0,22,4,1,1,0,1,150.28622754609378,1.3054436346087273,1
CUST10830,60,Male,West_Midlands,109,721,17852.01359456614,5,0,3,3,1,1,1,0,5.531843954853095,4.449820008455476,0
CUST10831,69,Female,North_West,15,702,34246.761702305725,6,0,17,4,1,1,0,0,48.35999175552519,8.630276305526712,0
CUST10832,72,Female,Yorkshire,75,708,44744.4238744322,3,2,21,1,1,0,1,0,215.40075073156368,7.751639629735041,0
CUST10833,22,Female,Yorkshire,93,540,35191.66848608373,44,0,13,1,1,1,1,1,73.49836904978805,3.553251726847859,1
CUST10834,66,Male,West_Midlands,116,500,60413.71049577669,9,0,15,2,1,1,0,1,147.25397369654866,0.9697315010344852,1
CUST10835,67,Male,East_Midlands,34,711,39506.74054045841,11,1,16,3,1,1,1,0,265.6537643887072,1.2939907173372616,0
CUST10836,29,Male,South_East,18,492,59693.29100620757,2,0,19,1,1,1,1,0,101.75652557204481,14.054793756831938,0
CUST10837,56,Female,South_West,54,655,23873.524331780325,49,0,29,5,1,0,0,0,155.80676096233262,1.359499495130698,1
CUST10838,55,Male,East_of_England,50,636,26167.23574038694,2,0,17,2,1,1,1,1,274.06526187721846,6.096997576074775,0
CUST10839,30,Male,London,90,704,44991.918275133365,6,4,6,4,1,1,1,0,160.04192328848424,0.9222324243327149,0
CUST10840,43,Female,West_Midlands,78,450,23502.046822197815,2,0,14,1,1,1,0,1,69.76392872002343,2.7737338369558993,0
CUST10841,47,Female,South_East,66,744,23978.163208172762,5,0,26,5,1,1,1,0,127.19127192071606,7.149937040551006,0
CUST10842,62,Male,Wales,18,500,75543.11486814507,1,0,15,1,1,1,0,0,201.70007987317226,3.529454820628117,0
CUST10843,36,Female,London,104,529,30431.652145625594,4,0,22,2,1,0,0,1,102.93379475525556,8.597879351315457,0
CUST10844,25,Male,Scotland,44,418,17542.46152499857,1,0,9,3,1,1,0,0,407.24111925603654,2.6893487329465318,0
CUST10845,35,Male,South_East,56,641,48575.59931691176,53,1,13,3,1,1,0,1,48.95467301437322,1.9456125291058535,0
CUST10846,35,Female,West_Midlands,49,750,91125.01644292721,48,0,5,1,1,0,1,1,30.936545605108755,5.497188502977112,0
CUST10847,70,Female,Yorkshire,66,596,48087.46905376149,33,0,18,2,1,1,0,1,40.02002391741406,5.562139128499171,1
CUST10848,18,Male,Yorkshire,108,785,52594.54846488028,2,0,19,1,1,1,0,0,255.36391713568375,7.108689804941209,0
CUST10849,74,Female,South_East,117,760,77606.83182999487,15,0,16,1,1,1,0,0,135.31914986122726,5.995893562285851,0
CUST10850,42,Male,Yorkshire,79,544,32002.54329086843,7,0,24,5,1,1,1,1,77.30406340660522,0.8122139825263961,1
CUST10851,74,Female,Wales,70,749,57448.552804386,3,0,23,2,1,1,1,0,174.3321669657712,4.033474635897457,0
CUST10852,52,Female,East_of_England,69,415,19071.827060148316,0,0,21,3,1,1,0,0,57.50843153698931,9.141599334642157,0
CUST10853,70,Female,South_West,25,694,39254.886940833014,2,4,18,2,1,1,1,0,251.00258678201374,2.106335566678842,0
CUST10854,54,Male,West_Midlands,50,711,33569.199406948246,23,0,22,1,1,1,0,0,384.42118892887356,2.870791134101076,0
CUST10855,19,Male,North_West,110,771,37655.47230424785,0,0,2,3,1,1,0,1,212.9528763612394,1.66006400060386,0
CUST10856,56,Male,East_of_England,100,669,43105.648289195655,1,2,20,3,1,1,1,0,80.40189670654217,7.341549984091854,0
CUST10857,18,Male,Yorkshire,57,416,47757.239243909404,12,3,6,5,1,1,1,1,47.03249828365205,2.0956256557393433,0
CUST10858,45,Male,Wales,74,684,63052.814614943505,6,0,10,4,1,1,0,0,344.88562886180773,6.212282562951748,0
CUST10859,29,Female,London,40,776,44453.683372711836,8,0,17,4,1,1,0,0,123.1199920459826,3.2549064278367723,0
CUST10860,47,Male,West_Midlands,95,681,20106.513532154,44,0,29,1,1,0,0,1,8.514078994518755,1.5152879681489797,0
CUST10861,19,Male,East_of_England,35,693,67098.966633184,0,0,18,5,1,1,1,1,12.811848163557329,4.608469379945645,0
CUST10862,26,Male,Yorkshire,3,713,37768.21538249265,41,0,5,5,1,1,0,0,235.8060107726372,15.74681037689752,1
CUST10863,46,Male,West_Midlands,60,651,37419.79171788634,58,0,9,5,1,0,0,1,27.57518146564748,1.6963870998966235,0
CUST10864,45,Female,North_West,109,641,78126.75527200525,0,0,8,2,1,0,1,1,108.69432945795461,10.977713944669002,0
CUST10865,32,Female,East_Midlands,15,703,26994.861958271384,4,4,15,4,1,1,0,1,410.39998391559027,0.8234801519742146,1
CUST10866,26,Male,East_Midlands,65,699,27166.137164584656,11,1,27,3,1,1,1,0,46.962549103839144,2.6055313208885273,0
CUST10867,68,Male,North_West,62,687,23163.196984647948,6,0,6,3,1,0,1,0,89.98675410613052,3.2054034352751044,0
CUST10868,24,Female,East_of_England,96,720,21047.64584905434,51,0,21,4,1,0,1,0,313.4946130817538,1.9531018152010515,0
CUST10869,18,Female,South_West,51,534,49812.30304770785,42,0,16,2,1,1,1,0,96.85170170780917,4.092983200508979,0
CUST10870,24,Male,South_West,109,497,61051.76051559628,19,0,21,2,1,0,1,1,154.33174974493036,2.0813711289851935,1
CUST10871,44,Female,Yorkshire,1,456,45960.8641396607,34,3,4,5,1,1,1,0,47.27101695823989,7.471379431339625,0
CUST10872,26,Male,West_Midlands,31,704,19846.4728440849,87,4,32,3,1,1,1,0,69.53170157843073,5.812828394278612,1
CUST10873,33,Female,South_West,92,687,21776.910959877405,52,0,3,5,1,0,0,0,31.127365182677096,6.206340924469348,0
CUST10874,65,Male,Scotland,27,581,34350.56550739352,0,0,19,1,1,1,0,0,291.8380808300454,3.3348608674385654,0
CUST10875,37,Female,South_West,33,696,41505.67648812637,8,0,16,3,1,1,0,1,554.1424833043507,2.056162422447235,0
CUST10876,60,Male,South_West,109,640,40103.138885364046,0,2,17,5,1,1,1,1,56.399602331188355,1.750027958080669,0
CUST10877,26,Male,London,74,755,35715.19180370739,3,0,14,5,1,0,1,0,95.23756044355606,5.507869012450094,0
CUST10878,46,Female,East_of_England,93,690,58279.56329554971,5,0,14,4,1,1,0,0,286.66422623866026,4.321197149052734,0
CUST10879,70,Female,North_West,85,694,58161.13224362152,1,0,13,5,1,0,1,1,38.07671588094784,3.5362938764687604,0
CUST10880,33,Male,North_West,25,434,22668.421805008442,0,0,21,3,1,1,1,0,171.76904323526273,5.797000273629847,0
CUST10881,48,Male,Scotland,51,688,31703.385945213613,1,1,4,3,1,1,1,0,108.85888388403382,2.1899435902922786,0
CUST10882,21,Male,Scotland,15,535,20392.974465989246,1,0,24,3,1,0,0,1,134.88953904493698,7.544286387429217,0
CUST10883,24,Male,South_West,83,739,44197.4747261799,2,0,13,1,1,1,0,0,38.379290777375,5.510807747678312,0
CUST10884,40,Male,Yorkshire,40,699,64714.29279287194,2,3,13,1,1,1,0,0,22.92893645322019,7.736472800631895,0
CUST10885,36,Female,London,115,554,40771.50397450576,0,0,19,4,1,1,1,0,834.1436224923128,0.8966867275279666,0
CUST10886,18,Male,East_of_England,102,363,54987.81723744095,4,0,15,2,1,0,0,0,152.80195679098136,0.377276748035425,0
CUST10887,74,Female,North_West,37,620,57641.15520742292,8,0,13,5,1,1,0,1,32.89393553911358,4.937319650006468,0
CUST10888,62,Female,London,59,653,25291.174568083974,55,0,19,1,1,1,1,0,77.6193387096921,1.211611632616422,0
CUST10889,57,Female,South_East,65,509,17155.15066456518,13,2,21,3,1,1,0,0,75.28250451243078,2.634750931572179,0
CUST10890,20,Male,North_West,68,501,45168.874417581785,43,1,11,3,1,0,0,1,20.113980445665344,2.5575614828586675,1
CUST10891,28,Female,South_East,61,453,37644.54400319503,2,0,29,2,1,0,1,0,240.9522151658177,3.3200952092023557,0
CUST10892,55,Female,Scotland,118,416,31191.956554423545,3,0,4,4,1,0,1,1,159.79884338202618,6.2102790919756,1
CUST10893,68,Male,South_West,24,826,39858.528240662636,58,0,3,2,1,1,0,0,94.73803715219995,5.070822239060434,0
CUST10894,68,Male,East_of_England,65,746,26645.176193874653,30,0,13,3,1,0,0,1,85.0443222606034,3.08689554110667,0
CUST10895,56,Male,London,49,698,15000.0,0,0,5,3,1,1,0,0,96.72185163191158,9.621894807423478,0
CUST10896,63,Female,East_Midlands,51,777,26684.16823108253,3,0,14,5,1,1,0,0,44.64249540883514,4.416482029001631,0
CUST10897,51,Male,North_West,113,590,40994.317947451855,9,0,26,3,1,1,0,0,76.19251845250713,9.539941639562107,0
CUST10898,24,Female,North_West,10,664,28181.004104062922,0,4,16,1,1,0,1,1,239.94817427015897,3.6135172809340776,0
CUST10899,42,Female,North_West,71,646,73679.65947634973,15,0,17,3,1,1,1,1,159.73952672666044,3.2586792379214824,0
CUST10900,60,Female,South_East,58,731,29373.156850088464,2,0,18,1,1,1,1,0,353.8752997921366,5.895012336154464,0
CUST10901,18,Male,East_Midlands,14,742,77465.01773770679,19,0,16,2,1,1,1,0,159.2331254346508,5.698973075296783,1
CUST10902,50,Female,East_of_England,31,650,29045.880140105313,38,0,22,4,1,0,1,0,151.60570170780977,9.850193881324486,0
CUST10903,24,Male,Yorkshire,115,521,30253.22559384259,0,0,4,2,1,1,1,0,233.72110617604292,2.105326545875308,1
CUST10904,36,Male,London,56,447,32391.703932805452,64,1,19,1,1,0,0,1,226.7054311447082,12.62004992372968,0
CUST10905,73,Male,Scotland,65,751,44899.597421522456,104,0,13,4,1,1,0,0,26.724478140570447,6.500292111852183,0
CUST10906,47,Male,Wales,58,756,68973.71315241548,0,0,26,5,1,1,1,1,174.9947922985984,7.8655792404746006,0
CUST10907,58,Female,South_West,3,616,37378.65959708621,13,0,25,3,1,1,0,0,509.7581387311351,4.8367794291891055,0
CUST10908,29,Male,Yorkshire,41,702,71386.24815323489,5,4,17,4,1,0,1,0,46.67139963028291,15.290733528002836,0
CUST10909,59,Female,North_West,46,722,23120.736119592217,0,0,14,4,1,0,0,0,176.85646671825137,4.351744454283196,0
CUST10910,67,Male,West_Midlands,107,472,72213.03481870033,249,0,28,1,1,0,0,1,146.0777222828777,4.712931754902321,1
CUST10911,64,Male,West_Midlands,95,688,15000.0,54,0,22,5,1,0,1,1,229.9938167328445,7.560876878903528,0
CUST10912,51,Female,West_Midlands,45,737,54403.11831296047,7,2,8,2,1,1,1,0,93.02161981057058,5.240194988332091,0
CUST10913,65,Male,Scotland,102,674,26682.223068085343,4,5,16,2,1,1,0,0,337.60975958428867,9.954514341436449,0
CUST10914,24,Female,South_East,7,735,40587.31755654011,2,0,11,3,1,1,0,0,94.41680864960021,5.482320969990352,0
CUST10915,58,Female,East_of_England,53,673,45297.94412222365,9,1,17,3,1,1,0,0,3.459597202501873,3.5913146595113865,0
CUST10916,30,Male,Wales,37,763,23737.774236321053,20,0,20,1,1,1,1,0,148.69424221587258,6.5471885590551135,0
CUST10917,51,Male,East_of_England,109,516,18811.999632041166,9,3,21,1,1,0,0,0,441.8061099567985,5.786310806597557,0
CUST10918,25,Female,West_Midlands,63,730,16956.388887754638,47,0,7,1,1,1,1,0,92.12273363518433,2.8011214089770737,1
CUST10919,21,Female,West_Midlands,11,770,26621.89845871685,3,0,21,4,1,1,1,0,93.80559380602745,3.51935684744964,0
CUST10920,63,Female,Scotland,75,729,58337.640195397886,106,0,23,4,1,1,1,0,258.523844082674,7.306875976873625,1
CUST10921,55,Male,North_West,92,614,56093.43643840042,36,3,25,5,1,1,0,1,138.99820052045098,1.5368888118076813,0
CUST10922,24,Female,East_of_England,90,459,36893.24941103427,0,0,18,5,1,1,1,0,143.89801096700143,9.906767543004632,1
CUST10923,61,Male,Yorkshire,15,688,28105.956022525745,48,0,22,5,1,1,0,0,263.1100705610467,1.402531639401172,0
CUST10924,64,Male,East_of_England,106,682,22138.372664681847,12,0,16,2,1,0,0,0,81.77394545568671,10.678550827860132,1
CUST10925,44,Female,South_West,56,670,56311.005431693055,0,2,18,3,1,0,1,0,87.96906825683433,5.512990919526382,0
CUST10926,18,Female,South_East,65,721,21772.461704409456,1,0,4,1,1,0,1,0,24.059924740846782,18.769378363435617,0
CUST10927,65,Female,East_Midlands,81,703,57392.18302020615,2,0,20,2,1,1,0,1,25.99841547790642,0.9663007575052283,0
CUST10928,24,Female,East_Midlands,110,736,39958.61207865231,0,0,20,5,1,1,1,0,94.12772119194489,7.813689489386868,0
CUST10929,64,Male,East_Midlands,64,651,38185.2101124099,8,0,19,4,1,1,1,0,32.08660503354154,3.718523959364643,0
CUST10930,48,Female,East_Midlands,109,693,43118.38119483348,7,3,19,2,1,0,1,0,117.12479044163308,8.802993684052623,0
CUST10931,50,Female,Wales,76,557,40408.292922821194,6,0,21,3,1,0,0,0,368.14389852375615,0.38369728144716386,0
CUST10932,40,Male,Wales,31,665,22037.264663320246,5,0,25,1,1,1,0,0,173.88801563476434,1.3733675658200895,0
CUST10933,40,Female,Yorkshire,34,705,32499.24174746807,1,0,3,2,1,1,0,0,185.6292245582961,0.4132796662493964,0
CUST10934,30,Male,Scotland,20,713,61258.27181076893,1,2,6,3,1,1,1,0,137.5017874324102,4.943503132752556,0
CUST10935,33,Male,South_East,101,636,43439.03114729281,5,0,22,3,1,1,0,0,34.15726572331556,1.7570695442571087,0
CUST10936,57,Male,East_of_England,22,767,43282.74619367186,3,0,16,5,1,1,1,0,164.4790673633494,2.2162263324917433,0
CUST10937,74,Female,South_East,28,450,51078.67449509254,5,0,15,3,1,1,1,0,211.40364447526738,3.476274888531998,1
CUST10938,43,Male,Scotland,92,697,48158.687047213425,4,0,17,4,1,0,1,1,94.88638432306705,14.182316941743505,0
CUST10939,53,Female,London,1,703,47310.83127337062,0,0,14,2,1,0,0,0,56.2572888452372,0.6952345896985928,0
CUST10940,34,Female,South_West,64,717,49637.176441048,0,1,28,4,1,1,0,0,134.42863930382384,12.604375445830014,0
CUST10941,47,Female,North_West,80,550,95113.4301752509,12,0,29,2,1,1,0,1,256.06300190440305,2.622948423046397,0
CUST10942,30,Female,West_Midlands,108,689,15491.951755220418,89,4,3,4,1,1,0,0,117.87868344923095,2.696283010478423,0
CUST10943,36,Male,Wales,92,457,23365.290618807314,112,3,20,3,1,1,1,1,161.62856148360086,0.9692243469489266,1
CUST10944,40,Female,South_West,86,783,61861.55429830235,1,0,23,4,1,1,0,0,72.57357128610784,6.869336838733686,0
CUST10945,55,Male,Wales,35,683,36411.88706978652,4,0,21,2,1,1,0,0,138.3708805052825,3.197055907812954,0
CUST10946,50,Female,South_West,115,459,56384.71044995408,84,0,4,1,1,1,1,1,116.10149080992373,5.753822200809338,1
CUST10947,59,Female,East_of_England,94,753,43337.766207248096,77,2,28,4,1,1,0,1,8.644806788972785,3.515079538173427,1
CUST10948,34,Female,East_of_England,42,709,62507.09090135685,31,0,5,5,1,1,1,1,231.98236334025754,15.009107994851936,0
CUST10949,24,Male,South_West,64,680,29869.337135599977,3,3,23,2,1,1,0,1,96.3939458096842,4.0357750161447035,0
CUST10950,50,Female,South_West,71,514,31805.682401638278,1,0,22,2,1,1,0,0,132.94361802362457,3.7892959611885213,0
CUST10951,35,Male,West_Midlands,68,682,29851.9075245045,49,0,20,4,1,0,1,0,152.87581286267383,1.6514050641295055,0
CUST10952,22,Male,East_of_England,64,586,42555.284473957596,70,0,20,2,1,1,1,0,87.9801254461937,3.745996456174648,1
CUST10953,70,Female,East_Midlands,9,664,41094.17961469513,36,4,16,5,1,1,1,0,82.79837551091893,4.409714057462471,1
CUST10954,72,Female,Yorkshire,97,741,24901.987410302296,1,0,26,3,1,0,0,0,55.09941474333569,1.6067832843345742,0
CUST10955,58,Female,South_East,47,736,27261.16345604372,0,2,21,1,1,0,1,0,15.442768909944805,8.974150971818734,0
CUST10956,68,Female,Wales,95,655,53580.27890805446,35,0,23,4,1,0,0,0,315.537556459254,3.9124543522647364,1
CUST10957,45,Female,Yorkshire,19,745,17784.3856241371,0,0,21,1,1,1,0,1,142.28708376007614,5.53707779990512,0
CUST10958,47,Male,Wales,88,564,20950.970381086605,4,1,17,5,1,1,0,0,145.75531146085925,1.0705620126301616,0
CUST10959,20,Female,North_West,89,697,57361.70135432162,52,0,24,5,1,1,1,0,136.3060934932962,2.591620587694577,0
CUST10960,60,Female,West_Midlands,96,529,61865.83896737298,1,0,8,5,1,0,1,0,312.72101954523856,2.9817127746895586,1
CUST10961,30,Female,East_of_England,97,693,42538.59371122929,2,0,18,2,1,1,1,1,134.29297218857624,5.988373431358484,0
CUST10962,74,Male,East_Midlands,24,673,27300.91889838016,5,5,3,1,1,1,1,1,379.4356734296017,1.5786859904121677,1
CUST10963,21,Male,London,65,783,23459.08652296763,140,0,18,4,1,0,1,1,280.9896927728521,8.417537702570264,0
CUST10964,35,Female,North_West,2,476,16769.78724106183,5,1,15,5,1,1,1,1,33.92851514748914,4.805545350660852,0
CUST10965,53,Female,South_East,95,432,36851.97203405049,1,0,22,4,1,1,0,0,91.80142390652735,2.293983022536707,0
CUST10966,57,Female,South_East,26,699,35484.58075980519,4,0,20,3,1,1,1,1,218.20966552771392,6.082505763461015,0
CUST10967,74,Male,London,1,811,34202.32101183807,1,1,6,3,1,1,1,0,266.5880590243844,5.849677634915794,0
CUST10968,21,Female,West_Midlands,75,641,44965.5197610495,3,0,22,1,1,1,1,0,172.89515479554692,4.907022855461798,0
CUST10969,34,Male,Yorkshire,56,526,25872.2577195854,123,0,18,2,1,0,0,1,87.76023382913976,0.5374076149801068,1
CUST10970,55,Male,South_West,27,648,53961.41279731826,3,0,5,1,1,0,1,1,132.59771141894677,2.469439694513556,0
CUST10971,29,Female,Yorkshire,44,694,50047.49412615299,2,0,5,3,1,0,0,0,28.923694775264533,0.8340812332001273,0
CUST10972,20,Female,South_West,74,635,34973.11710252813,15,0,5,4,1,0,1,0,236.51553396106678,1.0818154553667942,0
CUST10973,72,Male,South_West,44,700,30626.782807434844,10,0,22,1,1,0,1,0,174.19656930024692,8.678424895272855,0
CUST10974,69,Female,Yorkshire,70,727,46243.61223942738,84,0,20,1,1,1,0,0,131.0941433962259,3.5198765610294194,0
CUST10975,20,Female,London,73,661,37425.69643218861,1,0,15,5,1,0,1,0,148.54433511780658,1.1576795497975452,0
CUST10976,63,Male,North_West,94,681,52959.2125319754,8,0,23,2,1,0,1,1,173.3412638964896,10.720234631599709,0
CUST10977,60,Male,North_West,9,714,51611.81946630071,34,0,4,1,1,1,1,0,136.92675787713293,9.303881875491221,1
CUST10978,39,Male,Wales,112,778,52595.53198888803,6,0,13,2,1,1,0,1,36.77216301401955,3.540951122152513,0
CUST10979,30,Female,East_of_England,97,695,63262.774356853566,6,0,2,3,1,1,0,0,114.48491081651972,6.747147217519707,0
CUST10980,24,Female,Scotland,46,740,38576.48976740315,1,0,17,2,1,1,1,0,206.97717882155996,1.902576342072749,0
CUST10981,25,Female,South_West,83,477,22432.54463973694,10,0,26,1,1,1,0,0,124.93682852782044,2.408955389965242,1
CUST10982,27,Male,Yorkshire,87,748,28076.869422527383,50,1,19,1,1,1,1,0,141.25212874808236,1.31568814967965,0
CUST10983,33,Female,East_Midlands,13,795,38581.95275764712,1,0,22,2,1,1,0,0,197.67884435221887,2.394776166328926,0
CUST10984,52,Male,Yorkshire,91,781,16946.993676218677,4,2,26,4,1,1,1,0,21.633836912836937,9.538270514153298,0
CUST10985,70,Male,Scotland,14,498,24254.40783485149,6,3,18,4,1,1,1,0,209.04491666238985,1.1683625672163382,1
CUST10986,18,Female,Wales,5,723,46204.007838290294,11,0,6,3,1,0,1,1,177.47324891938257,2.4876429291445694,1
CUST10987,59,Male,South_East,51,627,31395.93391417976,1,2,5,4,1,1,0,0,50.98065757307555,6.473505677330252,0
CUST10988,23,Male,Yorkshire,70,737,48833.33659774171,8,1,2,3,1,1,1,1,201.72672190924192,7.410882178800394,0
CUST10989,35,Female,Wales,27,624,64922.04753449903,91,0,22,1,1,0,1,1,419.8945715149116,4.204913645213377,0
CUST10990,69,Female,Scotland,61,535,24068.468746355047,3,0,21,2,1,0,1,0,177.4571384726148,2.300248525413387,0
CUST10991,43,Female,East_of_England,10,692,29718.622402552886,32,1,20,2,1,1,1,0,37.53219353132936,0.9051694039520912,0
CUST10992,48,Male,Wales,29,692,39508.052645138734,4,2,23,3,1,1,1,0,104.77843311955333,4.004851130238171,1
CUST10993,68,Female,North_West,80,672,51315.93460259438,1,0,27,1,1,1,0,0,173.42468523576784,0.6494518940951113,0
CUST10994,65,Male,East_Midlands,29,767,40856.88870482809,0,3,7,2,1,1,1,0,72.24796153415225,11.237014139957932,0
CUST10995,74,Male,South_West,96,663,34155.787660518625,7,2,26,5,1,1,1,0,78.02700963599945,1.3443209873938908,0
CUST10996,33,Male,East_of_England,25,610,49160.06440279958,35,0,3,5,1,1,0,1,21.35621990040976,11.288596435423948,0
CUST10997,71,Male,Scotland,87,738,42421.15814226212,75,0,29,5,1,1,0,1,178.80088073863115,5.966323974048722,1
CUST10998,20,Female,Wales,111,710,20425.316208314533,1,0,16,5,1,0,0,1,288.79708330203516,16.961837086016082,0
CUST10999,58,Male,East_of_England,31,658,33887.27735896434,44,0,20,4,1,1,0,1,175.62823602550964,3.5982520937070213,0
CUST11000,44,Female,Yorkshire,54,700,51812.08862415334,7,0,26,4,1,1,0,1,116.61552989448462,4.176996661961023,0
CUST11001,54,Female,London,5,673,36328.22384359792,37,0,5,5,1,1,0,1,83.40981662823128,11.768474959359807,0
CUST11002,67,Male,East_Midlands,4,770,30001.987519752587,2,2,3,4,1,1,1,0,121.28209349237524,3.2269240415113143,0
CUST11003,54,Male,West_Midlands,109,557,35724.10263306728,64,0,28,1,1,1,1,0,89.8292421417025,7.583719837145959,1
CUST11004,68,Male,Wales,28,679,18605.472024182207,45,0,15,5,1,1,1,0,84.59046425992504,1.8753206012231527,0
CUST11005,45,Female,South_East,3,665,27384.649195312333,30,1,10,2,1,0,1,1,147.97839150825527,5.725605767046694,0
CUST11006,39,Male,South_East,98,575,17645.916777819857,40,0,17,5,1,1,0,0,305.9251353424332,3.472253488419941,0
CUST11007,31,Male,East_of_England,16,723,24990.569184235064,0,4,21,3,1,1,1,0,127.22155596597034,2.0866428305708924,0
CUST11008,19,Male,South_West,78,751,20077.866361256394,0,0,31,2,1,0,1,1,140.9783257718841,2.4572047820241143,0
CUST11009,58,Male,South_East,81,552,29950.26871139017,67,0,17,5,1,0,1,0,105.11949232009032,1.9058549269908174,1
CUST11010,65,Female,South_West,88,762,41685.58348305218,5,0,3,2,1,1,1,0,176.8643943224234,5.401184275680904,0
CUST11011,53,Female,Yorkshire,82,764,22916.478940285066,0,0,4,2,1,1,1,1,503.94152721441515,5.87830113785587,0
CUST11012,58,Male,South_West,57,479,46155.632119462505,7,0,2,4,1,1,0,0,142.96849916437608,6.006908004557098,0
CUST11013,63,Male,Scotland,5,618,41881.13818333967,10,0,2,1,1,1,1,0,119.47703768937653,1.4319474068932234,0
CUST11014,37,Female,London,3,712,42556.45339468956,150,3,19,1,1,0,1,1,243.10133750917356,2.072405774808532,0
CUST11015,53,Male,South_West,89,593,29694.641071883932,7,0,23,4,1,1,1,0,37.469775204309514,1.6934988083337865,0
CUST11016,71,Female,Wales,1,668,34551.88367997888,5,0,20,2,1,1,1,0,229.16415893434936,1.7329818443475125,0
CUST11017,35,Male,East_Midlands,19,493,36890.31714548604,1,0,5,2,1,1,0,0,145.53879949878944,5.666791385241404,0
CUST11018,28,Female,London,73,572,21915.35575195048,0,3,15,2,1,1,0,0,197.43756267281037,0.5838070859276603,0
CUST11019,69,Female,East_Midlands,37,718,39837.83388488036,1,0,7,5,1,0,1,1,190.8600131531436,3.3572628192444363,0
CUST11020,24,Male,London,66,790,34148.58703366315,62,0,22,4,1,1,0,1,158.48129588265041,8.806065025229165,0
CUST11021,73,Male,West_Midlands,70,812,39491.30519054566,118,0,14,1,1,0,0,0,145.17415945428226,1.7430043463102904,0
CUST11022,32,Female,South_West,57,548,72853.6921542595,4,0,28,5,1,1,0,0,267.98585298953014,6.62614408856094,0
CUST11023,34,Male,London,69,677,63616.58744891045,0,0,18,1,1,1,1,0,50.726935907078754,8.965824991422286,0
CUST11024,70,Female,Scotland,51,459,22248.8329549575,5,0,22,5,1,0,0,0,44.684643803998014,0.9079978236522791,0
CUST11025,62,Male,London,94,672,52874.74748632413,69,0,20,5,1,1,0,1,70.62272024776493,13.075894528103614,0
CUST11026,26,Female,London,98,758,22382.92338780301,19,3,24,3,1,1,0,1,59.135915340089156,11.36100418518314,0
CUST11027,74,Female,London,50,482,28917.510109294555,115,0,8,4,1,1,1,0,185.99562723677363,3.5815031032453213,1
CUST11028,61,Female,Yorkshire,5,714,48732.26316528188,0,0,29,1,1,1,1,0,25.145047504546763,7.4134901424270785,0
CUST11029,27,Female,Yorkshire,65,633,38338.39682790388,2,0,23,5,1,1,1,0,104.64913594630289,2.44387959583277,0
CUST11030,33,Male,West_Midlands,54,703,23505.105489531292,42,0,18,1,1,1,1,1,28.03874657087765,3.962533033342057,1
CUST11031,19,Female,West_Midlands,68,639,37003.83615733358,148,0,21,4,1,1,1,0,67.06070958468268,1.2720786845476328,0
CUST11032,72,Male,East_of_England,58,495,66919.20700165696,0,0,17,5,1,1,1,0,58.40867677382772,7.075590247800499,1
CUST11033,67,Male,West_Midlands,11,679,24238.84442011443,2,0,21,5,1,1,1,0,301.7731155334703,1.9521947895922178,0
CUST11034,44,Male,North_West,43,763,52163.90201233563,1,0,23,1,1,0,1,1,25.37930678527555,7.0417783590409915,0
CUST11035,54,Male,Scotland,116,551,36313.065487587155,42,0,23,2,1,1,0,0,63.531528938277766,5.077456483033448,0
CUST11036,20,Male,Wales,51,712,50270.275664814384,51,0,15,4,1,0,0,0,171.52797364580732,10.40884500476526,1
CUST11037,35,Female,South_East,88,510,40347.52333033514,107,0,19,3,1,1,1,1,273.4536974439829,0.35214114458244994,0
CUST11038,29,Female,West_Midlands,116,736,44845.36244736023,0,0,18,3,1,1,0,1,144.11403329252335,2.331850598774114,0
CUST11039,48,Female,South_West,75,706,33750.417125158776,4,2,20,5,1,1,1,0,315.773371111372,9.517133912782334,0
CUST11040,52,Male,Wales,39,612,92746.1538358762,39,0,26,1,1,1,1,0,184.22450389556445,5.822337320251312,0
CUST11041,54,Female,Scotland,41,793,25373.65390380819,4,0,31,1,1,1,0,1,83.63151644406004,0.23809515657370228,0
CUST11042,67,Male,East_of_England,41,668,58542.023353821,2,0,18,1,1,1,1,0,167.12868028179642,2.1835322482676895,0
CUST11043,32,Male,East_Midlands,38,630,43977.6552279058,0,0,1,3,1,1,1,0,69.19550940059332,1.71386278568712,0
CUST11044,18,Female,Wales,98,672,44975.87796715206,6,0,6,3,1,1,1,0,36.673202112167964,5.798090898181501,0
CUST11045,72,Female,South_West,63,506,34521.05737761305,5,0,21,3,1,1,1,1,33.29995398958692,2.9748893182435596,0
CUST11046,52,Male,London,70,749,22625.731033602366,38,0,19,4,1,1,0,1,75.03769293447924,9.761384708334829,0
CUST11047,36,Male,Yorkshire,44,716,69850.98320445088,123,0,21,1,1,1,0,1,72.75203192189709,1.2913027076830594,1
CUST11048,39,Male,South_East,106,677,62497.05535659879,2,0,27,4,1,1,0,0,371.34646874933765,2.637375552477618,0
CUST11049,74,Male,North_West,4,663,42582.37528672711,14,0,20,3,1,1,1,0,75.46473011388173,5.717219783848641,0
CUST11050,49,Female,Yorkshire,23,519,19577.967567432646,1,4,23,2,1,1,0,0,273.049881490868,4.834464654608188,0
CUST11051,63,Female,West_Midlands,64,762,48846.69107197445,80,0,19,1,1,1,0,1,52.747059115414395,9.07751631750508,1
CUST11052,31,Female,Wales,25,762,68296.4781929639,91,0,22,1,1,1,0,0,180.73046583731735,9.489391499838922,1
CUST11053,36,Female,Wales,103,609,33318.08554120283,38,0,24,4,1,1,1,0,64.768286771097,1.686879356507058,1
CUST11054,42,Male,Scotland,98,567,15000.0,48,0,25,4,1,1,0,0,135.6428481157393,7.072772513512327,1
CUST11055,60,Female,Scotland,13,633,115068.6882920472,12,0,21,3,1,0,1,0,104.40750949806156,9.451817077799236,0
CUST11056,64,Male,North_West,32,669,49750.44992632318,10,4,15,5,1,1,1,1,283.2835858343677,2.546427928782683,0
CUST11057,27,Female,West_Midlands,28,531,49464.807080109604,1,0,21,2,1,1,1,0,106.88585405652655,1.896867832723776,0
CUST11058,65,Female,South_West,61,655,25405.8188597105,48,0,6,5,1,1,1,0,114.42689191385078,2.9644607676362678,1
CUST11059,23,Male,South_West,93,689,47661.24431949661,58,2,6,5,1,0,0,0,478.5280888408782,5.105902604766225,1
CUST11060,51,Male,London,8,664,26593.80623861266,3,0,24,4,1,1,1,0,112.68252339621282,4.571247080059214,0
CUST11061,54,Male,East_Midlands,47,452,24195.9607111338,0,0,25,4,1,1,1,1,264.1554850396254,1.9499712824283153,0
CUST11062,65,Female,Wales,49,464,32400.82264897737,0,0,17,1,1,1,1,1,281.4874593172814,1.7786247681494762,0
CUST11063,56,Female,South_West,112,765,37793.67855614375,49,0,26,4,1,1,0,0,514.2951251142305,5.611079168042387,0
CUST11064,20,Female,East_of_England,112,501,42902.51550612934,1,0,23,2,1,1,1,1,118.89730129538805,6.245589953475976,0
CUST11065,55,Female,West_Midlands,53,432,28564.45267148394,30,0,23,4,1,1,1,0,87.38158734320704,1.557298214519035,0
CUST11066,53,Male,West_Midlands,24,689,28108.9893009844,19,2,25,2,1,1,0,0,127.10404599269762,2.2960028245651007,0
CUST11067,39,Male,Wales,95,730,26381.167869614645,7,5,15,2,1,1,1,1,30.25583887578815,1.0991424398997178,0
CUST11068,32,Male,London,96,731,43558.2393481279,4,0,24,2,1,1,0,1,134.82194784350276,4.908585411622076,0
CUST11069,32,Female,East_Midlands,103,703,49546.009204378955,55,0,16,3,1,1,1,1,249.79350451268195,5.985709633003279,0
CUST11070,41,Female,London,109,690,43552.94368667178,40,0,24,5,1,0,0,1,50.02641033742553,1.1967765474550018,0
CUST11071,62,Female,North_West,71,444,21929.566234872767,1,0,4,1,1,1,1,0,568.0431452144588,0.9465525368199088,0
CUST11072,72,Male,South_East,39,802,37481.39475976763,45,0,22,2,1,1,1,1,104.5229847212375,4.718253156178135,1
CUST11073,53,Female,East_of_England,27,716,29301.046126537876,7,0,14,1,1,0,0,0,67.68850256163786,6.393994531600057,1
CUST11074,45,Female,West_Midlands,43,723,40293.73749015768,4,2,25,3,1,1,1,1,26.05032065314209,1.2356135109034945,0
CUST11075,73,Male,East_of_England,108,776,31493.53720972645,87,0,23,2,1,0,1,0,59.474586377240584,4.674018207762143,0
CUST11076,66,Male,South_East,62,696,40306.275760675526,58,1,12,3,1,1,0,0,300.88932242991933,2.111537032440001,1
CUST11077,54,Male,London,60,458,61297.76269271931,0,0,23,1,1,1,0,0,460.894071475952,2.457927006785389,0
CUST11078,45,Male,West_Midlands,83,532,49346.29177536888,4,0,13,2,1,1,1,0,88.3590790267658,16.976543145729917,0
CUST11079,65,Male,South_East,51,699,87892.69636120106,0,0,17,4,1,1,0,1,214.95125869346745,6.155357777346958,0
CUST11080,23,Male,London,52,713,35255.151350758504,52,2,4,2,1,1,1,0,319.73262472744597,1.4278971703525936,0
CUST11081,38,Male,Yorkshire,37,438,37962.987967175046,9,0,11,3,1,1,1,0,210.28722443771517,3.847965577935354,1
CUST11082,44,Female,Scotland,72,704,32040.514323395062,44,0,18,4,1,1,1,0,105.39601118138714,5.7040715637150115,1
CUST11083,36,Male,North_West,114,609,70528.1922927913,4,1,17,1,1,1,1,1,76.94487768913056,15.554491373845423,0
CUST11084,69,Male,South_West,2,529,29545.05190323679,1,3,19,5,1,1,1,0,86.67676274303413,4.347401755018791,1
CUST11085,20,Male,East_Midlands,50,653,29663.177248725537,55,0,14,2,1,1,1,1,110.24022619693004,8.570763275170902,0
CUST11086,28,Female,West_Midlands,63,722,25430.93348832191,1,0,21,5,1,1,1,1,130.46410176654868,7.167659988607679,0
CUST11087,36,Male,Scotland,39,537,38347.70086504068,1,0,5,5,1,1,1,0,251.97924541975348,4.094623280578863,0
CUST11088,43,Female,South_West,96,704,31433.053243322353,0,0,15,4,1,0,1,0,7.310889170085136,9.949173932104792,0
CUST11089,24,Female,South_East,109,763,29937.910410643457,70,1,7,1,1,1,0,0,78.16118203685016,1.2245340043416395,0
CUST11090,47,Female,Yorkshire,72,701,62142.320954040006,7,0,16,2,1,1,1,0,103.96577222372476,5.090360201825871,0
CUST11091,45,Male,West_Midlands,42,631,29763.844104484582,0,2,18,5,1,1,1,0,196.35267715103296,0.8103200641139808,1
CUST11092,20,Female,North_West,93,789,31523.346453398663,3,0,21,1,1,0,0,0,133.44639749010565,2.299197517647362,0
CUST11093,63,Male,Yorkshire,21,743,28092.605940158555,4,0,27,3,1,1,1,0,50.75095433626753,6.786828927623399,0
CUST11094,54,Female,West_Midlands,52,795,29974.528256744285,48,0,22,2,1,1,0,1,67.88019189312352,10.631108159323992,0
CUST11095,43,Female,London,1,742,50726.43746580176,6,0,17,3,1,1,1,0,219.5140304191486,2.544946342935619,0
CUST11096,24,Male,London,117,740,45990.996475395994,16,0,16,2,1,1,1,0,299.7329188669762,1.838087538387917,0
CUST11097,29,Male,London,89,561,31810.1030692528,0,0,3,2,1,1,1,0,205.54920405167513,8.911355859965616,0
CUST11098,58,Female,East_Midlands,108,619,37196.28523027674,0,0,15,5,1,1,0,0,223.42120968430302,1.8386997376456993,0
CUST11099,43,Male,South_East,46,718,42094.867137278205,10,3,14,3,1,0,1,1,121.45083761571573,1.9989940106676942,0
CUST11100,33,Female,North_West,80,502,16183.74463499403,53,3,16,1,1,1,1,0,139.27944928787232,4.207038067224055,1
CUST11101,65,Male,Wales,84,689,31355.4804431205,7,3,22,3,1,1,0,0,35.31775300111327,9.664517158980049,0
CUST11102,69,Male,London,93,470,32285.137908383294,55,0,18,5,1,0,0,1,200.7444435352662,10.559695987391457,1
CUST11103,25,Male,North_West,87,565,58583.27149185133,2,0,18,1,1,1,0,1,85.32211866508267,7.069624312197562,0
CUST11104,25,Male,North_West,80,698,37130.029217309726,42,1,21,1,1,1,0,0,33.627414033797756,7.095127786510077,1
CUST11105,35,Male,London,84,665,31174.838201932762,50,0,18,2,1,1,1,1,169.0795518059708,4.3148889663350705,0
CUST11106,36,Female,South_West,57,703,35313.09480780436,1,0,22,1,1,1,1,0,189.86062150895017,1.0297413546114726,0
CUST11107,54,Female,London,71,818,41441.06328174164,0,0,16,2,1,1,1,0,436.5069695886959,3.6971788767287483,0
CUST11108,41,Male,East_Midlands,115,712,84765.29161005256,0,0,31,4,1,1,1,0,197.089601774644,5.148362642787021,0
CUST11109,33,Female,West_Midlands,85,654,48390.10971669233,67,0,16,4,1,0,1,0,324.6953599082047,3.083830862821222,1
CUST11110,53,Female,South_West,102,727,29890.50911406245,3,0,25,2,1,0,0,0,276.9766645634858,1.2440918162304264,0
CUST11111,44,Male,Yorkshire,89,664,60917.55718571815,0,0,19,5,1,1,0,0,68.88236660177225,9.059932134974183,0
CUST11112,42,Male,Wales,108,518,26191.36951365888,1,0,25,4,1,1,0,0,448.06917887773614,7.567507225348531,0
CUST11113,27,Female,Yorkshire,76,807,31548.195813884613,3,0,19,5,1,0,0,1,170.97041161472805,2.1778592366067464,0
CUST11114,35,Male,South_West,33,685,19773.399362381853,9,1,23,1,1,0,1,0,147.19762778737277,4.271793876689785,1
CUST11115,59,Male,East_of_England,45,513,44830.05863795973,31,3,24,4,1,1,1,0,265.10256559149445,13.220569912349022,1
CUST11116,69,Female,West_Midlands,103,534,37513.55197745856,4,3,23,1,1,1,1,0,248.35672880760254,7.023144106969882,1
CUST11117,70,Male,Wales,88,472,40903.848873487084,11,0,14,1,1,0,0,0,166.84635197121304,6.43836923666719,0
CUST11118,31,Male,North_West,116,493,29864.560888343203,0,0,21,4,1,1,0,0,246.88226559601264,2.208702284999528,0
CUST11119,61,Female,London,1,716,27028.120413015044,33,0,5,2,1,0,1,1,110.81836705463515,2.061911543777332,1
CUST11120,34,Male,Yorkshire,73,795,43490.95075758233,3,2,19,4,1,1,0,0,53.58135302694502,7.943537350169665,0
CUST11121,62,Female,Yorkshire,73,645,48592.77167218871,9,0,19,4,1,1,0,1,183.54775620365817,2.6991968784725446,0
CUST11122,74,Female,East_Midlands,35,654,44702.98467651313,7,0,25,2,1,1,1,1,166.13605202109184,0.4136963416335858,0
CUST11123,50,Male,East_Midlands,93,763,58254.861256547454,237,0,25,5,1,1,1,1,120.95704915805634,3.7256441450927924,1
CUST11124,19,Male,South_East,106,691,41149.82629886192,4,1,21,1,1,1,1,1,30.983156858217406,3.541608534335827,0
CUST11125,63,Male,Scotland,68,694,28728.519032284337,1,0,14,3,1,0,0,0,218.80922930789922,2.2512252300907627,0
CUST11126,55,Female,South_West,80,791,24235.758727978086,6,2,4,1,1,0,1,1,315.9801922743995,3.1511316622875887,0
CUST11127,41,Male,Scotland,113,696,44038.533513710485,30,1,20,4,1,1,0,0,201.68623821420186,4.9774735193554935,0
CUST11128,51,Male,East_Midlands,96,621,25057.369500081877,57,0,29,5,1,1,1,0,138.40078992122554,0.5514129041813024,1
CUST11129,54,Female,South_East,104,727,52075.231541363115,156,0,17,1,1,1,1,0,74.62968549057894,2.8174939128716217,0
CUST11130,67,Female,South_West,33,652,18585.162847861862,7,0,13,2,1,1,1,0,108.4211161290325,6.908034150718682,1
CUST11131,30,Female,West_Midlands,54,774,33929.807231135994,4,0,13,4,1,0,0,0,163.39606023868112,3.607429154037794,0
CUST11132,66,Male,South_West,99,687,47582.710962240686,8,0,26,3,1,0,1,1,41.49913372532617,1.5233827873136099,0
CUST11133,68,Female,Scotland,1,711,56855.491421340455,3,0,20,4,1,1,1,1,210.57865084439632,5.308832285878463,0
CUST11134,44,Male,Scotland,1,742,17140.24246408821,4,0,19,2,1,1,1,1,134.3476288848284,5.7267431497889305,0
CUST11135,64,Female,South_East,7,648,15000.0,63,1,17,1,1,0,1,0,60.078826360606215,5.820917450167345,0
CUST11136,42,Male,Wales,116,659,28297.90984836254,54,0,3,3,1,1,1,0,39.56743022531743,12.532403303343191,0
CUST11137,40,Male,Yorkshire,33,717,33072.194356549735,87,0,22,2,1,1,1,1,186.27666443842986,3.548283023403621,1
CUST11138,19,Female,Scotland,27,660,47828.3867823144,73,0,4,5,1,1,1,0,160.8700691436584,5.945658202172385,1
CUST11139,32,Female,Scotland,84,739,43374.47403447693,4,0,9,4,1,1,0,0,67.56410579908915,5.1368570096721475,0
CUST11140,33,Male,Yorkshire,78,629,42968.39385932378,0,0,15,5,1,0,1,0,279.580521505595,10.123432609607764,0
CUST11141,48,Female,Yorkshire,63,420,50481.06384799501,13,0,22,1,1,0,0,1,110.10619822371753,1.9813243450138143,0
CUST11142,54,Male,East_Midlands,24,686,36866.93957248271,4,1,18,1,1,1,0,0,117.37375604760092,0.4815307329988461,0
CUST11143,65,Female,Scotland,62,703,31313.188868024306,3,3,25,3,1,1,0,0,103.95395576251893,4.989630744336044,0
CUST11144,57,Male,East_Midlands,33,710,32763.59927018667,7,0,18,3,1,0,0,1,138.52596752021262,5.319604943333374,0
CUST11145,33,Male,East_of_England,12,688,26229.058484146924,1,0,17,2,1,1,0,0,230.35539714406642,3.801672622510082,0
CUST11146,52,Male,London,8,718,74538.7655646042,13,0,32,4,1,1,1,0,72.95144858460425,2.1029990206674882,0
CUST11147,33,Male,Wales,21,628,25154.615911959296,2,0,13,1,1,1,1,1,151.606603266137,1.2686923817443474,0
CUST11148,68,Male,East_Midlands,108,725,34836.48351875251,3,1,22,5,1,1,1,0,51.62134789880007,6.000852557397442,0
CUST11149,68,Male,North_West,77,675,47658.40281742747,1,2,20,1,1,1,1,1,54.84251970410495,2.989841234436552,0
CUST11150,45,Female,East_of_England,37,634,47561.54504792494,33,0,18,4,1,1,1,0,73.48783460871051,2.334006268166528,0
CUST11151,24,Male,North_West,13,684,57297.101372752535,1,0,14,2,1,0,0,1,244.50205513480628,1.260188615547657,0
CUST11152,40,Female,East_of_England,63,672,55196.74948205727,0,0,22,5,1,1,1,1,64.78827274113041,4.119850640832853,0
CUST11153,23,Male,London,5,504,31878.082003338954,3,0,21,3,1,1,1,1,268.53741813218386,9.435665879486551,0
CUST11154,30,Female,Wales,35,680,15539.596136321265,31,0,26,5,1,1,1,0,61.41442284960023,4.991992663099259,0
CUST11155,48,Male,Scotland,25,670,27241.431449350886,4,0,25,2,1,1,1,0,387.6697256382982,4.270092928600838,0
CUST11156,55,Male,South_West,99,494,54721.16697934695,2,0,23,5,1,1,1,0,206.45439587136713,6.1142350861304875,0
CUST11157,34,Male,South_West,27,716,41428.911651401686,0,0,22,1,1,1,0,0,82.35075705345162,1.2681553803767562,0
CUST11158,42,Male,London,43,729,45053.97969746314,3,0,25,5,1,1,1,1,96.34177396349223,13.923758840647348,0
CUST11159,34,Female,North_West,9,479,83193.16305147659,14,0,18,5,1,0,1,0,54.082263050784434,2.7400279611747558,1
CUST11160,74,Female,London,38,521,36920.81387839836,46,0,8,5,1,0,0,0,186.80194743991038,6.546539476453294,0
CUST11161,69,Male,South_West,42,466,23447.652332628484,3,0,4,2,1,1,1,0,152.10466332858547,4.292116543502262,0
CUST11162,71,Female,South_East,12,759,26181.938553257798,32,0,27,4,1,1,1,0,139.1042537294357,11.23233331645565,1
CUST11163,35,Female,Wales,59,618,19042.705956442882,2,0,29,1,1,0,1,0,67.27669749873947,5.7574853019111005,0
CUST11164,23,Female,West_Midlands,21,640,29060.87493527166,1,0,22,3,1,1,1,0,72.7943920986772,9.467961369965266,0
CUST11165,24,Female,East_of_England,15,646,47304.57858945378,49,1,7,1,1,0,0,0,24.684357977848066,5.793165536024421,0
CUST11166,41,Male,South_West,46,712,22384.685608445794,2,0,15,2,1,1,1,1,226.1018317162007,1.6345469424751593,0
CUST11167,60,Male,Wales,68,773,35060.46437831196,2,0,5,4,1,1,0,1,43.70643235025645,3.526519014303605,0
CUST11168,38,Female,Wales,106,615,32362.932309213305,9,0,25,5,1,1,1,1,47.32996658831563,1.3058966508609826,0
CUST11169,24,Female,East_Midlands,6,702,22879.500204358348,1,0,20,5,1,1,0,0,127.08455667467514,9.275606456180823,0
CUST11170,44,Female,East_Midlands,39,710,50569.812470339224,25,5,18,2,1,1,0,0,219.89029818899888,2.907322731379391,1
CUST11171,58,Female,London,18,655,34567.89988501654,81,0,23,5,1,1,1,0,85.02154532742752,7.298875750929429,1
CUST11172,52,Male,South_East,108,463,55322.528058637385,3,0,11,3,1,0,0,0,56.767695643873836,4.0176637588014925,0
CUST11173,28,Female,South_West,115,696,18033.90699578846,1,0,6,3,1,0,1,0,175.66410045095353,1.2214354189337093,0
CUST11174,65,Male,East_of_England,94,743,15000.0,67,0,16,4,1,0,1,0,105.51662608577429,3.3053790609849982,0
CUST11175,53,Male,Scotland,36,753,18802.95235084084,12,0,9,3,1,0,0,0,118.94493643361221,5.517590026605905,0
CUST11176,30,Male,East_Midlands,79,717,37399.10912708359,6,0,15,3,1,1,0,0,112.42274969605053,6.440696704276005,0
CUST11177,47,Male,West_Midlands,19,558,26649.99020428146,3,0,24,5,1,0,1,1,147.9238958742169,7.991645849589521,0
CUST11178,63,Male,Scotland,30,656,25958.57503311184,31,0,24,4,1,1,1,0,113.36854437908967,4.346962278624335,1
CUST11179,36,Female,South_East,101,697,30911.92028009747,8,0,25,5,1,1,1,0,53.054887705790414,4.228953258716529,0
CUST11180,33,Female,Wales,54,624,53769.17687497392,9,0,28,5,1,1,0,1,132.3278906547249,1.5809694818422926,1
CUST11181,35,Male,East_Midlands,87,678,47736.29670749648,0,0,17,5,1,0,1,0,386.20785395469443,8.100228011017446,0
CUST11182,48,Female,London,17,738,41100.84658310992,2,0,22,5,1,1,0,1,268.05084814383474,3.5935988976766966,0
CUST11183,25,Female,South_West,33,562,33226.44224847484,0,0,15,4,1,1,1,0,122.06117607389429,4.934408400542882,0
CUST11184,31,Male,South_East,26,786,19543.697508023743,6,0,20,2,1,0,1,0,83.46267838090716,2.11590856930615,0
CUST11185,53,Male,South_West,62,769,53763.976890214384,0,0,21,5,1,0,0,0,96.20858850103492,3.47700660869768,0
CUST11186,63,Female,South_East,48,715,38809.00316968064,53,0,10,1,1,1,0,0,248.43442583485333,5.409212032204914,0
CUST11187,49,Male,Yorkshire,11,776,20310.42639757034,0,0,23,5,1,1,0,0,52.67777468734866,7.560546296119327,0
CUST11188,57,Female,Wales,83,721,15237.790647961707,0,0,3,1,1,1,1,0,273.6585767938556,0.5003778276073211,0
CUST11189,35,Female,London,71,494,39273.357379393135,67,0,22,2,1,0,1,0,73.5234442987372,6.11744570392376,1
CUST11190,31,Female,South_West,36,666,26932.087710094584,1,0,20,4,1,1,0,0,405.5368456497218,0.33978037169405195,0
CUST11191,39,Female,London,11,682,21290.015836641905,12,0,20,5,1,0,0,0,500.2343067066133,11.051592940792867,0
CUST11192,30,Male,West_Midlands,7,531,65149.9712047318,33,0,23,2,1,1,1,1,185.2177327801701,1.1682882591492145,1
CUST11193,69,Male,East_Midlands,51,788,40539.71503607856,57,0,16,2,1,1,0,1,221.0159667568205,4.206631933400647,0
CUST11194,45,Female,London,22,676,23245.06791531498,5,0,15,2,1,1,0,0,130.75830567987154,5.542001725877097,0
CUST11195,37,Male,North_West,33,749,20230.49541203403,71,0,2,3,1,0,0,1,108.20269354340371,4.5433666140723235,1
CUST11196,28,Female,North_West,12,516,21264.11522714642,1,0,22,5,1,1,1,1,44.825017575628124,7.862763535913659,0
CUST11197,46,Male,East_of_England,37,719,53036.97467400795,2,0,18,5,1,1,1,0,186.14898391645437,8.98597945219979,0
CUST11198,44,Male,Yorkshire,37,695,43343.38833184631,62,0,4,4,1,0,1,1,45.53624481048436,1.7187651608917052,0
CUST11199,37,Female,North_West,85,689,46690.863735169376,120,0,28,3,1,1,0,1,225.753559315217,1.33103921849125,0
CUST11200,50,Male,North_West,42,679,48027.586047677476,6,0,23,5,1,0,1,0,82.03070642187168,1.923066789788498,0
CUST11201,45,Male,Wales,108,746,27062.92034867053,187,1,21,5,1,1,1,0,74.48005572164878,3.9423359574978702,0
CUST11202,44,Female,East_Midlands,80,652,78031.76130947786,38,0,19,2,1,1,0,0,54.43149347353616,11.66848351851736,0
CUST11203,59,Female,South_East,16,701,41263.29960351949,8,1,4,5,1,1,1,1,51.28751215091954,1.544753193527598,0
CUST11204,39,Female,North_West,116,570,35356.48135224184,1,0,28,4,1,1,0,0,170.84575507229272,9.369508665346865,0
CUST11205,46,Male,North_West,81,483,44404.12214723047,1,0,23,2,1,1,0,1,161.40472540906572,9.259987998446764,0
CUST11206,42,Male,Scotland,45,649,53575.719646641555,20,0,5,4,1,1,0,0,273.00667282256745,2.5132004946219033,0
CUST11207,48,Male,North_West,73,655,29879.991972853048,0,4,4,3,1,1,1,0,49.43704445569289,4.658065027055816,0
CUST11208,44,Female,East_of_England,48,467,77891.51106598243,30,0,16,5,1,1,0,0,89.26828730401385,9.75551242332675,1
CUST11209,22,Male,London,23,708,24260.56396876626,123,2,25,3,1,1,0,0,213.3266467955434,6.1147135866036475,0
CUST11210,23,Male,Yorkshire,119,818,27761.4389273196,48,0,12,4,1,1,0,0,128.9082269999836,1.2368821761869822,0
CUST11211,27,Male,South_West,29,736,29847.529792911377,35,0,18,2,1,1,1,0,172.82687072075026,6.382884686448813,1
CUST11212,54,Female,South_West,46,505,50580.969611585904,38,0,6,1,1,1,0,1,201.5424961073958,6.558058572774467,1
CUST11213,64,Female,West_Midlands,15,762,32452.16361061269,9,2,19,4,1,1,0,0,101.55498832892904,1.3304793131939328,0
CUST11214,28,Female,West_Midlands,100,672,25875.198869586,40,0,6,3,1,0,0,0,369.572193071526,9.545984642747548,0
CUST11215,72,Female,Yorkshire,17,724,17782.53751637986,5,0,30,1,1,0,0,0,225.59190164801996,0.9543349514345845,0
CUST11216,66,Female,East_Midlands,57,612,32384.793717594464,4,0,29,3,1,0,0,0,167.58524971027254,10.509392485285105,0
CUST11217,30,Female,Scotland,58,647,31497.56594572683,37,0,12,5,1,1,1,0,236.3325471091199,7.926529481874835,1
CUST11218,56,Male,Wales,85,641,18969.626604100802,1,4,2,2,1,0,1,1,19.040958726877477,5.167837352677889,0
CUST11219,26,Male,East_Midlands,108,680,34033.253997657994,12,0,16,5,1,1,1,0,94.73823357298184,3.5062861398963103,0
CUST11220,66,Female,London,51,451,35039.433467895826,0,0,25,3,1,0,0,0,6.766942278043121,4.9810067702016,0
CUST11221,35,Female,East_Midlands,65,714,23969.659348794943,0,0,0,1,1,1,0,0,276.11304529002314,4.7586698165536685,0
CUST11222,53,Female,North_West,65,712,36306.017230229256,67,5,18,1,1,0,1,0,35.84386156122018,3.8918858210852445,0
CUST11223,21,Male,East_Midlands,66,662,131453.44890552477,10,0,13,3,1,1,1,0,58.002348408116404,4.109667052030724,0
CUST11224,60,Female,East_Midlands,28,646,16876.07790371765,0,0,18,2,1,1,1,0,234.0846892507406,3.1928844431844867,0
CUST11225,64,Female,North_West,71,700,38319.45910075452,47,0,18,4,1,1,0,1,135.27030438598015,11.224296545357458,1
CUST11226,43,Male,Yorkshire,51,628,27845.988563246454,2,0,16,4,1,1,0,1,174.2375278638391,7.163745666755222,0
CUST11227,51,Female,Scotland,103,718,53481.42298554851,2,0,21,5,1,1,0,0,33.40344179887659,4.318168975376062,0
CUST11228,31,Male,East_Midlands,29,633,32431.228946907388,13,1,17,3,1,1,1,1,29.50009430367894,1.4932225920922169,0
CUST11229,50,Male,South_West,52,767,26213.991698717902,3,0,14,1,1,1,1,0,68.48730955283989,6.717338019757808,0
CUST11230,64,Female,Yorkshire,75,643,65153.2125179098,76,0,18,1,1,1,1,1,80.63445809385408,5.141113555842651,0
CUST11231,72,Female,West_Midlands,10,693,31071.66367086212,52,0,18,3,1,1,1,0,29.287962853109438,7.038677010922384,0
CUST11232,43,Female,South_East,112,695,31888.73916739705,77,0,23,5,1,1,0,0,21.808847577355703,3.7091649894914545,1
CUST11233,58,Female,Scotland,12,532,33889.16988298807,6,0,4,3,1,1,1,0,100.44971618435957,1.7459404070445281,0
CUST11234,49,Female,West_Midlands,95,758,40512.11894706355,6,0,27,1,1,1,0,0,363.48744078670984,2.7405207751792267,0
CUST11235,19,Male,East_Midlands,6,791,62512.00022056585,0,1,5,1,1,1,1,1,67.86105451735678,3.6961290027640965,0
CUST11236,60,Male,Wales,5,739,40989.241301588954,0,0,24,4,1,1,1,0,137.1916885013378,7.254733143870128,0
CUST11237,51,Female,South_West,33,385,31119.532107844218,31,0,18,5,1,1,1,0,216.85733247352672,3.251739950311321,0
CUST11238,32,Male,East_Midlands,35,745,73152.18647197064,122,0,24,2,1,1,1,1,147.24652127936747,0.837957878965495,1
CUST11239,54,Male,North_West,96,695,70622.98348891622,109,1,0,1,1,0,1,0,298.0386259417106,5.128090077782178,0
CUST11240,71,Female,Yorkshire,66,487,28078.6939980806,5,0,21,4,1,1,0,0,205.00280199054626,1.0487164557879176,0
CUST11241,21,Male,West_Midlands,113,585,34847.92156862728,57,0,18,1,1,1,0,0,81.17940038603766,1.519883079702176,0
CUST11242,31,Male,Scotland,112,742,41992.20870631332,5,0,18,4,1,0,0,1,358.8654643186587,10.978200202707196,0
CUST11243,71,Female,South_East,47,629,39168.957774766706,3,4,18,3,1,1,0,0,118.37554376994728,6.933035920057752,1
CUST11244,45,Female,Wales,1,557,35785.953853835395,55,0,19,5,1,0,1,0,70.2541163317326,2.751882315483636,0
CUST11245,69,Male,West_Midlands,12,667,20315.051957912256,3,0,21,5,1,1,0,0,47.7280607517841,1.699810682013271,0
CUST11246,64,Female,East_of_England,75,439,43366.68160319297,2,1,4,5,1,1,1,0,147.08618853645675,7.376154566612668,1
CUST11247,50,Male,East_of_England,58,452,37612.81444988363,1,0,19,2,1,0,1,0,40.3323910822207,6.443473515993596,0
CUST11248,58,Male,Scotland,117,737,31459.91427194119,9,0,29,4,1,0,1,0,251.94124415903542,2.9003238997149734,0
CUST11249,40,Female,East_Midlands,35,710,30685.91594726449,21,0,16,5,1,0,1,1,193.1949557370745,6.54345952630382,0
CUST11250,55,Female,Scotland,67,692,43991.05969599564,3,0,17,1,1,1,0,0,229.6712268915536,6.58902960593119,0
CUST11251,35,Male,South_East,49,661,25594.37499238704,0,0,5,5,1,1,1,0,26.062387273139123,0.6824094981076081,0
CUST11252,24,Female,Yorkshire,14,711,38048.85469078861,0,0,30,5,1,0,1,1,139.28150223711327,4.912318077186947,0
CUST11253,28,Female,London,17,687,34523.30297235672,0,0,25,5,1,1,0,0,403.8508874286633,2.142372053616657,0
CUST11254,70,Male,London,53,727,52505.35943213251,3,5,13,4,1,1,0,0,158.42619835136693,18.229893309263577,0
CUST11255,39,Male,Yorkshire,67,494,31454.06012810244,8,0,15,1,1,1,0,0,105.85128354603162,0.07422289749038231,0
CUST11256,72,Female,Wales,116,519,49076.66140669356,37,0,18,4,1,1,1,0,168.7175333640587,3.4477214205400957,0
CUST11257,34,Female,Yorkshire,46,739,103379.03105324559,7,0,16,3,1,0,1,0,223.51765374167277,10.342523793612342,1
CUST11258,54,Female,North_West,17,579,44863.72123100946,0,0,19,3,1,1,0,0,104.50007490906353,8.238297800417401,0
CUST11259,67,Female,Yorkshire,67,730,55847.14304303407,38,0,5,3,1,0,0,0,139.65082218605747,3.7116477370128544,1
CUST11260,21,Male,Scotland,59,686,51941.558337399656,60,0,17,5,1,1,0,0,135.0095374975255,6.44542015212227,1
CUST11261,33,Male,South_East,8,695,30256.87296182978,57,2,7,3,1,0,1,0,31.036346032257846,4.805347103984827,1
CUST11262,59,Male,South_West,41,707,36301.909611852825,38,1,18,3,1,1,0,1,145.69218124408107,3.329485614435923,0
CUST11263,63,Male,Yorkshire,33,626,30182.781554568744,49,0,3,1,1,1,1,0,221.02459168297008,5.619814994503141,1
CUST11264,73,Female,South_East,28,774,43779.50570212177,84,1,22,2,1,1,1,1,111.63665583561026,5.594500057838291,1
CUST11265,47,Male,Wales,72,796,47454.21377710367,34,0,3,1,1,1,1,0,45.32596781227851,0.8180002707369058,1
CUST11266,21,Male,Yorkshire,84,702,51248.37532910557,33,0,3,4,1,1,0,1,84.9759862117063,4.556224594407909,1
CUST11267,41,Female,West_Midlands,30,729,79390.2216366081,14,6,17,3,1,1,0,0,331.5425068033384,4.1619081475703625,0
CUST11268,66,Female,North_West,55,732,101576.98856017206,125,0,26,4,1,1,1,1,77.80562883494764,1.6153456081258841,0
CUST11269,31,Male,East_Midlands,112,748,22182.92053643655,59,1,22,2,1,1,1,1,190.76746080514715,1.1453654977590046,1
CUST11270,68,Male,East_Midlands,45,737,38447.48476531472,54,0,16,5,1,0,1,0,33.321726746857145,2.066537074623889,0
CUST11271,48,Female,North_West,8,682,46689.90273332473,3,0,26,4,1,1,0,1,151.72604907514827,2.9363889637176435,0
CUST11272,22,Female,Scotland,24,540,30242.213912029874,36,0,23,3,1,1,1,0,168.36853024922783,6.140494243889107,0
CUST11273,42,Female,London,113,814,43674.771876333645,11,0,22,3,1,0,0,0,96.26401978041613,2.2321750258247457,0
CUST11274,23,Male,Yorkshire,103,638,53793.23573871517,2,0,19,4,1,1,0,0,30.380987802203276,2.9857632192021226,1
CUST11275,43,Male,Yorkshire,11,657,40895.52071573202,23,0,24,4,1,1,0,0,234.88341029855866,7.85674041939995,0
CUST11276,25,Male,South_East,89,666,28651.48881525105,7,0,16,4,1,1,0,1,271.6983290225934,2.9584326425144103,0
CUST11277,48,Male,North_West,119,514,18344.949833508665,4,0,26,2,1,1,0,1,269.80863269826557,7.036726096563709,0
CUST11278,46,Male,West_Midlands,69,662,94168.09902730858,0,0,13,2,1,1,1,1,39.11097286050091,6.579046766096777,0
CUST11279,41,Female,West_Midlands,15,474,29923.28296159936,11,6,15,1,1,1,1,0,220.23682487233535,5.02991074891224,0
CUST11280,45,Female,East_of_England,60,541,15788.761745100444,23,0,27,3,1,1,0,1,206.23716937482772,8.270681129687388,1
CUST11281,49,Male,East_of_England,100,579,44947.09650870809,4,0,16,5,1,1,1,0,323.73523182814864,5.322257760529682,0
CUST11282,67,Female,North_West,89,727,39139.881327088864,3,1,7,1,1,0,1,0,142.42634319005296,2.2221271977883386,0
CUST11283,54,Female,Wales,66,712,30473.213317862912,112,0,15,3,1,1,1,0,160.39763605688336,4.231647305058977,0
CUST11284,49,Male,East_of_England,29,737,18081.913059711947,2,0,19,4,1,1,0,0,120.26203083748717,2.2522372430771664,0
CUST11285,20,Female,South_East,115,661,24393.636121145842,2,0,25,4,1,1,0,0,109.5975052042234,3.9067937944083884,0
CUST11286,59,Female,Yorkshire,3,578,26016.430891782344,1,1,15,1,1,1,1,1,209.44611750205075,11.172029608725023,1
CUST11287,59,Female,North_West,12,683,37291.09715375046,1,0,24,3,1,1,1,0,217.4381694654006,3.821883130848674,0
CUST11288,21,Female,Scotland,108,758,105323.14935270471,0,0,18,5,1,1,0,1,74.6255009155175,2.0562335419730875,0
CUST11289,31,Male,South_East,106,468,56326.50672970686,1,0,9,2,1,1,0,1,3.7298730064241483,9.638197428941963,0
CUST11290,66,Female,East_Midlands,11,742,52675.191961674616,4,0,3,3,1,1,0,1,236.54789562145788,2.3428642007700367,0
CUST11291,19,Male,London,23,486,30608.248405325798,2,0,5,4,1,1,1,1,159.57003606778977,0.8819258211898875,1
CUST11292,47,Female,Wales,13,738,29046.225567793575,3,0,5,4,1,1,1,0,271.4877289415477,11.947002823582562,0
CUST11293,24,Male,West_Midlands,79,699,43151.71115786266,12,0,24,1,1,0,1,0,55.95519183852151,2.325596554531127,1
CUST11294,57,Male,North_West,55,680,43919.527144080996,2,2,6,2,1,1,1,1,59.0242661535107,12.239518152289033,0
CUST11295,48,Male,Scotland,52,664,18909.150128221954,1,0,23,4,1,0,1,0,210.1200568393803,1.475986421686796,0
CUST11296,58,Male,Wales,95,563,56255.92986013064,45,2,29,4,1,1,1,0,59.8716358627025,12.000736627508443,0
CUST11297,42,Female,Wales,5,784,79370.3712618373,0,0,24,1,1,1,0,1,95.78480291427586,2.883165531429565,0
CUST11298,31,Female,East_Midlands,101,742,32637.38278325559,5,0,23,5,1,1,1,1,186.98818740914965,3.6052037646813613,0
CUST11299,45,Female,East_of_England,59,609,25623.443855967173,43,0,21,2,1,1,1,1,71.167844451063,7.676159626118544,1
CUST11300,46,Female,North_West,22,723,21275.49386017468,0,0,26,1,1,1,0,0,325.84742412233584,2.8393625544436234,0
CUST11301,64,Female,East_of_England,114,508,27639.02442629602,2,0,4,1,1,0,0,1,81.34348011954148,4.571765743024747,1
CUST11302,21,Female,Wales,106,632,56205.76398020685,4,0,22,3,1,1,1,0,109.14811865248004,4.742256652936716,0
CUST11303,18,Female,East_of_England,50,672,16424.795797270217,50,3,20,4,1,1,0,0,184.8847240018917,7.300891262514072,1
CUST11304,30,Female,West_Midlands,112,506,40634.311701077495,0,0,24,3,1,1,1,1,117.91496512885455,2.8076451794079023,0
CUST11305,53,Female,Wales,106,694,51999.688141167906,61,0,20,5,1,1,0,0,31.486224068587386,5.458545949119764,0
CUST11306,37,Female,East_of_England,112,526,20579.89432668273,20,0,30,4,1,1,1,0,173.1593915035071,0.2577434953097036,0
CUST11307,35,Male,Wales,36,546,22749.88721719613,0,6,27,4,1,1,1,1,33.691775808095166,6.999773514066225,0
CUST11308,65,Male,Wales,26,679,31670.060720574344,2,0,25,4,1,1,1,0,390.05085845476975,3.0277034244436223,0
CUST11309,53,Male,West_Midlands,5,725,19585.55906475363,0,0,5,1,1,1,0,0,244.01713133651168,3.606595083247188,0
CUST11310,55,Male,West_Midlands,43,529,86676.24052505707,4,3,17,1,1,1,1,0,53.36990079339878,3.1209177840953513,0
CUST11311,44,Male,West_Midlands,51,427,24673.78554203918,1,1,9,3,1,1,1,1,201.46993224684715,1.4169481337370005,0
CUST11312,29,Male,West_Midlands,41,640,40001.93460451827,5,0,27,2,1,0,0,1,27.907592188528405,4.7761679823608265,0
CUST11313,26,Male,East_of_England,34,715,36785.0275816448,0,4,19,5,1,1,1,0,262.64746399496886,4.6832161958106076,0
CUST11314,71,Female,West_Midlands,63,465,20194.921066522507,1,1,29,1,1,0,0,0,103.15456137832541,7.951692267168435,0
CUST11315,44,Female,Scotland,109,692,47111.6637331715,37,0,25,5,1,0,1,0,132.06094594140063,6.998338927974874,1
CUST11316,25,Male,Scotland,113,721,35184.1547484265,91,0,19,5,1,0,1,1,187.08107976840535,3.924879020430016,1
CUST11317,57,Male,South_East,93,448,40149.142696659575,54,0,17,3,1,1,1,0,196.69937638862268,1.6930953618491493,0
CUST11318,66,Female,North_West,11,679,28653.086560379117,5,0,22,1,1,1,0,1,150.96589813156467,2.401363760474096,0
CUST11319,31,Male,London,90,657,34945.014579565075,36,0,19,4,1,1,1,0,230.23339880201922,1.5580005274929678,1
CUST11320,26,Female,East_Midlands,29,687,23033.199070776747,63,0,19,4,1,1,1,0,429.07179598953695,6.213954189276857,1
CUST11321,40,Male,London,24,641,39748.87165392962,0,3,19,5,1,0,0,1,34.49188395113584,8.591998500780118,0
CUST11322,74,Male,Yorkshire,6,618,27367.866404404835,1,3,20,4,1,0,1,0,146.19571723961175,13.288876576064917,0
CUST11323,21,Male,Wales,69,773,46557.368162905215,8,0,23,4,1,0,0,0,201.14246908812808,16.333580655163424,0
CUST11324,25,Female,South_West,44,684,65543.94491646592,0,1,18,3,1,0,0,0,277.6688553066734,4.767688117884089,0
CUST11325,34,Male,Wales,40,660,51497.833970549385,3,0,21,2,1,1,0,1,322.8706258610441,7.0770747438273265,0
CUST11326,62,Female,London,50,638,30737.544846899596,2,1,18,2,1,0,0,0,154.13159247647624,3.029230342189557,0
CUST11327,36,Male,East_of_England,42,670,35497.05832529449,1,0,27,4,1,1,1,0,185.08089073526526,4.596098920147572,0
CUST11328,44,Male,Wales,21,638,23109.518075892982,0,2,0,4,1,0,0,1,198.80677970399523,7.778522744342683,1
CUST11329,23,Female,South_West,99,665,80282.67011369372,56,0,15,4,1,1,1,0,62.4148474516893,3.2226637699485616,1
CUST11330,47,Male,West_Midlands,19,755,30655.89024584336,0,0,15,5,1,0,1,0,308.1482600669641,2.6835201484057625,0
CUST11331,41,Male,East_of_England,73,710,38746.48563826236,6,3,21,1,1,0,0,0,99.68771933058677,2.8076275576053917,0
CUST11332,45,Female,South_East,16,601,35850.95984621276,10,0,29,4,1,1,0,1,126.55740812974268,8.868833506022872,1
CUST11333,29,Male,Wales,99,561,26880.545339561017,6,0,27,5,1,1,1,0,234.67719612616662,10.125133899868871,0
CUST11334,55,Female,South_West,85,713,32053.044594442843,10,0,23,2,1,0,1,1,37.666839842920496,3.755292314789763,0
CUST11335,44,Female,South_West,41,614,90458.31245926068,7,0,28,4,1,1,1,1,32.133796168391584,1.4677695712581302,0
CUST11336,40,Female,Scotland,95,740,34405.85936569039,53,0,13,4,1,1,0,0,58.76953819072611,6.645859622645389,0
CUST11337,45,Male,East_of_England,16,757,43488.12251523665,1,0,29,3,1,1,1,0,80.74663279575314,0.8184636459853147,0
CUST11338,56,Female,Scotland,11,712,53163.11155728738,47,4,18,4,1,1,0,1,179.0441569560617,11.230534102792326,0
CUST11339,39,Male,Wales,90,656,28369.96154434965,6,0,10,2,1,0,1,1,74.13541590309923,6.647202030419362,0
CUST11340,26,Male,Scotland,13,534,30017.52025980877,2,0,1,3,1,0,0,0,55.68314318464443,1.355181617545853,0
CUST11341,28,Male,East_Midlands,60,568,55149.9198806535,2,0,24,2,1,1,1,0,139.6755594819275,6.511738538016864,0
CUST11342,38,Male,South_West,31,745,44841.24608438133,7,0,21,1,1,1,1,0,42.419295706066066,5.874866818902726,0
CUST11343,31,Male,East_of_England,103,439,28354.561826200046,0,2,16,1,1,0,0,0,13.379076895826966,4.865418960434288,0
CUST11344,43,Male,London,103,760,66937.292968926,75,1,16,2,1,0,0,1,16.002678451377864,6.662401158323088,1
CUST11345,74,Female,Yorkshire,83,729,81952.87478177059,3,4,25,1,1,0,1,0,222.614951394203,2.2838976446085892,0
CUST11346,62,Male,East_of_England,66,675,53784.98480226332,0,0,21,3,1,1,1,0,28.664532780182505,4.522271931967582,0
CUST11347,47,Female,Wales,87,716,40089.96609245762,101,0,22,2,1,1,0,0,386.4891263263499,5.037336240037965,0
CUST11348,53,Female,West_Midlands,73,490,38068.32042976539,6,5,18,5,1,1,0,0,48.9237609974813,1.5133124814310093,0
CUST11349,68,Female,London,31,717,32678.371232324767,1,0,21,3,1,1,1,0,311.2636710484869,4.8498805395308375,0
CUST11350,32,Male,Scotland,110,709,52016.809531259074,3,3,27,3,1,1,1,0,98.88914776842269,2.6060284756609113,0
CUST11351,22,Male,Scotland,2,681,43346.99135858866,2,0,20,1,1,1,1,1,86.45117106990557,6.5055948125698295,1
CUST11352,41,Male,South_West,81,660,39046.00757374865,39,0,6,1,1,1,0,0,45.74613521391848,4.721963345325006,1
CUST11353,68,Male,East_Midlands,117,730,56070.626612943575,6,0,22,2,1,1,1,0,64.14533735535123,3.027368389232315,0
CUST11354,69,Male,Wales,41,726,30464.364244389828,8,0,4,1,1,1,1,0,552.6858986609817,4.74732449843726,0
CUST11355,43,Male,Yorkshire,111,525,85988.35401303327,17,0,24,3,1,1,0,0,287.88359927363507,5.944948816348573,0
CUST11356,32,Female,Scotland,1,571,20667.072183646298,3,0,20,4,1,1,1,0,173.60798999647025,5.352821850459354,0
CUST11357,39,Female,Scotland,114,520,30664.29750580517,46,0,24,2,1,0,0,0,72.78782145641637,3.0793522061899274,1
CUST11358,44,Male,Yorkshire,73,664,21489.33032184471,49,0,14,5,1,0,0,0,178.93056235953176,2.8581153562371444,1
CUST11359,55,Male,East_Midlands,51,707,39072.026837506026,67,0,5,4,1,1,1,0,201.4964307481594,2.4246291190618603,0
CUST11360,55,Male,North_West,28,791,28086.165947171343,68,0,8,1,1,1,1,1,322.4705148987479,6.05155554482582,1
CUST11361,25,Female,East_Midlands,43,712,31559.151936911723,9,0,2,1,1,1,1,0,212.9066486267883,9.235007735626086,1
CUST11362,36,Female,Yorkshire,46,558,41007.11733096247,8,0,19,1,1,1,1,1,134.02722829058607,3.211258369498548,1
CUST11363,19,Male,South_West,84,723,39695.2155753092,4,0,20,4,1,1,0,0,18.524970512018314,9.423839140527324,0
CUST11364,33,Male,London,73,552,75570.97410225184,1,1,7,4,1,1,0,0,157.70705290362446,11.26653843166769,0
CUST11365,56,Female,East_of_England,89,690,23935.789277632855,6,0,22,4,1,1,0,0,160.894188075379,2.594507764337081,0
CUST11366,67,Male,East_of_England,1,655,26132.536436170016,8,0,24,2,1,1,1,0,99.46678571716645,7.005425834013106,0
CUST11367,40,Female,Wales,3,739,46713.59892692004,1,4,25,4,1,1,0,0,150.32024694427136,4.585105406125123,0
CUST11368,71,Female,West_Midlands,22,747,44236.3297488459,3,1,24,3,1,0,1,0,122.22245252783821,6.161944415924778,0
CUST11369,58,Female,Scotland,36,784,55775.06972716567,5,2,19,2,1,1,0,0,54.91448349942647,3.7364133518287646,0
CUST11370,70,Female,North_West,55,462,34629.42410079729,4,0,24,1,1,1,1,0,180.07473111115618,4.300531613838498,0
CUST11371,30,Female,Wales,61,797,22153.970061091735,5,0,18,5,1,0,0,0,126.64409123250483,5.419780269553752,0
CUST11372,18,Female,East_of_England,48,804,37616.035366950695,2,4,14,2,1,1,1,0,235.5023952945144,2.2689817010009836,1
CUST11373,64,Female,Wales,106,783,30404.108657054156,2,0,26,4,1,0,1,0,60.23506255404527,10.639231865040834,0
CUST11374,45,Male,West_Midlands,74,588,32276.896423921877,50,0,22,3,1,0,1,1,15.649665158148835,9.438833214179287,1
CUST11375,62,Male,London,24,739,60623.05570235255,45,0,8,5,1,0,1,0,102.52149904581168,8.837161135282054,0
CUST11376,69,Female,South_West,34,422,44568.8323794418,60,0,27,1,1,0,1,0,34.285964049670426,5.09945167778366,0
CUST11377,38,Male,South_East,3,700,78016.80846084729,34,0,15,5,1,1,1,0,200.86431519341565,9.785791705017903,0
CUST11378,66,Male,North_West,104,542,39685.01875442709,24,0,20,3,1,1,0,1,116.351835713019,5.608554032123756,1
CUST11379,43,Male,South_East,103,745,40032.544251921834,0,0,13,3,1,1,1,0,253.76483428505577,10.035830694445929,0
CUST11380,49,Female,South_West,17,719,70568.69874684016,46,0,25,1,1,1,1,0,87.2589841157134,9.31776450856445,1
CUST11381,72,Male,East_Midlands,67,708,37975.23410388307,14,0,29,1,1,0,0,0,78.88319762971264,2.808547540546943,0
CUST11382,22,Female,South_West,22,488,45340.36262971614,3,0,20,5,1,1,1,0,198.64118753198116,6.701062685193769,0
CUST11383,39,Male,East_of_England,90,690,23171.831466388812,0,0,22,5,1,1,0,0,28.317832768461713,2.9686976687316395,0
CUST11384,43,Female,West_Midlands,19,572,33807.409152756154,16,1,16,5,1,1,0,0,148.73333757513817,9.25811352406448,0
CUST11385,46,Male,London,88,489,70904.24134240086,56,0,16,1,1,1,0,0,64.71014370076516,7.888149318157832,1
CUST11386,68,Male,Scotland,100,640,35601.62295883201,38,4,29,4,1,1,1,1,186.30732142040245,6.4694464692638,1
CUST11387,55,Male,South_West,111,785,67402.90684082561,2,0,24,3,1,1,1,0,129.54831950943964,1.839521569429149,0
CUST11388,32,Female,Yorkshire,1,706,27699.886455016174,17,0,23,5,1,1,0,0,108.9807906567895,2.606696235365556,0
CUST11389,43,Male,Scotland,29,784,49832.87458992335,36,2,4,1,1,0,1,0,460.26779771259714,1.4618207321281447,0
CUST11390,24,Male,West_Midlands,61,454,39726.81984599443,3,0,28,3,1,1,0,0,71.61438662790621,3.216330008637638,0
CUST11391,18,Female,Wales,95,519,84260.77304807052,111,2,7,1,1,1,1,0,120.10723229083004,3.917297895126752,1
CUST11392,60,Female,North_West,23,707,15000.0,10,0,16,1,1,0,1,0,121.2913327331986,18.212365337626753,1
CUST11393,34,Female,Wales,102,688,64253.15934218443,20,1,20,1,1,1,1,0,173.19470995793228,4.3309203906723965,0
CUST11394,67,Male,South_West,48,679,25456.83322552897,38,0,19,3,1,0,1,0,79.03271885860491,2.78548961312218,1
CUST11395,31,Female,South_West,82,658,85804.09706627687,58,0,17,5,1,1,0,0,66.35805796591063,11.177360556307152,1
CUST11396,46,Female,Yorkshire,10,663,19385.050649288998,3,0,19,3,1,0,0,1,101.79314260460842,0.6588436654657768,1
CUST11397,40,Female,North_West,65,699,56089.115271441755,3,0,20,2,1,1,0,0,72.30192896960642,9.547727978766737,0
CUST11398,74,Female,Yorkshire,3,659,26801.605515692463,2,0,5,4,1,0,0,0,30.407262414397643,7.653421147738095,0
CUST11399,39,Female,South_West,94,523,26030.822885036443,0,0,18,5,1,1,1,1,257.5663578069078,6.1798058945724685,1
CUST11400,61,Female,London,102,717,27707.38321690045,32,0,5,4,1,1,0,0,49.544403674469834,4.392518635511944,1
CUST11401,40,Female,East_of_England,18,741,39587.35844119346,1,1,15,5,1,1,1,0,172.10827506855335,9.592262023931294,0
CUST11402,33,Female,East_Midlands,113,715,60916.49251010047,0,1,21,5,1,1,1,0,153.93846486264135,8.886452453345036,0
CUST11403,26,Female,South_West,68,601,25759.673610753245,78,0,8,1,1,0,0,0,371.5246221413897,4.022525827252516,1
CUST11404,74,Female,South_West,11,750,59405.559131937516,103,0,18,2,1,0,0,0,58.70058699560914,9.205037546981378,1
CUST11405,56,Female,South_East,59,695,25557.00893584192,37,2,13,5,1,0,1,0,419.9599902646447,4.487554961166623,0
CUST11406,50,Female,East_Midlands,44,718,33428.14047409995,2,0,25,3,1,1,1,0,256.1115348734558,13.71408398461182,0
CUST11407,31,Male,Yorkshire,37,680,82812.19611167388,3,0,26,1,1,1,0,0,80.4555184348217,3.1767377874942127,0
CUST11408,39,Female,South_East,82,683,38976.00006729077,10,0,27,5,1,1,1,0,315.8553002773966,5.70731987720416,0
CUST11409,41,Female,Yorkshire,61,816,15000.0,74,0,6,1,1,1,1,0,39.351823717230666,2.8479880623098963,1
CUST11410,50,Female,London,85,470,31390.803523837436,35,0,26,3,1,1,1,1,87.49394698366766,0.8827888683941507,1
CUST11411,35,Female,Yorkshire,107,511,52871.073999936925,1,0,4,5,1,1,1,0,81.01250977970177,7.315971150075772,1
CUST11412,61,Female,South_East,63,708,40721.30936642796,39,0,8,2,1,0,0,0,180.9963414308675,5.059131547945238,1
CUST11413,33,Male,London,34,747,25340.331528088795,40,0,27,3,1,0,0,1,67.25952800099402,6.959055450064135,0
CUST11414,57,Male,London,76,776,30206.099479396078,2,0,12,3,1,0,0,1,67.00564399288143,9.533403650428019,0
CUST11415,45,Male,Yorkshire,28,433,61906.20316993446,7,4,5,3,1,1,1,1,140.75774415771536,5.046879762510845,0
CUST11416,50,Female,Wales,62,686,32076.20692748639,77,3,24,3,1,1,0,0,227.09632537213238,2.370317071243058,1
CUST11417,44,Female,North_West,79,773,26296.34557156118,1,0,22,4,1,1,1,0,102.86599408311525,11.270745863657282,0
CUST11418,37,Male,West_Midlands,78,690,32537.690653558213,2,0,23,3,1,1,0,0,272.141052271545,10.86266723517153,0
CUST11419,66,Female,North_West,13,534,34265.98813613676,6,2,26,1,1,0,0,0,37.17541431860986,7.83393372477755,1
CUST11420,37,Female,South_West,76,699,61519.573969990306,0,0,26,4,1,1,1,0,108.41157115025005,5.744553339119733,0
CUST11421,54,Female,North_West,60,788,44829.38469059511,0,1,12,5,1,1,1,0,42.81384978085812,6.970740375931896,0
CUST11422,70,Female,East_Midlands,58,672,40490.93632059636,2,0,13,5,1,1,1,0,329.6718747026452,2.575242046887464,0
CUST11423,53,Female,North_West,77,700,63869.97885010897,98,0,21,1,1,0,0,0,92.9026698307819,4.150762770898,1
CUST11424,23,Male,East_Midlands,80,737,22109.688023217335,4,0,7,4,1,1,1,0,163.30418951313368,3.607354243544814,0
CUST11425,30,Female,Scotland,101,727,17358.376184465113,84,0,17,1,1,0,0,0,9.11849795362797,4.736704677514078,1
CUST11426,33,Male,East_of_England,101,661,48359.52368131615,3,0,18,3,1,1,1,1,36.79641393434108,2.9895522931291407,0
CUST11427,65,Male,East_of_England,100,724,22576.103331604012,10,0,7,1,1,1,1,0,159.36819536684948,3.1395233546089756,0
CUST11428,18,Female,West_Midlands,43,630,42058.58125244616,11,0,20,5,1,1,1,0,154.09717117248357,6.994000363280712,0
CUST11429,71,Male,East_of_England,59,691,20013.37652175922,6,0,6,1,1,0,0,1,61.467069683041835,1.9830327506391652,0
CUST11430,62,Male,Scotland,87,763,34877.871809873606,65,0,18,3,1,1,1,0,44.80305791100869,6.960461935695373,0
CUST11431,72,Female,South_East,38,657,68581.54638841882,4,0,22,5,1,1,1,0,43.82759580875616,3.332453628131693,0
CUST11432,26,Female,South_West,106,611,57429.92802683739,17,0,5,2,1,1,0,1,278.3724452973036,11.390912858354529,0
CUST11433,33,Female,South_West,72,699,17247.86196505268,6,1,20,4,1,1,0,0,135.14370857945275,5.0256771907114075,0
CUST11434,25,Male,South_East,64,612,27777.004204233417,82,0,27,3,1,1,0,1,235.73325959617972,8.982715025168536,1
CUST11435,44,Female,East_Midlands,103,692,31051.43749689224,4,1,21,3,1,0,1,0,16.427532937485996,4.249316652882308,0
CUST11436,71,Male,East_Midlands,9,441,42026.86152655195,0,0,21,3,1,0,1,0,144.28400940000128,2.4902725146288147,0
CUST11437,66,Male,South_East,18,430,22399.146832446746,37,0,16,2,1,0,0,0,139.07132287069797,12.685521524675812,0
CUST11438,41,Female,Yorkshire,23,523,47959.284523383445,1,0,18,3,1,1,1,0,38.696246192930126,3.590391221548543,0
CUST11439,66,Male,South_West,62,777,68707.3451794645,0,0,25,4,1,1,1,0,247.59340907629826,0.6466509799110929,0
CUST11440,46,Male,East_of_England,114,651,35853.65941324429,1,0,16,2,1,0,1,1,244.2824325050104,7.010768194728588,0
CUST11441,71,Female,East_of_England,37,660,41304.80334787954,1,0,17,1,1,0,1,0,63.5819480836823,5.941673988983154,1
CUST11442,26,Female,South_East,20,468,47316.806881792865,3,4,16,5,1,1,0,0,114.40961896413665,6.777823045347718,0
CUST11443,70,Male,West_Midlands,26,690,29729.850085607824,11,0,19,2,1,1,1,0,44.72181588519437,7.831323726845273,0
CUST11444,74,Female,South_East,112,714,48537.69250780411,7,0,19,2,1,1,1,0,162.737628182609,8.09354343706417,0
CUST11445,55,Male,East_Midlands,11,736,23638.49067126159,105,0,4,2,1,0,1,0,42.32186896717728,7.1162809275803145,1
CUST11446,21,Male,West_Midlands,117,471,42733.01024286029,5,0,21,1,1,1,1,0,242.31207848230972,1.6639752668529315,0
CUST11447,30,Female,Scotland,34,506,47152.45410377513,8,0,11,4,1,1,0,0,177.64957169245164,2.0732975083727365,0
CUST11448,48,Male,North_West,33,739,39817.67263619097,1,0,5,3,1,0,1,0,197.3380040215601,2.326944651155025,0
CUST11449,66,Female,North_West,40,636,71943.14293765508,38,0,16,5,1,1,1,0,191.63851376330814,2.215805869134655,0
CUST11450,72,Male,East_of_England,44,492,44165.35380660107,91,0,13,5,1,0,1,1,376.9777098750658,1.981743684227433,0
CUST11451,45,Female,Wales,62,740,41605.41126613611,5,0,18,4,1,1,1,1,82.11878759339774,1.0777074341689008,0
CUST11452,23,Female,East_Midlands,118,484,46312.53664340061,3,0,15,4,1,0,1,0,145.38514076863905,1.328853612690686,1
CUST11453,29,Female,Wales,40,753,39627.650130616275,0,0,22,2,1,1,1,0,237.77588874441665,3.9078478040812428,0
CUST11454,65,Male,South_West,41,679,43394.715289856395,52,3,7,5,1,0,0,0,94.43723210317863,6.5237000104633225,1
CUST11455,52,Male,Wales,88,669,15000.0,3,0,2,4,1,0,0,1,257.9356034543461,0.9917595351076425,0
CUST11456,67,Male,East_Midlands,39,686,38024.81102471501,1,1,19,4,1,1,1,0,5.796894858803374,8.84911385359022,0
CUST11457,74,Female,South_West,42,783,28075.097460609337,1,0,16,5,1,1,1,0,115.58809650417625,11.610659810052413,0
CUST11458,58,Male,London,79,716,31938.538716622523,6,0,29,5,1,1,1,0,45.620414769540446,2.717150898685184,0
CUST11459,50,Male,Yorkshire,81,545,27478.754869383185,1,4,15,3,1,1,1,0,118.12674751200282,2.21061390280214,1
CUST11460,58,Female,East_of_England,36,673,39682.11502246396,42,0,18,3,1,1,0,0,70.44496752558399,9.693292286528656,1
CUST11461,71,Male,South_East,100,515,29687.428198921873,0,0,14,1,1,0,0,1,53.06789216137743,13.438111585885629,0
CUST11462,35,Male,Wales,38,672,15000.0,39,0,12,4,1,1,0,0,122.52145751867798,12.787401216626398,0
CUST11463,26,Male,East_of_England,14,483,39359.206399316296,93,0,19,3,1,1,0,0,233.31999141363912,4.0492091584151,0
CUST11464,70,Male,North_West,45,693,33709.551999293224,0,0,26,1,1,0,0,0,108.13808898230337,1.1945884946463128,1
CUST11465,67,Female,South_East,32,692,55947.869027842666,35,0,15,2,1,1,1,0,493.0214774985785,5.276487395047706,0
CUST11466,58,Female,South_West,99,649,52957.01861406604,5,2,15,2,1,1,1,0,89.5860885923633,6.449933416596389,0
CUST11467,63,Female,Scotland,52,812,24846.852555315378,131,0,16,3,1,1,0,0,42.56161358961802,8.54455418497427,1
CUST11468,23,Male,London,75,693,70613.31301581734,10,3,23,1,1,0,1,0,206.84988870704493,14.403261222309617,1
CUST11469,61,Male,Wales,9,722,69028.58983027315,2,0,22,1,1,0,1,0,57.958901643458496,6.053767015411142,0
CUST11470,55,Male,London,55,727,33990.23558578243,0,0,7,4,1,1,1,0,234.42679700217465,0.46226645099434577,0
CUST11471,50,Female,London,26,624,26119.3849777801,0,1,15,3,1,1,0,0,132.7826618253149,9.360122781343257,1
CUST11472,51,Male,West_Midlands,66,679,40572.892813332626,5,3,11,1,1,0,1,1,301.794895332127,4.6043164522491,0
CUST11473,27,Male,East_of_England,111,468,34440.10723263011,73,0,9,5,1,0,0,1,66.48728275115158,5.125391238467513,1
CUST11474,30,Female,North_West,104,513,25888.921427640453,1,0,23,1,1,1,1,1,374.28858050270975,3.6202016325277633,0
CUST11475,36,Female,South_East,99,420,20155.148261323327,7,1,5,1,1,0,0,1,93.70996439593378,7.863969293381423,0
CUST11476,29,Female,East_of_England,119,728,64747.73632138922,7,0,2,3,1,0,1,0,9.259753756454112,4.457559550199671,0
CUST11477,49,Female,East_Midlands,49,618,70507.65649083242,10,0,15,3,1,0,0,0,111.9123208229118,2.6694695275704285,0
CUST11478,63,Male,Wales,98,619,26821.257261929455,1,0,24,2,1,0,1,0,123.5346810890389,0.9792281687913058,0
CUST11479,58,Male,London,80,699,25164.480833619382,58,0,6,4,1,1,1,1,164.8969818530225,3.620001199949135,0
CUST11480,37,Male,Scotland,35,827,23679.247484380976,70,0,19,4,1,1,0,0,121.55599482214195,5.383317643712982,0
CUST11481,52,Male,North_West,60,677,47426.97712984424,48,3,9,3,1,1,0,0,137.4810636630341,6.904522865102169,1
CUST11482,32,Female,East_of_England,6,696,39585.50338183312,1,3,24,1,1,0,0,0,125.05532164511204,4.239286346767207,0
CUST11483,41,Male,South_East,102,647,28408.39033920391,36,0,21,1,1,1,1,0,79.08487634195261,6.656766372428984,0
CUST11484,40,Female,London,104,480,40675.88304432561,3,1,23,5,1,1,1,0,107.6244921458608,1.0471718266833934,1
CUST11485,29,Female,West_Midlands,9,666,35573.6916596455,8,0,18,4,1,0,0,0,182.10392858640452,6.484276951774618,0
CUST11486,72,Male,North_West,32,709,58955.135129990704,4,0,21,5,1,0,1,0,273.46812170729606,7.114689528037953,0
CUST11487,70,Male,Wales,119,815,38402.30589470067,1,0,25,4,1,0,1,0,325.13945711027293,7.315396777999216,0
CUST11488,61,Male,Yorkshire,53,693,19310.684682856,0,6,18,4,1,1,0,0,22.71692402527772,8.172671102268122,0
CUST11489,22,Female,North_West,104,665,67134.69683585537,0,0,18,1,1,1,0,1,120.61926471607158,5.66430792471591,1
CUST11490,32,Female,Wales,5,682,20235.36057177036,14,4,35,3,1,1,1,0,44.04462727290555,3.4596019930096196,0
CUST11491,21,Male,West_Midlands,93,681,39836.164630009895,3,0,14,1,1,1,1,0,256.78489829041087,2.970678383297107,0
CUST11492,45,Female,West_Midlands,108,766,31711.31852692724,58,0,17,5,1,1,1,0,187.1879659765067,4.288296510105955,0
CUST11493,55,Male,Scotland,45,701,49528.629451093446,1,0,4,2,1,1,0,1,46.717949247199094,3.6859801940055665,0
CUST11494,36,Female,Yorkshire,43,488,44576.33477816324,6,0,21,3,1,0,0,0,46.63988474550838,7.193194344948177,0
CUST11495,20,Male,West_Midlands,73,439,25746.969716827713,1,0,15,4,1,1,0,0,194.4711349280647,11.12929530010631,0
CUST11496,58,Female,West_Midlands,85,684,25291.96286225725,44,0,17,5,1,1,0,0,72.1146056656654,3.625228624556489,1
CUST11497,66,Male,South_East,2,749,24511.54194118354,83,0,24,5,1,1,0,0,97.52275272045706,4.284320588973131,1
CUST11498,30,Male,South_West,44,827,55373.731354326505,0,0,18,5,1,1,0,0,58.74089958385211,2.204876537013542,0
CUST11499,51,Female,Wales,82,531,34084.390375291754,2,0,21,2,1,1,0,0,70.16107114905566,14.78455800456576,0
CUST11500,56,Male,South_West,65,713,41238.00601231653,64,3,24,4,1,1,1,1,59.96531300051278,3.6735599083369594,1
CUST11501,48,Male,South_East,69,686,25979.087495429827,9,0,9,1,1,0,1,0,93.90411398256113,1.820651984831768,0
CUST11502,47,Male,Wales,27,685,22046.189937865638,22,6,4,4,1,0,1,0,125.50660885970898,2.2219363887357364,0
CUST11503,70,Male,South_East,95,672,54006.02079326908,62,0,3,2,1,1,1,0,243.59178079512608,7.277684384597118,1
CUST11504,46,Female,Scotland,108,750,26091.116792143963,0,0,21,4,1,1,1,1,42.72007938367234,4.0354757952568345,0
CUST11505,40,Female,Yorkshire,109,506,36992.59516330722,0,8,17,1,1,0,0,0,481.23949431323916,2.095026688945461,0
CUST11506,27,Female,West_Midlands,13,498,50223.48320662379,1,0,20,4,1,1,1,0,77.6111632199052,8.79875676931219,0
CUST11507,18,Female,North_West,11,716,26383.35270608525,2,0,22,4,1,1,0,0,88.93486998035623,1.1706693927496403,0
CUST11508,19,Female,South_West,116,692,27691.41980061297,0,0,16,5,1,0,1,0,120.2707135039302,5.741094645782776,1
CUST11509,67,Male,South_West,76,398,27362.93314784034,79,0,2,1,1,1,1,1,69.44408674176577,2.4425251367128027,0
CUST11510,70,Female,North_West,117,647,28684.663388076366,6,0,4,3,1,1,1,0,115.25785506501136,2.260991585453651,0
CUST11511,52,Female,Yorkshire,117,667,45219.66032574058,1,1,24,4,1,1,1,1,67.4327448155128,4.399030723175533,0
CUST11512,60,Male,South_West,20,537,36381.35570225829,6,2,23,2,1,1,0,0,205.412770715217,10.163554782271486,1
CUST11513,18,Female,North_West,104,676,53563.53751986481,4,0,22,5,1,1,0,0,9.181297468483953,1.0458817628414625,0
CUST11514,54,Male,Yorkshire,114,732,49556.899084568875,118,0,18,5,1,1,0,0,144.79829022194224,0.8468620924630132,1
CUST11515,39,Male,Scotland,111,768,35745.990325598505,8,0,23,1,1,1,0,0,200.6311906489758,3.445801548001329,0
CUST11516,55,Male,East_Midlands,37,713,29094.778932214424,38,0,12,3,1,0,1,0,160.21249438892085,10.49653475975062,0
CUST11517,23,Female,Wales,21,723,44226.867201173925,4,3,3,5,1,1,0,0,77.46285661353393,2.87658654901437,0
CUST11518,18,Male,West_Midlands,113,743,28111.673185739703,8,0,4,3,1,0,0,1,188.75004585945982,5.6294055249158,0
CUST11519,25,Female,Wales,103,722,29769.47727975174,1,0,2,1,1,1,0,0,246.52740316764408,1.860511767746928,0
CUST11520,57,Female,South_East,68,766,38209.856238456436,36,0,22,3,1,1,0,0,177.94637215540752,3.2740879177165167,0
CUST11521,32,Male,West_Midlands,119,670,29158.08497518303,12,0,15,3,1,0,1,0,142.16983554242333,8.614378091367346,0
CUST11522,48,Male,South_West,47,663,60215.2288019026,2,0,5,3,1,0,0,0,618.3293385350697,3.7338767003399265,0
CUST11523,33,Female,North_West,42,733,28167.28816274569,2,0,16,5,1,1,0,0,205.7441001193684,5.202334596901249,0
CUST11524,62,Male,Scotland,29,483,32680.29649742715,0,0,24,1,1,1,0,0,34.9093695560316,11.5561164310449,0
CUST11525,44,Male,West_Midlands,14,679,63721.64659493051,0,0,18,2,1,1,1,0,20.270142165628823,1.8632028687885662,0
CUST11526,33,Female,London,79,475,15777.857976637142,2,3,23,5,1,1,1,1,106.47429101191277,7.304928870535289,0
CUST11527,30,Female,Wales,92,613,40128.305573910715,10,0,18,2,1,1,1,1,60.73511658892995,5.2694225932452765,0
CUST11528,63,Male,South_West,36,442,26572.917463376514,3,0,23,5,1,1,0,0,46.138675755343534,1.586333349366167,0
CUST11529,63,Male,South_West,48,547,65504.64757905325,0,1,24,3,1,1,1,0,85.25605690550306,5.615367118267862,0
CUST11530,63,Male,London,27,727,45843.97449033841,80,0,25,3,1,0,1,0,41.16362589674087,1.5148109132630663,1
CUST11531,47,Female,Scotland,73,672,64965.78449896677,1,4,6,3,1,0,0,1,195.25930394667006,9.452823695860992,0
CUST11532,26,Female,Scotland,1,727,23052.51851062316,14,0,2,4,1,0,1,1,107.02410385463466,3.0905125624358747,0
CUST11533,67,Male,Scotland,17,453,36904.42876174536,4,0,6,1,1,0,1,0,200.13297091396927,4.481053543540988,0
CUST11534,58,Male,East_of_England,50,543,25498.768868594292,8,0,16,3,1,1,1,0,204.9541077263754,3.8210103204890435,1
CUST11535,55,Female,North_West,11,743,49408.34902133875,185,0,27,4,1,1,0,0,102.73386022017759,2.209202777232471,0
CUST11536,50,Male,North_West,49,763,38878.448814191164,31,0,19,4,1,1,1,1,220.609251232939,9.354557064150375,0
CUST11537,32,Male,South_West,53,549,38658.813342548056,2,0,18,5,1,0,0,0,23.37345085161873,15.118910317313007,0
CUST11538,34,Female,South_East,26,673,106140.80706502772,9,0,7,2,1,1,1,0,131.67369739963593,1.2321523752865147,0
CUST11539,58,Male,London,46,712,30278.462741437765,33,0,24,2,1,1,0,0,562.4602613219668,3.504927450178492,1
CUST11540,45,Female,Yorkshire,8,706,56567.67593062765,4,0,24,5,1,0,0,1,81.41840129868714,1.6286919128051622,0
CUST11541,32,Female,London,49,733,19334.4660623683,0,1,3,3,1,0,0,0,115.64393383921188,1.2887258900206489,0
CUST11542,52,Male,West_Midlands,108,485,43328.47863801468,6,0,19,3,1,1,0,0,77.4513185693862,5.027358163761803,1
CUST11543,27,Male,South_East,78,707,18577.795056765302,4,0,29,5,1,0,0,1,45.04599466274479,4.48369930414308,0
CUST11544,29,Female,Scotland,58,723,29810.82240162577,5,0,3,5,1,1,1,0,9.68596031489841,4.405692413859424,0
CUST11545,65,Female,South_West,80,670,36504.30860544385,2,0,15,5,1,1,1,0,44.772276352142576,0.9935484879325774,0
CUST11546,43,Male,Wales,91,429,22193.678527413507,0,0,20,3,1,1,1,1,159.26019598671363,3.4890946292924374,1
CUST11547,28,Male,East_of_England,70,718,41618.328473229594,3,1,25,3,1,1,0,0,209.50622403255042,3.7041193664068564,0
CUST11548,32,Male,East_Midlands,82,631,35487.355081587346,1,0,10,1,1,1,0,1,142.74814746933473,5.030655227208557,0
CUST11549,26,Male,Yorkshire,40,459,40106.35995004383,1,0,15,5,1,1,1,1,192.4950427115723,8.28961306691292,0
CUST11550,43,Male,South_East,118,767,44717.17006892316,10,0,23,3,1,1,1,1,115.3259374587295,9.479249224233513,0
CUST11551,38,Male,Scotland,16,428,28858.88707636838,20,0,19,5,1,1,1,1,148.07592555022393,2.0179822132818086,0
CUST11552,35,Male,North_West,56,721,29198.86658136176,5,0,24,3,1,1,0,0,223.3430430491019,6.757856030863173,0
CUST11553,47,Female,Scotland,4,717,32067.907593898537,38,0,18,1,1,1,1,1,29.593216744271913,4.192921058699363,0
CUST11554,70,Male,West_Midlands,10,674,21650.523948552174,18,0,20,4,1,1,1,0,163.4500094379722,2.6918046852053816,1
CUST11555,22,Male,South_West,33,734,41708.479173891516,0,4,15,3,1,1,1,0,99.77816870266355,15.985423984458649,1
CUST11556,20,Female,Yorkshire,56,739,56667.69607932697,50,0,6,4,1,1,1,1,99.01372030614571,12.486246231654732,0
CUST11557,53,Male,Wales,62,784,28426.972060077216,4,0,17,4,1,1,1,0,292.1860834582086,6.634703281563814,0
CUST11558,64,Male,Scotland,39,672,51479.96633402652,3,3,14,5,1,1,1,0,148.54775813714335,11.086454727394186,1
CUST11559,42,Male,East_Midlands,7,706,17282.114124209787,119,0,7,2,1,1,0,0,168.3261972840094,3.9751784539821795,1
CUST11560,47,Male,East_Midlands,113,674,39737.985900664535,5,3,18,2,1,1,0,1,96.9184374259009,6.225397614885654,1
CUST11561,58,Female,North_West,36,839,103782.82427805384,4,0,4,3,1,1,1,1,200.93907389236077,2.3794046276459415,0
CUST11562,32,Male,Scotland,47,688,39116.28797406568,6,0,20,5,1,1,1,0,96.08821013919993,3.3663641658688666,0
CUST11563,57,Female,East_of_England,27,504,71592.21582315919,0,3,21,2,1,0,1,0,433.063316197998,3.4206791591790564,1
CUST11564,47,Female,Scotland,74,502,65565.94739413228,3,0,20,2,1,1,1,1,131.76753272775835,6.544988149858081,0
CUST11565,59,Male,East_of_England,26,773,37847.04390369975,8,2,17,3,1,1,1,0,266.3974309430133,22.486795726116622,0
CUST11566,57,Female,South_West,30,508,28944.108018019477,4,0,17,2,1,0,0,0,22.33455545704287,2.9868556217540227,0
CUST11567,21,Female,Wales,47,636,37378.51314216475,7,1,8,3,1,1,0,0,158.81768024452504,10.595948540396895,0
CUST11568,43,Male,Yorkshire,119,720,56674.8874341273,0,0,2,4,1,1,0,0,135.26257730019188,2.264830122482786,0
CUST11569,59,Male,Yorkshire,26,747,20123.660904365475,4,4,18,4,1,1,1,0,144.40771328778428,4.884283227587652,0
CUST11570,51,Female,North_West,32,732,22496.262522422614,33,0,4,1,1,1,1,1,36.56093156543297,1.686987965743734,0
CUST11571,28,Male,Wales,1,709,28019.54137183308,0,3,24,5,1,1,1,0,23.07368759846312,8.87385527031628,0
CUST11572,56,Female,Yorkshire,119,666,46341.86878665417,2,2,25,1,1,0,0,0,193.96370985621817,17.644100175399224,0
CUST11573,19,Female,East_of_England,44,693,38283.81339055998,0,0,6,5,1,1,0,0,14.892089994216388,6.602740915325249,0
CUST11574,31,Female,Scotland,45,656,31880.40086876232,289,0,13,5,1,1,1,0,188.3006615921025,2.6394097554344045,0
CUST11575,27,Male,West_Midlands,30,764,35678.22907409429,2,2,24,3,1,1,1,0,271.9048982155563,4.7952605645666875,0
CUST11576,46,Male,London,79,716,52093.67884038425,7,0,2,2,1,0,0,0,51.286498625319155,4.095451828341164,0
CUST11577,54,Male,East_Midlands,53,654,21834.95879446804,4,2,18,5,1,1,0,1,152.6418991651621,2.9496547081278512,0
CUST11578,33,Male,South_East,100,533,51176.70944112085,0,0,22,4,1,0,0,0,255.07086426340737,5.176725393263365,0
CUST11579,69,Male,Yorkshire,15,702,40347.164145496135,1,0,20,1,1,1,1,0,111.51197952306087,1.8387997613392104,0
CUST11580,44,Male,East_Midlands,59,688,21455.62425187921,8,4,2,3,1,0,1,1,385.7217840266234,3.4187132725284046,0
CUST11581,69,Male,South_West,41,580,50916.64493260415,91,0,22,1,1,1,0,0,139.78149937082566,6.35485702425804,1
CUST11582,22,Male,South_East,26,649,28041.952885530653,0,0,24,5,1,1,1,0,99.06270513876181,4.216527393141131,0
CUST11583,69,Female,Scotland,87,634,40864.53401698707,74,0,16,1,1,1,1,1,63.21506631833271,6.756191226499135,0
CUST11584,40,Female,East_of_England,88,699,68285.05149229891,44,0,20,5,1,0,0,0,337.2734976132782,3.3729603563697,0
CUST11585,59,Female,Yorkshire,38,548,33888.274450424185,68,1,24,4,1,1,1,0,134.2366194210597,8.181750150925552,0
CUST11586,29,Female,North_West,100,603,40944.050166116234,1,0,15,5,1,0,1,1,183.72116076001282,0.8704975596958625,0
CUST11587,21,Male,East_Midlands,113,688,30555.20323719094,4,0,17,4,1,0,0,0,468.59526973855105,3.072799120140983,0
CUST11588,36,Female,East_Midlands,80,522,37666.652266882236,17,0,3,2,1,1,1,0,212.55919456882785,2.278048336693855,1
CUST11589,46,Male,Wales,56,673,34583.28863328494,41,0,6,4,1,1,1,0,260.7596503521017,5.659773363120363,0
CUST11590,52,Female,South_West,55,663,36666.862164908365,4,2,17,1,1,0,0,1,90.3443437524424,3.6193184204921662,0
CUST11591,71,Female,Wales,101,806,22573.375584080357,79,1,19,3,1,1,0,0,225.27802575880318,8.742118800530424,0
CUST11592,44,Female,South_East,77,680,60469.42854886247,1,0,5,3,1,0,0,0,62.50309153220607,7.3908826376700425,0
CUST11593,20,Female,North_West,1,583,30913.831410297596,1,0,24,1,1,1,1,0,161.84615749469236,5.149614351217534,0
CUST11594,54,Female,Yorkshire,35,485,78245.00105816982,31,0,21,2,1,1,1,1,110.34535404678388,8.357036794580125,1
CUST11595,39,Female,Scotland,92,540,22831.795663004712,34,4,15,3,1,1,1,0,102.22085631832242,4.439447421388182,1
CUST11596,62,Female,North_West,4,634,59092.06724797197,2,0,28,2,1,0,1,0,27.95168544473912,11.987246920281766,0
CUST11597,31,Male,West_Midlands,70,735,32047.75258240826,14,1,27,3,1,1,0,0,189.14886274994805,7.681510559570874,1
CUST11598,19,Female,North_West,86,656,43484.715345857025,86,0,16,5,1,1,1,0,80.41340528984752,0.5290245827203668,1
CUST11599,28,Female,London,53,607,45968.766147262795,4,0,17,2,1,0,0,1,49.5509053524582,3.411681524341017,1
CUST11600,57,Female,East_of_England,53,691,76612.01755064029,5,3,19,4,1,0,1,0,57.621428250420884,0.6464737645007362,0
CUST11601,69,Male,South_West,20,476,18079.286997274696,4,0,15,3,1,0,1,0,207.06396802714139,3.3306247474791717,0
CUST11602,50,Male,South_East,94,765,38668.76514037329,4,0,5,2,1,0,1,1,133.46913303734166,3.503855895454056,0
CUST11603,22,Female,South_West,40,466,17912.091123084057,116,0,22,4,1,0,1,0,320.6605931959428,8.278953331265933,0
CUST11604,56,Male,East_of_England,22,788,63523.650593943195,39,0,21,3,1,1,1,0,300.0531802548026,6.146870281465669,0
CUST11605,40,Male,Scotland,119,501,32084.426431363536,1,0,6,5,1,1,1,1,81.38430897260486,3.9008536944106242,1
CUST11606,49,Female,Yorkshire,78,503,26192.791001387715,5,0,14,5,1,0,1,0,110.39740093148254,4.415098828376972,1
CUST11607,36,Male,London,111,721,26194.11755961114,0,0,13,2,1,1,0,0,205.1530705386732,3.433625628315769,0
CUST11608,19,Male,South_West,29,406,104125.89618921618,0,0,23,5,1,1,0,1,164.98538492485363,2.8650520279523155,1
CUST11609,69,Male,South_West,115,702,23620.075527656747,6,0,19,3,1,1,0,1,37.83157633528366,3.524507939151491,0
CUST11610,52,Male,East_Midlands,83,481,32997.27354695147,5,4,25,5,1,1,1,0,219.4489533733901,5.454924371357034,1
CUST11611,27,Male,Yorkshire,13,475,25623.272815849774,33,0,25,1,1,1,1,0,185.02327475723675,10.72390798918931,0
CUST11612,20,Female,West_Midlands,93,691,24030.076072394593,43,0,15,3,1,1,0,0,120.78853367891597,5.572177516830731,1
CUST11613,64,Male,South_East,10,460,36236.98155049884,1,0,17,1,1,0,0,0,275.52525870013073,1.9880238959478014,1
CUST11614,41,Female,Wales,106,669,48143.70689328436,3,0,24,3,1,0,1,0,122.18613997911235,4.3178791603920725,0
CUST11615,27,Female,South_East,112,663,29186.348232901917,2,0,5,1,1,0,1,0,128.73824982404264,4.1004902674853385,0
CUST11616,29,Male,London,17,572,19148.265413832643,46,3,4,5,1,0,1,0,60.421315866057476,7.464146855101637,0
CUST11617,57,Female,North_West,54,460,23433.690544771416,0,0,28,3,1,1,0,1,40.9109755569106,9.724476182508473,0
CUST11618,38,Male,East_Midlands,68,689,58575.63832953367,33,1,6,1,1,1,1,1,322.0517760045971,1.9762041946061304,0
CUST11619,24,Male,London,111,684,30851.71494285853,109,0,31,5,1,1,0,0,216.33874937094305,1.4084341894840762,1
CUST11620,70,Male,London,68,635,27876.082635155763,1,0,18,4,1,0,1,0,209.36520298508842,5.428601698133604,1
CUST11621,46,Female,London,116,777,78568.89754170545,9,0,24,2,1,0,1,0,119.85899621999536,8.59415801545497,0
CUST11622,71,Female,West_Midlands,81,661,86525.16115617416,18,0,16,4,1,1,1,0,390.5804517509761,2.871703416595825,1
CUST11623,46,Female,London,108,779,117928.27145810013,60,2,34,2,1,0,1,0,50.93846114556605,3.2178276137915036,1
CUST11624,18,Male,London,35,713,31481.525475624152,3,0,28,5,1,1,1,0,161.7392987086055,10.063240380831092,0
CUST11625,63,Male,Wales,79,459,65981.70308213482,3,0,18,4,1,1,1,0,208.5758463896872,2.3449711213067044,1
CUST11626,56,Male,London,60,575,27532.62215542886,43,0,18,2,1,0,1,1,103.72743530948608,7.432830547558099,1
CUST11627,41,Female,South_West,88,642,24090.558220769643,0,0,24,5,1,1,0,0,168.04037391628566,4.23662222116609,0
CUST11628,58,Female,Yorkshire,3,689,46771.60029555738,3,0,20,2,1,1,0,0,9.650238020381181,1.7850429094494786,0
CUST11629,24,Female,Yorkshire,71,683,38589.196663577466,6,0,16,4,1,0,1,0,101.6271643812906,8.277624452533942,0
CUST11630,54,Female,London,19,696,19399.179076682878,0,0,19,1,1,0,1,1,177.49605422528228,4.855352159499065,0
CUST11631,68,Male,Scotland,27,593,63584.32921325417,6,0,5,2,1,1,1,0,141.6004974573827,7.336720843537035,0
CUST11632,35,Female,South_East,90,710,41273.23227965439,37,0,16,3,1,1,1,0,253.78273298021685,9.35518428601187,0
CUST11633,48,Female,North_West,25,485,34165.854604783184,2,1,11,2,1,1,0,0,270.9348318287749,3.2537941867925575,0
CUST11634,44,Male,South_East,119,703,31994.42113557347,75,1,15,3,1,1,1,0,95.27238385755797,5.742442963598609,1
CUST11635,47,Female,Scotland,40,525,42761.69192026978,2,0,16,1,1,1,1,0,125.80683636315611,11.462194373902362,0
CUST11636,70,Male,West_Midlands,106,633,40798.632835580924,3,0,2,2,1,1,1,0,85.90623249647022,4.36102136438235,0
CUST11637,43,Female,Wales,91,665,34279.12464493597,0,0,3,5,1,1,1,0,25.709239010245938,1.931871689460174,0
CUST11638,57,Male,Wales,110,705,28600.951599156302,0,0,18,3,1,1,1,0,166.82507543065896,3.366112631624831,0
CUST11639,60,Female,London,87,639,39500.54731942931,1,0,14,2,1,0,1,1,42.22031830115601,8.989041945752287,0
CUST11640,30,Female,London,16,672,32606.966855753377,76,6,15,5,1,1,1,1,178.46989121725912,7.260931140121211,1
CUST11641,22,Female,East_Midlands,9,707,33977.25466622237,12,0,21,1,1,0,1,0,486.161866074116,4.2216518810712795,0
CUST11642,54,Female,West_Midlands,37,624,43014.55909643641,0,0,3,1,1,1,0,0,14.885493558891993,5.863511377752868,0
CUST11643,68,Male,South_East,81,648,50046.94048241055,1,0,11,3,1,1,0,0,152.2608252798613,4.026383500481351,0
CUST11644,69,Female,West_Midlands,22,443,51658.527671952375,16,0,12,5,1,1,0,0,120.50175844649661,6.075332297250262,1
CUST11645,19,Male,Wales,87,617,44504.583848852984,9,0,22,5,1,0,1,0,112.12766980461909,1.4222761415328102,0
CUST11646,52,Male,Yorkshire,20,526,23839.358438547002,0,0,18,4,1,0,1,1,241.1356630033302,1.4552147916716371,0
CUST11647,34,Male,East_Midlands,26,630,47942.59980254427,57,5,17,1,1,1,1,0,167.67389983575364,11.105025122557318,0
CUST11648,47,Female,Yorkshire,84,672,33612.60253864335,114,0,20,3,1,1,0,0,176.593957476831,3.5399767887935245,1
CUST11649,70,Male,North_West,63,724,49379.67699933484,56,0,2,2,1,1,1,0,25.409766240978854,1.1707341297940923,1
CUST11650,40,Male,West_Midlands,84,843,26295.807008077172,4,0,24,5,1,0,1,0,95.41591664433459,1.319368011680266,0
CUST11651,58,Male,Scotland,52,697,67620.15018821167,2,0,22,5,1,0,0,0,89.79294012823003,1.167325052982692,0
CUST11652,28,Female,East_of_England,68,755,24264.515083581,2,0,23,4,1,1,0,1,252.1329169115859,2.098090912112884,0
CUST11653,46,Female,Wales,71,716,30609.428308093633,20,0,8,5,1,0,0,0,204.18095850230017,1.6864617231701278,0
CUST11654,70,Female,Wales,118,669,34099.84578178805,47,0,13,4,1,1,0,0,323.01088903129113,4.21388703722667,0
CUST11655,71,Female,London,60,764,69983.89450498803,4,0,22,3,1,0,1,0,135.80627458332947,1.6421844554105112,0
CUST11656,54,Female,London,32,514,18005.909116312672,14,0,23,1,1,1,0,1,329.19606982417787,1.8378844944608328,0
CUST11657,70,Female,South_West,48,517,94163.43807254123,6,0,23,5,1,1,0,0,67.66888673981184,10.694133764024036,0
CUST11658,23,Female,East_of_England,3,522,38926.55250366339,1,0,12,1,1,0,0,0,92.25145337354667,17.157976817840897,0
CUST11659,43,Male,West_Midlands,103,749,19143.881233550772,5,1,17,5,1,1,1,0,173.2056947597558,3.8569820373246504,0
CUST11660,19,Female,London,3,702,23243.222128376023,108,0,21,5,1,1,1,1,66.48116615095454,3.2692188047968123,1
CUST11661,58,Female,East_Midlands,45,622,45792.62937234496,2,1,25,4,1,1,0,0,100.72021224186477,2.4019722814411057,0
CUST11662,49,Male,Yorkshire,5,642,32804.26248975098,19,0,5,4,1,0,1,0,72.03935687162532,2.197399760916943,0
CUST11663,63,Female,East_Midlands,29,716,57901.87209526768,2,0,32,2,1,1,0,0,161.10471970203056,7.772530808528856,0
CUST11664,31,Female,North_West,101,732,24029.11175609469,6,1,6,1,1,1,0,1,106.31126585924493,9.224407187342994,0
CUST11665,62,Female,West_Midlands,119,698,43093.22896819109,65,0,23,1,1,1,1,0,51.37259326611094,7.8976365298221545,0
CUST11666,72,Female,Scotland,59,585,31744.864810899162,16,0,22,2,1,1,0,0,147.86308606314526,4.39312374706746,1
CUST11667,52,Male,East_of_England,49,754,30059.39211830938,0,1,14,2,1,1,1,0,113.78844587755397,4.173465030328564,0
CUST11668,73,Female,East_of_England,118,731,41792.355172764255,12,0,8,4,1,1,1,0,96.46344685768986,10.489626221673344,0
CUST11669,58,Female,South_East,65,547,34540.010076051265,75,0,15,3,1,0,0,1,258.89984635495597,4.265832418675638,0
CUST11670,59,Female,East_Midlands,6,567,46152.44094863374,31,0,24,5,1,1,1,0,65.40540658730238,7.391814196021711,1
CUST11671,58,Female,Scotland,103,611,28342.032519640106,5,0,22,2,1,0,0,0,120.77297402064355,0.928814217157809,1
CUST11672,71,Female,London,37,496,30486.634226290178,2,1,25,4,1,0,1,1,64.14785060294096,7.093527195316744,0
CUST11673,71,Male,South_East,107,676,51360.604817787964,2,1,21,2,1,0,0,0,88.29240977746103,2.7006485592191702,0
CUST11674,42,Female,Wales,21,723,36462.103945628965,1,0,24,4,1,1,1,0,336.12655212642045,3.237085774439551,0
CUST11675,20,Male,East_of_England,3,673,34525.18644502949,8,0,23,3,1,0,0,0,183.2325949783147,1.979222436824379,0
CUST11676,66,Male,Scotland,25,783,23489.533154929984,1,0,20,5,1,0,1,0,124.15088811134976,3.372214098541284,0
CUST11677,59,Male,Yorkshire,24,505,60364.66886799915,2,1,21,4,1,1,1,1,96.22608199258833,10.580939391481747,0
CUST11678,61,Male,West_Midlands,46,710,38499.724986531204,3,3,23,2,1,0,1,0,217.5252667743306,2.586614864722741,0
CUST11679,19,Female,Scotland,11,605,42814.10826147703,4,1,20,1,1,0,1,0,67.48940230992281,2.1544890333917586,0
CUST11680,30,Female,West_Midlands,88,521,33711.38155867628,2,0,20,3,1,1,1,1,116.2572442466399,4.4364967531253185,0
CUST11681,66,Male,London,10,716,36239.6593766931,5,2,19,5,1,1,1,0,228.48227560713855,9.83763928858975,1
CUST11682,49,Female,Scotland,89,759,85873.96870970861,4,0,5,3,1,1,1,0,231.78146529658,3.7754864701801347,0
CUST11683,72,Male,West_Midlands,45,726,48431.65226908793,1,0,5,2,1,1,0,0,132.38972396929196,2.651400490725766,0
CUST11684,41,Female,South_West,118,676,22913.39353049735,73,0,22,4,1,0,0,0,50.60354372702832,6.3108884086146,1
CUST11685,23,Male,Scotland,74,724,35835.77961861603,2,0,31,3,1,1,1,1,191.66603919769955,2.5400493286833,0
CUST11686,20,Female,London,69,669,67037.8883461801,31,3,20,1,1,1,1,0,71.50844649236987,8.041306029625044,0
CUST11687,25,Male,North_West,20,714,30510.81261544453,0,1,26,1,1,0,0,1,106.00737293105776,1.5644090756270232,1
CUST11688,37,Female,Yorkshire,56,568,21542.961618425044,98,3,5,2,1,1,0,1,38.90598385867862,2.861307714176041,1
CUST11689,72,Female,South_East,63,785,46230.62241917682,0,0,22,2,1,0,0,1,34.789998114908286,3.710966884308069,0
CUST11690,58,Female,East_Midlands,105,755,54300.12875407303,1,1,30,2,1,1,1,1,211.84672297426442,2.040766729149299,0
CUST11691,45,Male,South_West,35,544,39452.33489976258,2,0,18,1,1,1,1,0,143.89319231221305,4.373653021173474,0
CUST11692,65,Male,East_of_England,112,761,37466.8947814458,1,4,5,3,1,1,1,1,324.78983923221625,1.8683223943708214,0
CUST11693,35,Female,South_East,4,726,26782.117785136856,0,0,24,2,1,1,1,1,158.3022402203063,2.326671509922223,0
CUST11694,22,Female,East_Midlands,42,709,27257.84299384122,0,0,23,1,1,0,0,1,87.18235186866228,1.6014559048378616,0
CUST11695,21,Female,South_East,18,709,23063.587036366684,1,0,28,4,1,1,1,0,362.1761121589674,7.111434407842619,0
CUST11696,73,Male,Yorkshire,98,695,33268.195685545485,79,2,17,4,1,1,0,0,131.7171015030783,7.4156185403776345,1
CUST11697,43,Female,London,55,708,46188.5837431283,1,0,22,5,1,1,1,0,101.16589826989582,6.239272130638075,0
CUST11698,45,Female,Wales,16,710,33732.53941419695,11,2,17,4,1,0,0,0,202.78838876658568,11.732564337216767,0
CUST11699,25,Male,Wales,62,672,28031.53134505616,2,0,21,1,1,0,0,1,2.1228768975752255,2.614969976231784,0
CUST11700,72,Male,Yorkshire,92,653,34879.537938822665,17,0,22,4,1,0,1,0,87.0753237680152,2.587272351074609,0
CUST11701,18,Male,East_of_England,32,706,15000.0,33,0,11,1,1,1,1,0,125.84311299057977,2.125975774860148,1
CUST11702,62,Female,West_Midlands,49,743,24607.252991142508,56,0,3,4,1,1,0,1,156.80951952114077,5.665867059834787,0
CUST11703,28,Female,North_West,71,704,45963.79185154329,1,0,3,3,1,1,0,1,129.48117971121255,1.6171905829431086,0
CUST11704,38,Female,East_Midlands,72,664,59840.32188251418,8,0,22,3,1,0,0,0,210.57752104846023,5.637627563732805,0
CUST11705,43,Male,London,6,691,21944.165826267334,6,0,19,4,1,1,0,0,437.1479673148692,9.716946483999218,0
CUST11706,34,Male,Yorkshire,42,759,77847.96574291983,7,0,7,5,1,0,1,0,9.729676743271485,4.216443582278536,0
CUST11707,44,Female,North_West,27,465,56707.75537995244,48,0,15,5,1,1,1,0,359.2660562352594,1.6283566786032138,1
CUST11708,18,Male,North_West,71,566,37401.10607548321,8,0,7,1,1,1,1,1,63.39184872782059,3.096272865483071,0
CUST11709,65,Female,London,102,701,71145.64378386816,85,1,16,3,1,1,0,0,64.39647854047186,12.040591596819716,0
CUST11710,61,Male,Wales,112,778,39273.824352080395,3,0,3,4,1,0,1,0,44.59441565978337,3.7134355270626607,0
CUST11711,46,Male,East_Midlands,44,705,26785.043555867505,9,0,26,3,1,0,1,0,143.85881133920174,6.481505816657944,0
CUST11712,56,Female,Wales,32,692,23608.37163722845,57,0,0,1,1,1,0,0,204.3957599708608,8.889337536379612,1
CUST11713,33,Female,Scotland,9,729,31540.538918562765,102,0,3,1,1,1,1,1,81.26176437941707,5.38386813752819,0
CUST11714,31,Male,Yorkshire,11,737,41184.63760909601,5,0,21,1,1,1,1,1,193.65107620935802,4.004425793654122,0
CUST11715,22,Male,East_of_England,65,477,35985.61732030498,9,0,3,4,1,0,0,0,157.18940473538976,12.823947952444692,0
CUST11716,35,Male,East_Midlands,107,700,34335.514092386584,39,0,6,2,1,1,1,0,119.48555443524567,10.867325901717606,1
CUST11717,38,Female,East_of_England,45,446,59127.28298675588,2,0,25,5,1,0,1,0,373.1652798076739,5.765255674668872,0
CUST11718,48,Female,London,79,664,18648.56176218879,3,0,7,3,1,1,1,0,252.585411188747,7.834397745746596,0
CUST11719,42,Male,Scotland,63,638,39552.27249754025,74,0,9,3,1,1,0,0,383.18941765943754,4.3676728623557235,0
CUST11720,42,Male,Scotland,62,597,24434.934946567995,10,0,23,5,1,0,0,0,138.10815416654174,4.634862573385008,0
CUST11721,62,Female,South_East,11,683,35614.29427275041,2,2,29,5,1,1,0,1,189.43107115254728,5.5655566740146405,0
CUST11722,49,Female,South_East,96,667,58028.380255777185,71,0,21,2,1,0,1,0,252.15980927740353,5.472074797084386,0
CUST11723,62,Male,East_of_England,36,715,32639.01997239557,61,2,22,2,1,1,1,1,79.75489270085664,2.6061121077246807,0
CUST11724,33,Female,London,26,556,36970.189343055456,0,0,24,1,1,1,0,0,227.4042467810571,3.5724823898644336,0
CUST11725,51,Female,South_East,33,683,150000.0,1,0,22,1,1,1,1,0,280.67068958110707,4.06626408764049,0
CUST11726,28,Female,London,101,458,69893.77304265542,7,0,25,4,1,0,1,0,190.45360848647442,4.94968993367839,0
CUST11727,57,Male,East_Midlands,80,407,34098.490125565506,0,0,16,5,1,1,1,0,95.93475725563691,4.622276119327284,0
CUST11728,35,Female,South_East,87,770,24093.143237482032,59,0,3,4,1,1,1,0,96.57706523705404,3.814781028677077,1
CUST11729,56,Female,London,3,771,49963.60473563938,14,0,14,1,1,1,1,0,185.92129554968747,6.011759183743227,0
CUST11730,31,Female,London,13,684,41958.74460849112,51,0,26,2,1,0,1,1,267.87844820214514,2.1986465898583676,1
CUST11731,45,Female,South_East,27,584,35896.114508457984,76,4,16,5,1,0,0,0,136.33523201602313,5.851222945667103,1
CUST11732,34,Male,Scotland,71,496,23973.559938470742,48,0,20,4,1,1,1,1,348.81110710479663,1.0681118836060626,0
CUST11733,65,Male,Yorkshire,9,665,48201.90421361626,4,4,16,1,1,1,1,0,232.47612414108502,13.855469449493947,1
CUST11734,61,Male,South_East,41,666,47887.79386355462,16,0,22,3,1,1,1,0,154.2917572155062,5.044389572889923,0
CUST11735,47,Male,South_West,99,785,24096.263410263124,103,1,16,3,1,1,1,1,399.90140109755947,5.995654508389596,1
CUST11736,60,Female,East_of_England,83,691,25366.642214419302,6,0,17,2,1,1,1,1,322.46103071207307,3.5661586808588512,1
CUST11737,32,Male,Yorkshire,88,480,30487.296177162854,1,0,23,4,1,1,0,0,180.2710700203272,0.28397027264328534,1
CUST11738,66,Male,South_West,68,709,31756.641761475254,41,0,18,2,1,1,0,0,80.41370478756775,12.42818808107421,0
CUST11739,42,Female,London,7,692,47824.64542780137,32,3,2,2,1,1,0,0,53.687761372004786,3.2080014882105807,0
CUST11740,58,Male,South_East,70,656,47432.16908675503,0,0,22,5,1,1,1,0,149.01263669638845,0.6350590737631707,0
CUST11741,21,Female,East_Midlands,4,439,34668.97623971714,1,0,20,1,1,1,1,0,59.69280123366627,8.415869129423273,0
CUST11742,27,Female,West_Midlands,25,661,25654.267539688488,1,0,22,5,1,0,0,0,224.99263579641598,6.36031939358527,0
CUST11743,32,Male,East_of_England,52,653,17766.20560077896,31,0,22,4,1,1,1,1,51.89534582862172,6.360203468043327,0
CUST11744,52,Female,South_East,114,772,31096.24869107571,8,4,18,1,1,0,0,1,164.28627173079278,4.909163245947644,1
CUST11745,64,Male,Wales,55,723,33333.943184062555,7,0,24,2,1,1,0,0,149.46725337883922,3.396594731233505,0
CUST11746,74,Female,Wales,43,712,22684.729280997013,0,1,20,5,1,0,0,1,71.7530159232544,4.066974796422903,0
CUST11747,62,Female,Wales,29,712,55524.49016658851,3,0,22,3,1,1,1,0,152.66699883969068,9.141484780892906,0
CUST11748,19,Female,South_West,116,553,35579.0059819162,2,0,4,1,1,1,1,0,237.50392194357036,6.187342656443777,1
CUST11749,33,Female,North_West,96,473,23108.545851518247,8,0,15,2,1,1,0,0,42.25635703556201,2.275943580747927,1
CUST11750,65,Female,North_West,2,476,52098.46333308991,1,3,24,5,1,0,0,1,47.10046971790933,5.455269071407867,1
CUST11751,73,Male,London,70,463,51906.62691778164,95,0,15,3,1,0,0,0,116.59463539332769,1.668748153097356,1
CUST11752,43,Male,South_East,91,503,23375.179328592912,58,2,19,2,1,1,1,0,235.60606162351863,10.321632592817503,1
CUST11753,50,Male,North_West,93,532,30027.322104278843,7,2,5,2,1,0,0,1,3.843628006838078,5.306373574664488,0
CUST11754,62,Female,East_Midlands,75,700,29617.521638930502,2,0,6,5,1,1,0,0,100.81222624771564,1.2654728832058604,0
CUST11755,69,Male,Yorkshire,39,652,35860.00906758266,48,4,23,4,1,1,0,1,281.4664264527908,0.5533629483023474,1
CUST11756,36,Male,East_of_England,81,792,32403.692863134016,83,0,14,3,1,1,0,0,264.6834518401761,4.434381283584501,0
CUST11757,37,Male,Wales,38,749,42724.773240964416,65,2,4,4,1,0,1,0,130.83584894620256,3.376410520675857,1
CUST11758,45,Male,Wales,47,558,59027.383216465256,12,0,14,1,1,1,1,1,54.26449464932882,13.020717248527788,1
CUST11759,32,Male,Wales,29,711,23632.035961975434,22,0,24,4,1,1,0,0,54.224421864819476,7.5136199985745495,0
CUST11760,63,Female,Yorkshire,84,543,49335.60344769253,11,6,17,2,1,1,0,0,62.31350498969737,6.877085905077312,0
CUST11761,43,Female,South_West,50,611,29952.92605761976,2,0,16,2,1,1,1,1,95.98851858356768,3.0904382051060395,0
CUST11762,57,Female,West_Midlands,45,635,41843.946279856274,12,0,19,4,1,1,1,0,88.56857969026437,7.888453788879546,0
CUST11763,47,Female,East_Midlands,42,693,67595.64755488725,3,0,8,3,1,0,1,0,203.53486764384593,4.072248755079425,0
CUST11764,52,Male,South_East,104,548,18871.281161667597,2,0,3,2,1,0,0,1,109.83692493895683,8.312696438424647,0
CUST11765,64,Female,West_Midlands,34,417,40174.16562918524,0,0,17,3,1,1,0,0,556.6933402731622,5.803571827288088,0
CUST11766,47,Male,Wales,10,701,51696.88908058352,8,4,26,1,1,1,0,1,411.1365865375407,1.449211368111315,0
CUST11767,66,Female,South_West,59,730,41556.37222915331,0,4,16,1,1,0,0,1,95.21901497236729,4.337286087506977,0
CUST11768,58,Male,East_Midlands,2,797,37669.994051554764,55,0,23,2,1,1,0,1,205.04960305946847,2.0363108233569096,0
CUST11769,64,Male,South_East,115,792,39457.64927456632,80,0,2,3,1,1,0,0,189.0470813524421,5.37537713690943,0
CUST11770,56,Female,Wales,97,503,86382.39098494493,11,0,17,2,1,1,1,0,112.1300131143152,3.022862045759211,0
CUST11771,64,Female,South_West,40,703,35694.55310203788,1,0,17,4,1,1,0,0,79.7596967161273,3.0277644884492707,0
CUST11772,66,Female,South_East,56,738,52717.93009705018,1,0,25,5,1,1,1,1,175.383461708966,2.736191311737261,0
CUST11773,20,Female,Wales,34,689,48500.855898303525,75,5,22,2,1,1,0,1,163.0636142945619,0.6050956129094914,1
CUST11774,32,Female,Yorkshire,57,717,27427.709071578254,9,0,24,2,1,1,1,1,96.24047624337128,13.079223047780852,0
CUST11775,21,Male,West_Midlands,116,434,36082.41622903018,1,0,18,2,1,0,0,0,82.9713252562436,2.107385909167388,1
CUST11776,43,Male,Yorkshire,42,754,53017.68713626013,54,0,35,3,1,1,0,0,94.7839102522812,7.938317688693513,1
CUST11777,60,Female,South_West,94,708,32854.462681785924,13,1,17,4,1,0,1,0,133.16183072344415,0.6852289000378353,0
CUST11778,44,Female,North_West,104,674,17344.660323250322,37,0,15,5,1,0,0,0,104.31896530477994,10.282739320493308,0
CUST11779,45,Female,West_Midlands,105,520,66771.03641007803,1,0,22,5,1,1,0,0,30.22421026570603,3.3382626152721135,1
CUST11780,74,Female,London,104,705,53255.95860990135,0,0,25,5,1,0,0,0,55.749784444808476,2.0848224273945517,0
CUST11781,28,Female,North_West,84,658,27182.032780216163,0,0,22,5,1,0,1,0,66.5466503093462,0.8462738556699273,0
CUST11782,56,Male,West_Midlands,16,751,33519.80546684077,1,0,8,4,1,1,1,1,241.39375565082594,1.128802708649527,0
CUST11783,63,Male,London,25,700,35440.29488727566,4,0,23,3,1,1,0,0,117.52816531604988,2.4184586716442897,0
CUST11784,24,Male,North_West,36,470,63368.74675439226,20,3,6,2,1,0,0,0,170.7864242364012,0.6526207403702501,0
CUST11785,41,Male,South_West,110,480,37050.46048634802,1,0,18,5,1,1,1,0,240.7985592601715,9.407721650630464,1
CUST11786,43,Female,East_Midlands,60,672,39568.37607983474,34,1,7,2,1,1,1,0,185.74103807097944,5.805633207637895,1
CUST11787,44,Female,South_West,82,520,30191.64513004667,18,0,17,2,1,1,1,0,11.341906238082228,3.8981743410768814,0
CUST11788,68,Male,North_West,10,615,43685.82545836097,0,0,22,4,1,1,1,0,215.63937267763436,9.574989290675212,0
CUST11789,45,Female,East_of_England,100,519,35380.966790011866,5,0,30,5,1,1,1,0,36.452668472759676,5.48559342444253,1
CUST11790,47,Female,London,65,704,31294.56201186322,33,3,13,2,1,1,0,1,31.752302995713205,4.236163102054106,1
CUST11791,71,Male,Scotland,4,450,29680.918940937427,5,0,19,1,1,1,1,1,115.33112810320665,4.4725738718024814,0
CUST11792,69,Male,Scotland,1,481,33938.106022200365,122,3,21,4,1,1,1,1,76.27714926579398,5.8289176426423595,1
CUST11793,69,Female,Scotland,63,629,36876.05837410274,34,0,22,5,1,1,1,0,155.91750888327982,8.881895108150594,0
CUST11794,36,Male,North_West,92,774,48579.788747488026,4,3,19,4,1,0,0,0,242.86486377465687,1.8849580522965201,0
CUST11795,56,Male,North_West,52,525,32428.17921749132,32,0,25,3,1,0,1,0,131.69289379241243,1.9997889659441823,1
CUST11796,20,Male,Yorkshire,106,691,35298.254529285405,2,0,30,2,1,0,1,0,174.46051906120223,5.700092591748902,0
CUST11797,30,Female,Yorkshire,49,784,27615.481598902374,0,5,16,4,1,1,1,1,49.27026209402175,2.441949599041316,0
CUST11798,48,Male,Scotland,37,742,96827.37665843382,67,0,9,3,1,1,0,0,33.79392006735008,8.430145520316367,0
CUST11799,37,Female,South_West,73,697,52605.67374220002,46,0,5,5,1,1,1,0,89.78024473485577,0.537701705846504,0
CUST11800,29,Female,Wales,71,782,63199.065942399015,3,1,22,3,1,0,0,0,240.595917427073,4.049574583712628,0
CUST11801,18,Female,East_Midlands,85,578,39500.303038129656,146,0,20,5,1,1,0,0,190.23921971942008,8.977725376778238,1
CUST11802,51,Female,East_Midlands,88,679,68060.80230146924,69,0,25,3,1,1,0,0,114.30009824583901,4.401829435130786,1
CUST11803,44,Male,Wales,2,525,51864.416103841424,4,0,16,1,1,1,1,1,154.6143655680897,0.501429298528294,0
CUST11804,46,Female,Wales,98,501,54938.80812348857,17,2,12,5,1,1,1,0,257.97722759866843,6.294847512766043,1
CUST11805,32,Female,East_of_England,73,673,24053.292486163034,0,0,20,4,1,0,1,0,70.77931858309582,4.450006986937389,0
CUST11806,71,Female,Wales,43,665,23170.059439283556,35,0,27,4,1,1,1,0,79.34072591901624,6.479748170018066,0
CUST11807,61,Female,South_West,29,718,52071.14860174048,5,1,13,3,1,0,0,0,74.46751336750951,6.834428454935482,0
CUST11808,19,Female,North_West,34,476,26716.544585255688,1,0,26,1,1,0,0,1,153.34997442556366,1.172311183081106,0
CUST11809,24,Female,West_Midlands,63,698,66799.38926665518,4,1,22,3,1,1,1,0,178.35541364207992,1.1564987566426552,0
CUST11810,45,Female,West_Midlands,79,677,37700.10594915088,1,3,24,3,1,1,1,0,195.4062293016659,3.869416603578157,0
CUST11811,38,Male,Yorkshire,70,661,21560.32402131626,4,0,23,5,1,1,0,0,32.85410470251027,2.8666566592132314,0
CUST11812,26,Female,East_Midlands,64,456,47547.627669426176,1,0,6,1,1,1,1,1,25.349017982181625,6.895406946786481,0
CUST11813,30,Female,South_East,84,740,41545.60244873132,2,0,14,1,1,0,1,0,32.57953274458757,8.633328381635774,0
CUST11814,60,Female,London,97,721,33665.29921619129,127,0,22,4,1,0,0,1,100.62409577861293,2.8093629578581036,0
CUST11815,70,Female,Wales,79,717,41885.27918906407,103,0,19,3,1,0,1,0,180.59302536510071,2.841205258481838,0
CUST11816,42,Female,South_West,65,630,19349.824532340062,12,0,21,2,1,0,0,1,64.46879533207644,3.6864878965918857,0
CUST11817,23,Male,West_Midlands,66,695,42819.4380756603,18,0,19,5,1,1,0,0,12.697547390882317,12.39256508259524,0
CUST11818,30,Female,Wales,61,713,29688.68509320241,2,0,26,1,1,1,0,0,19.93075436040502,3.435962831993024,0
CUST11819,35,Male,North_West,30,722,26149.046238538423,1,0,23,4,1,0,1,0,43.17310935529232,6.2978796506076655,0
CUST11820,44,Female,South_East,27,619,30992.66603532625,61,0,25,5,1,0,0,1,116.35555957884075,2.191853817249882,0
CUST11821,45,Female,London,9,587,87957.95225423313,1,1,21,5,1,1,0,0,87.34231673496957,2.0560376843946817,1
CUST11822,33,Male,North_West,20,729,27466.211271787888,1,0,20,2,1,0,0,0,77.23059454516812,19.01309976507056,0
CUST11823,46,Male,Wales,80,780,40065.450995405525,1,0,4,1,1,0,0,0,85.6077395506239,8.178683793512857,0
CUST11824,47,Female,Yorkshire,112,602,46439.95094611281,13,0,22,3,1,1,1,0,368.5909409419396,11.236605274875668,0
CUST11825,23,Female,South_East,4,731,22596.626154310794,32,1,13,5,1,1,1,0,218.8452031549139,3.4493838540145063,0
CUST11826,66,Female,South_West,51,669,35255.51977496785,59,0,20,2,1,0,0,0,116.2859996022209,2.135287477729678,1
CUST11827,54,Male,North_West,28,627,70015.16663583521,4,0,7,3,1,0,0,0,80.7530456507705,10.17653819540542,0
CUST11828,70,Female,Wales,113,708,38285.102800216584,55,0,5,5,1,1,1,0,252.41788221232474,1.4443750186748248,1
CUST11829,33,Female,North_West,26,677,15173.520387507477,1,0,4,1,1,1,0,0,108.68264783408767,15.725985919030105,0
CUST11830,36,Female,East_of_England,69,477,28197.849116420195,9,0,8,4,1,1,0,1,246.40945979612005,3.4520142368449687,0
CUST11831,65,Female,London,29,605,16063.141510615787,1,1,6,1,1,0,1,0,196.58192035564412,3.779548484195338,0
CUST11832,19,Male,South_West,36,672,62396.428800698275,103,0,22,1,1,0,1,1,203.58577656379128,7.97001758248025,0
CUST11833,32,Male,South_West,55,472,19471.329588265264,0,4,12,1,1,0,0,1,79.78327975621949,7.713664557307189,0
CUST11834,37,Female,East_of_England,11,716,41661.892429299034,103,0,15,3,1,1,1,0,90.5457177213908,2.091694650531338,1
CUST11835,37,Male,London,63,697,53258.402074052705,2,0,15,2,1,0,1,1,13.659908841681053,2.3764816574252334,0
CUST11836,25,Female,East_of_England,69,753,21398.82747376983,47,0,21,1,1,0,0,1,39.70285208090516,5.651820645467693,0
CUST11837,40,Male,South_East,45,696,28656.885071506527,3,3,22,3,1,1,0,1,259.1641132918064,2.6053134533805498,0
CUST11838,70,Female,West_Midlands,16,647,33229.6708603016,2,0,3,1,1,1,1,0,116.29929137977429,3.510418475146142,0
CUST11839,53,Female,Yorkshire,3,698,69919.65019711609,1,0,13,1,1,0,1,0,150.44354347953245,1.9938166425581783,0
CUST11840,20,Female,North_West,4,629,20987.575526111206,3,3,17,4,1,1,1,1,189.76781516364048,11.142527298360012,0
CUST11841,55,Female,Yorkshire,26,686,24989.81990678762,4,0,18,5,1,1,1,0,209.1358402784207,7.471688495109956,1
CUST11842,69,Male,East_of_England,54,631,24675.00128771216,4,2,27,5,1,1,1,0,147.34436571343215,13.377782935126517,0
CUST11843,24,Male,South_West,16,503,28361.1105248283,140,0,3,4,1,1,1,0,187.3822460149223,1.8062960100353829,1
CUST11844,73,Male,East_of_England,91,733,24453.69004995286,0,2,26,4,1,1,1,0,95.104743490061,5.692039331989715,0
CUST11845,56,Female,East_Midlands,117,743,45480.86891338432,15,0,22,2,1,0,0,0,12.807161152162085,0.812587896725332,0
CUST11846,70,Female,West_Midlands,36,763,22808.149811261283,4,0,6,5,1,0,1,1,97.57072923903117,8.967507957371007,0
CUST11847,28,Female,West_Midlands,102,689,47813.884345949315,96,5,1,3,1,1,1,0,127.45918226917753,0.4177955310585446,1
CUST11848,65,Male,West_Midlands,110,463,28209.081750867725,103,0,20,3,1,0,1,0,156.26457566021412,6.389452692993513,0
CUST11849,72,Female,London,57,809,23919.388036525233,123,0,23,3,1,0,0,1,296.23882067990246,2.188412273051349,0
CUST11850,33,Female,South_West,69,693,36212.51119097147,3,0,20,3,1,1,1,1,181.64032045750335,7.393124807081381,0
CUST11851,27,Female,Yorkshire,111,446,23047.860930383635,9,0,24,4,1,0,0,0,145.90389844848147,1.2639036697978454,1
CUST11852,43,Female,South_East,23,684,45368.88520223893,0,1,29,2,1,1,0,1,64.49624728454954,3.9109363095081533,0
CUST11853,67,Male,Wales,42,583,39768.64223832238,2,0,20,5,1,0,0,0,70.68349378887156,7.970526069440435,0
CUST11854,37,Female,South_West,64,781,32014.25903807906,10,0,4,4,1,1,1,0,80.51610612632139,6.877455811827465,0
CUST11855,71,Male,London,111,671,35513.803065007276,45,0,21,4,1,1,0,0,122.13031386918522,3.1055063129596765,0
CUST11856,21,Male,South_West,110,507,48497.331028055676,7,0,21,4,1,1,1,1,19.41870150874423,1.9831229481060797,1
CUST11857,68,Male,North_West,62,746,30948.454265591776,105,0,23,4,1,1,0,0,9.843142667993769,1.7920091982641049,1
CUST11858,22,Female,Scotland,65,639,47664.366560340175,3,0,15,3,1,0,1,0,332.25178017385673,13.233299628497889,0
CUST11859,19,Female,West_Midlands,94,691,32568.256669347353,6,1,9,1,1,1,0,0,172.01938614112873,4.079355634124479,0
CUST11860,24,Male,Wales,48,568,15000.0,11,0,3,3,1,1,1,0,214.45965686402405,8.095882414364391,0
CUST11861,36,Female,Yorkshire,54,742,79666.1211231382,5,1,14,5,1,0,1,0,266.51762552838073,2.5342647499888433,0
CUST11862,37,Male,South_East,22,545,68352.88538629103,2,1,6,3,1,1,1,0,76.74404930377635,5.688627021060095,1
CUST11863,19,Female,North_West,118,487,91230.42914030794,47,0,22,4,1,1,1,0,143.38650602629966,1.3643967485771522,1
CUST11864,65,Male,South_East,62,655,26920.707942669607,47,0,19,5,1,1,1,1,102.47056320439778,6.954022923050822,0
CUST11865,57,Male,North_West,30,682,66748.63721526873,7,0,17,5,1,1,0,0,77.1039432912627,6.744151857227326,0
CUST11866,32,Male,London,93,499,62831.04790738302,70,0,10,4,1,0,0,1,172.35369931426771,2.0181270054814933,0
CUST11867,47,Female,London,59,733,56294.508186435065,34,0,3,1,1,1,0,1,9.323149205180544,3.1268244977071404,1
CUST11868,59,Male,Yorkshire,29,473,51907.59481800193,4,0,12,1,1,1,1,0,312.297848093277,8.9863535287275,0
CUST11869,44,Male,East_of_England,94,675,47685.64364466685,4,5,25,1,1,1,1,0,98.66740116782292,2.422451131023373,0
CUST11870,22,Female,South_West,12,720,97736.05967603895,66,1,12,3,1,0,1,0,183.63933358271413,12.476617698330799,0
CUST11871,58,Female,North_West,16,740,57332.04890713728,95,2,22,4,1,1,0,0,307.76847978174044,6.559303961216189,0
CUST11872,70,Male,South_West,51,645,19918.386893810908,8,2,4,4,1,1,1,1,141.1523892832257,7.115351156641166,1
CUST11873,48,Female,Wales,6,662,45134.47799737178,23,0,29,3,1,1,0,0,133.79585894685619,7.060450849715457,0
CUST11874,22,Female,East_of_England,48,562,33235.99705325402,5,0,8,1,1,1,1,0,260.28812024589854,5.514755059053038,0
CUST11875,69,Male,West_Midlands,113,752,51492.64477437414,11,0,8,1,1,0,0,1,87.1923397538927,2.133840852507568,0
CUST11876,18,Female,Wales,18,680,45054.82371232957,1,1,17,1,1,1,1,0,76.63923986431156,1.0717397424019652,0
CUST11877,70,Male,Yorkshire,105,656,28959.676865178626,8,0,6,4,1,1,1,0,53.71695959557203,3.2604629255275364,0
CUST11878,50,Male,East_Midlands,96,691,19010.662270382938,3,0,13,3,1,1,0,0,171.23771255719296,2.211137904683235,0
CUST11879,30,Female,London,118,647,55760.43198102376,2,0,19,3,1,1,1,0,77.00539721187509,2.8527279233784135,0
CUST11880,69,Female,Yorkshire,119,685,59253.07400227233,0,0,22,4,1,1,1,1,174.21451612201184,3.8548909602234716,0
CUST11881,66,Female,West_Midlands,94,725,33612.077958877846,3,0,18,1,1,1,1,0,391.5787259271476,9.484045604338364,0
CUST11882,39,Male,Wales,71,635,23368.00538374137,2,1,21,4,1,1,1,1,105.39793238841533,17.728204799881457,0
CUST11883,68,Female,Wales,86,670,28461.59179548313,3,0,22,2,1,1,1,0,180.30685398827123,7.2909845492098935,0
CUST11884,68,Male,Scotland,42,690,48807.89985963548,38,5,27,3,1,1,1,0,110.42691791852626,1.1511105288012489,1
CUST11885,50,Female,London,5,702,26978.560339475007,77,0,10,5,1,1,0,0,354.78898019206525,1.4994194325487173,1
CUST11886,18,Male,South_West,70,739,39883.80359156357,40,0,15,2,1,0,1,0,104.71539206143242,9.6750829716703,1
CUST11887,30,Male,Wales,20,689,16349.824400424428,45,5,21,1,1,1,1,0,186.27723498352537,1.4746096067093308,0
CUST11888,44,Male,East_of_England,41,553,53700.95182498712,11,1,18,1,1,1,1,1,42.76044579125198,7.589289757217257,0
CUST11889,46,Female,South_West,11,692,24973.50429775803,98,0,16,3,1,0,1,0,85.96732170632534,5.459658054784343,0
CUST11890,69,Female,Yorkshire,23,706,31707.365453351933,88,0,10,3,1,1,0,0,153.65082382547598,10.303158301338996,1
CUST11891,58,Male,London,52,679,55580.202018207245,0,0,36,5,1,0,1,0,88.97304213539236,3.595208399097735,0
CUST11892,32,Female,North_West,98,479,86925.7703774359,1,0,25,3,1,1,1,0,216.44620722896923,8.788314163482147,0
CUST11893,25,Female,North_West,56,711,34145.21385354195,133,0,26,5,1,1,0,1,113.23460221900201,3.1456972078945533,1
CUST11894,28,Female,North_West,58,618,47316.951756100214,1,0,13,3,1,1,1,1,94.6012817074195,3.006613914072258,0
CUST11895,53,Female,East_of_England,21,433,38037.82568664575,0,0,17,3,1,1,0,0,134.13111161733588,4.142864658904438,1
CUST11896,51,Male,Wales,26,740,26185.61558048232,15,0,19,1,1,1,0,0,391.48448180466073,12.134607002331709,0
CUST11897,40,Male,West_Midlands,115,658,44560.81965513973,0,0,16,3,1,1,0,1,133.0328954899207,2.6333145866149223,1
CUST11898,21,Male,North_West,67,746,94162.56602980949,14,0,4,5,1,1,1,1,81.22666235113621,1.6096435389487191,0
CUST11899,59,Female,East_of_England,19,757,34546.711011192085,2,0,20,2,1,0,1,0,252.59762927914383,4.924341936156007,0
CUST11900,31,Female,North_West,114,516,44433.97589425536,2,0,25,2,1,0,1,1,30.98403757693455,2.8153093476475473,0
CUST11901,58,Female,East_of_England,83,498,36884.08769510185,8,0,1,5,1,1,0,1,90.30818217854404,6.900386749575457,1
CUST11902,24,Male,West_Midlands,33,519,41903.658829935404,6,0,5,5,1,1,0,0,97.04699776770607,6.360402795470725,1
CUST11903,50,Female,South_East,114,714,18409.019844085113,3,0,7,2,1,1,1,1,80.75628437354703,1.4085970458944477,0
CUST11904,74,Male,London,22,735,32734.224189352626,1,0,17,4,1,1,1,0,64.52344428783063,1.434173478920298,0
CUST11905,55,Male,South_West,46,456,26464.91886014957,45,0,3,4,1,1,1,0,188.42670906266136,4.027538972869137,0
CUST11906,38,Male,East_Midlands,12,710,23830.032548315037,51,0,25,2,1,1,1,0,32.81928195493971,2.4197838904412374,0
CUST11907,58,Male,South_East,54,680,39265.056708777076,32,0,16,5,1,1,0,0,167.37314317032343,5.056491678854712,1
CUST11908,41,Male,South_East,54,736,19125.622481661805,0,0,18,1,1,1,1,0,147.98673788970822,2.8718842398285034,0
CUST11909,64,Female,East_of_England,102,507,79032.88554243416,3,1,17,5,1,1,1,0,157.61865194903086,4.516087098984839,1
CUST11910,54,Male,Wales,74,642,15846.235843893148,1,0,20,1,1,1,0,0,130.67386518514775,2.3503323951738593,0
CUST11911,19,Male,London,49,739,32630.905805933948,4,0,7,3,1,0,1,0,124.52501931853269,1.7697383020267865,0
CUST11912,52,Female,North_West,26,664,66555.54353175903,1,1,27,1,1,0,0,0,210.25511440566623,15.361327655332037,0
CUST11913,55,Female,Wales,13,697,35592.25359907093,4,0,18,1,1,1,1,0,91.64995215275077,5.416413374278822,0
CUST11914,68,Female,East_Midlands,107,654,25760.64863681382,7,0,26,2,1,1,1,0,226.47368367544672,6.02267549346595,0
CUST11915,29,Male,East_of_England,78,748,36094.38522741691,75,6,14,4,1,1,1,0,223.07989110448764,2.2260519823576033,1
CUST11916,50,Male,Wales,118,691,38684.402015704196,5,0,5,2,1,1,1,1,79.59880266421827,3.6730211704991667,1
CUST11917,46,Female,South_East,15,649,24626.93201678782,59,0,22,2,1,1,1,1,134.76294750768795,1.9309896109910025,0
CUST11918,57,Male,North_West,70,819,64742.688051629164,16,0,15,2,1,1,1,1,92.79039792597177,11.518452637366458,0
CUST11919,70,Male,Wales,119,681,29358.71550522048,2,0,3,4,1,1,1,0,169.92653415036648,10.637780658983832,1
CUST11920,72,Male,South_East,4,775,31823.032081118294,53,0,18,5,1,1,1,0,73.19923320137518,7.1566145227696705,1
CUST11921,68,Female,South_East,14,671,83086.33924747586,119,1,10,4,1,1,1,0,64.19225155043345,5.4707461973370535,1
CUST11922,23,Female,South_West,114,565,63133.426553089936,2,0,18,2,1,0,0,0,377.57112009701757,4.088978245996303,1
CUST11923,71,Male,Wales,48,654,51007.928562006215,51,0,4,1,1,1,0,0,218.5117142677281,4.343551946211829,1
CUST11924,41,Female,Scotland,34,465,25539.941585237022,0,0,12,4,1,1,1,0,609.3800554793477,3.684762595451801,1
CUST11925,23,Male,Yorkshire,97,743,43983.77415013032,32,0,18,4,1,0,0,0,244.59061758753506,8.344414445402421,0
CUST11926,59,Male,South_West,94,737,18111.211667673233,3,0,25,2,1,1,1,0,134.61880869615422,1.1286345665329152,0
CUST11927,64,Female,Scotland,72,492,52630.95877660198,1,0,22,1,1,1,1,0,136.77668690600274,12.426122316103159,0
CUST11928,73,Male,East_Midlands,39,554,44930.3377155244,0,0,21,2,1,1,1,1,61.82773921312405,3.516370020161327,0
CUST11929,64,Female,South_West,39,413,60429.88979629641,1,0,17,2,1,1,1,1,135.67184156250698,3.452031934391714,1
CUST11930,22,Male,Scotland,44,686,28090.955568424957,41,0,21,4,1,1,1,0,16.406476210247373,1.5721722913264777,0
CUST11931,28,Female,West_Midlands,94,613,37564.033746694295,16,2,2,4,1,0,1,0,39.75348365319076,9.230168669686439,1
CUST11932,42,Male,East_Midlands,44,475,67506.74119380569,61,0,24,5,1,1,1,0,262.5457439757341,6.66243772023698,0
CUST11933,55,Male,North_West,81,764,29077.263220760648,15,0,21,1,1,1,0,1,205.4253930047056,2.3706110961987497,1
CUST11934,30,Female,West_Midlands,34,525,51319.74046847405,1,4,18,2,1,1,1,0,217.15232356519758,1.5292220368642107,0
CUST11935,20,Male,Yorkshire,4,661,36064.81470394542,2,0,20,2,1,1,0,0,162.71790026150737,2.4582631643784483,0
CUST11936,74,Male,North_West,63,714,54662.28648466825,3,0,25,1,1,1,1,1,61.08683033245205,2.58158204107936,0
CUST11937,49,Male,South_West,13,632,16388.284659535908,0,0,27,1,1,1,1,0,203.3594662926175,3.9186915374370046,0
CUST11938,63,Male,Yorkshire,108,530,23047.541835183012,3,0,18,4,1,1,1,0,127.08605782794066,2.3241457487361683,0
CUST11939,59,Male,South_West,11,601,18774.352087231073,1,0,15,3,1,1,0,0,229.26603435051527,5.055379466962354,0
CUST11940,38,Female,Scotland,63,494,52669.48975447172,4,1,31,4,1,0,0,0,46.77166972285938,7.612423282309567,0
CUST11941,41,Male,Wales,115,647,20878.244851887557,6,0,4,2,1,1,1,0,23.207714894516634,1.0094464409067814,0
CUST11942,19,Female,North_West,71,705,57308.63181989767,3,0,2,5,1,1,1,0,295.90361960583874,1.4420332113870566,0
CUST11943,18,Male,Wales,111,416,16564.68328311975,1,0,24,3,1,0,1,0,184.30143896372272,1.6732173795218208,1
CUST11944,67,Female,Wales,35,701,52688.50167447541,296,0,3,2,1,1,0,0,92.11961400620045,8.953354708375382,0
CUST11945,53,Male,Wales,25,667,40577.89069280758,127,0,14,3,1,1,1,1,331.7965080167157,1.6949565633365116,0
CUST11946,72,Female,North_West,24,577,26844.485898016595,6,0,19,5,1,1,1,0,10.314895118741017,3.2217807957626543,0
CUST11947,53,Female,North_West,69,506,38747.19474564636,0,0,6,5,1,0,0,0,47.696922781468494,2.5685166721510218,0
CUST11948,40,Male,London,100,719,27755.452027631192,8,0,1,4,1,0,0,0,39.16191203861487,5.1765869422327135,0
CUST11949,56,Male,London,70,558,21099.75470564131,16,0,4,1,1,1,0,1,102.39409781371765,2.9343869748297804,1
CUST11950,71,Male,South_East,59,742,30369.018080089743,2,0,19,4,1,1,0,0,113.84457165693199,1.1522741426659704,0
CUST11951,41,Male,East_of_England,19,443,32315.59044098008,3,0,18,2,1,0,0,0,108.26774208133735,1.5887629027189454,1
CUST11952,21,Male,East_of_England,101,565,32321.35012220294,0,1,27,2,1,0,0,1,195.4324016658294,1.9857122374691973,1
CUST11953,44,Female,East_of_England,17,715,32799.92047768605,6,0,17,2,1,0,0,0,46.519008235947325,6.3119901982450415,0
CUST11954,46,Male,East_of_England,75,829,55617.10650569047,32,0,18,3,1,0,0,0,42.551966014329054,11.090335039339426,1
CUST11955,61,Male,North_West,39,736,36235.76322274339,7,3,18,1,1,1,1,1,321.11187649487715,16.299118964436385,0
CUST11956,64,Male,North_West,23,691,18681.90002380001,18,1,5,3,1,1,0,0,74.91635460209694,10.681066130517905,0
CUST11957,51,Female,West_Midlands,118,424,38235.07348249932,2,0,20,2,1,1,1,0,283.1724478954367,4.976062915067546,0
CUST11958,40,Female,East_Midlands,24,680,34789.90100451604,4,4,18,4,1,0,1,0,129.26803270689433,4.27339752917801,0
CUST11959,58,Male,West_Midlands,76,698,49911.561064382164,85,0,23,3,1,1,1,0,150.50554223644625,2.161660736088394,1
CUST11960,66,Male,East_Midlands,89,515,36701.99660050124,6,1,3,3,1,1,1,0,114.8748623962207,1.9231270868892325,0
CUST11961,53,Female,Wales,9,709,53858.9684861721,67,0,26,2,1,1,1,1,28.89343652766477,5.65081633797588,0
CUST11962,72,Male,East_of_England,63,634,40996.9019742421,2,0,19,2,1,1,0,1,77.09114574188304,1.281411241353765,0
CUST11963,62,Male,Wales,38,754,36593.863397702655,0,0,13,1,1,0,0,1,199.08817273453482,2.7935470552143165,0
CUST11964,61,Male,Yorkshire,105,534,18064.78530327082,1,0,4,1,1,1,1,1,32.84465873595607,9.01829888941583,0
CUST11965,62,Female,East_of_England,16,645,41752.84104317657,60,0,16,2,1,1,0,1,404.6362912532679,4.94877405699285,0
CUST11966,25,Male,North_West,98,661,28245.64628145142,69,0,22,1,1,0,0,0,194.9120262565788,4.040664043667371,1
CUST11967,50,Male,South_West,39,761,28602.545103748565,2,2,5,4,1,1,0,1,21.7819332954851,7.821541643023746,0
CUST11968,52,Female,South_West,57,676,51881.88505500589,27,0,24,3,1,1,1,1,101.81927881849333,8.97823970977109,0
CUST11969,25,Female,London,26,622,23650.974160098176,9,0,7,2,1,0,1,0,201.3246399553766,9.9971340797443,0
CUST11970,45,Female,South_West,107,737,33997.59796223016,0,0,14,2,1,1,1,0,53.77775661516473,4.937030591631232,0
CUST11971,28,Female,London,108,719,40038.72642104687,3,0,16,2,1,1,1,0,81.70549751627313,3.018061985372958,0
CUST11972,50,Female,West_Midlands,58,657,56273.01144609671,6,0,30,3,1,1,0,1,257.1711151457834,1.937255392728778,0
CUST11973,56,Female,South_East,57,750,58331.772186625225,3,0,22,2,1,1,1,1,130.09996935753944,4.2092354401032495,0
CUST11974,42,Female,West_Midlands,4,659,25805.586572488683,0,0,11,1,1,1,0,0,95.06051248462288,10.081323499155175,1
CUST11975,68,Male,South_East,38,484,36471.22537784312,20,5,16,5,1,1,0,1,241.52911449851618,0.5795930119669206,0
CUST11976,50,Female,West_Midlands,82,601,38326.5736075392,0,0,23,1,1,1,1,0,50.62096898100634,1.0649470927868112,0
CUST11977,52,Male,North_West,14,565,33176.02811102758,8,3,9,4,1,1,1,1,197.72278690439035,2.1766269169033885,1
CUST11978,48,Female,London,47,777,37546.154192733266,1,0,20,3,1,0,1,1,236.01380627434216,0.8054784477169639,0
CUST11979,37,Male,East_of_England,79,673,18628.599753391532,8,3,23,1,1,0,1,0,138.3271049393124,6.437197800472098,0
CUST11980,26,Male,London,2,634,22819.631443194387,30,0,25,4,1,0,0,1,113.53309787074676,5.6174141556849495,0
CUST11981,61,Female,South_East,113,672,71443.35403018398,7,0,18,5,1,1,1,0,41.23381947928271,3.896578971184395,0
CUST11982,53,Male,London,6,503,25585.068714617148,4,0,19,5,1,1,0,1,69.37515105122179,1.6374333732347264,1
CUST11983,69,Female,South_East,80,613,50657.32640927706,6,6,14,5,1,0,1,0,121.46585085890078,5.0977284796555615,0
CUST11984,36,Female,South_East,94,664,22040.674696213326,60,2,17,2,1,1,0,0,126.92960057987798,9.193035000313381,0
CUST11985,63,Female,South_West,16,729,21879.303018989234,175,0,20,5,1,1,1,0,398.04184745619364,0.5615731326348733,0
CUST11986,45,Male,North_West,55,708,44352.77646584609,7,0,6,3,1,1,1,1,172.62186401460428,5.2718741443258486,0
CUST11987,66,Male,London,9,613,21380.69592031428,2,0,2,4,1,1,1,0,164.2247136208256,6.920991081168313,1
CUST11988,67,Female,Scotland,100,623,26363.319308122074,3,0,28,2,1,1,0,0,93.75185539492338,5.23448750432115,0
CUST11989,43,Female,North_West,83,443,50565.480237688425,11,1,6,5,1,1,1,0,310.25384984632973,2.06539404502534,0
CUST11990,30,Female,North_West,84,683,36542.594399061825,0,0,26,3,1,1,0,1,83.26129063668037,1.3899743668070634,0
CUST11991,59,Female,Wales,11,716,44539.69828143528,3,0,28,1,1,0,1,1,70.50867077869762,6.976673040975486,0
CUST11992,39,Male,Scotland,78,446,31769.413601450764,103,0,4,5,1,1,1,0,487.59125971793463,9.314270706302054,1
CUST11993,35,Male,West_Midlands,100,521,27067.07577538163,0,0,18,3,1,1,1,0,222.05798638401,8.015898080370295,1
CUST11994,57,Female,Wales,65,757,30244.475397955015,7,0,28,2,1,1,0,0,152.29241825404782,1.2791843048714386,0
CUST11995,69,Female,South_East,82,515,35246.80324202117,15,1,13,1,1,1,0,0,33.32606308914984,3.3718883582811787,1
CUST11996,37,Male,Yorkshire,20,556,24548.940513665995,9,1,17,1,1,0,0,0,147.77441765574946,5.544050715073977,0
CUST11997,48,Female,Wales,106,751,56207.08015335053,0,0,15,4,1,1,1,0,9.60537680509642,3.2785082376001573,0
CUST11998,32,Male,North_West,85,804,74308.05186783578,1,2,22,1,1,0,1,0,154.64593066782786,3.3936888453314267,0
CUST11999,31,Male,South_East,71,698,32109.556881136148,34,3,20,1,1,1,0,0,201.66363861373483,7.507545354349921,1
CUST12000,25,Female,London,16,788,26943.16215461113,4,1,26,2,1,1,0,1,300.43673533292355,1.9370560415277218,0
CUST12001,74,Male,South_East,86,508,34988.13519270708,7,0,15,2,1,0,0,0,472.32727523776816,2.67312483097697,0
CUST12002,22,Female,South_East,104,714,30306.104313173986,63,0,4,5,1,1,1,0,205.87716547350078,2.085586116410164,1
CUST12003,74,Male,East_Midlands,108,702,22982.91939913925,2,1,19,1,1,1,1,0,665.9191732878552,3.8928456225575685,0
CUST12004,55,Female,Scotland,37,770,28255.31737908517,99,2,27,5,1,1,0,1,148.41499521716074,1.080742793509119,0
CUST12005,64,Male,London,23,402,18904.015056011944,54,0,16,3,1,1,0,0,206.13653034993402,14.1771153767189,1
CUST12006,52,Male,South_West,31,744,38003.77631156611,1,0,23,4,1,1,1,1,29.96948510681813,11.20494709179891,0
CUST12007,66,Male,North_West,78,634,33349.652177558346,71,4,21,4,1,1,1,0,124.06955342315777,2.8472834721781233,0
CUST12008,57,Male,East_of_England,24,725,21581.804055615343,2,0,20,2,1,1,0,0,315.95495351467696,6.8025545852553035,0
CUST12009,68,Male,Scotland,101,619,28822.313668881518,1,0,5,3,1,1,0,0,245.18125241630858,5.530729943194073,0
CUST12010,62,Male,South_West,72,544,69406.01613273677,10,0,24,4,1,1,1,1,86.20664341582857,0.9250188960772086,0
CUST12011,36,Female,Scotland,90,706,60341.66103206671,10,1,19,3,1,1,1,0,132.91291486732123,10.070445666494052,0
CUST12012,59,Male,South_West,43,626,31862.87872804652,4,0,21,2,1,1,1,0,83.29833567779185,6.715211286337006,1
CUST12013,33,Male,Yorkshire,108,669,50585.13871485344,2,0,5,3,1,1,1,0,201.68595277513182,2.788818112571376,1
CUST12014,49,Female,North_West,88,639,67273.46100023712,170,0,17,4,1,0,0,0,145.95120597285998,1.950734102940248,0
CUST12015,39,Female,Scotland,64,786,29891.273496263966,51,0,8,3,1,0,0,0,109.60315940492585,7.578802896295873,0
CUST12016,33,Male,London,96,715,36638.96276827626,46,0,3,5,1,0,0,1,102.37830480752638,7.628549014618393,1
CUST12017,34,Female,Yorkshire,73,689,18746.889306813813,4,0,18,3,1,1,0,0,410.4873976972933,6.268043322042606,0
CUST12018,37,Female,London,3,669,27202.564326647094,7,0,24,2,1,1,1,1,107.43801409104545,3.5416543674126624,0
CUST12019,45,Female,South_East,80,695,28911.519710278782,5,0,16,1,1,1,0,0,46.64140011033301,0.18718351028724908,0
CUST12020,56,Female,East_of_England,103,643,30868.849599736222,0,1,19,3,1,1,0,1,103.20406187206473,7.85428674585053,1
CUST12021,37,Female,London,61,781,28621.07170928659,5,0,20,1,1,1,1,0,112.968151424905,1.5964638616255653,0
CUST12022,45,Female,West_Midlands,108,665,40417.500884612375,54,0,16,2,1,1,1,1,71.76594924427329,3.6591680647740015,1
CUST12023,28,Female,South_East,4,678,44416.47319074181,0,4,17,4,1,1,1,0,49.8097970971556,11.799423925147416,0
CUST12024,40,Male,South_East,19,621,58269.775968764785,2,0,19,5,1,1,0,1,89.86740129135535,8.577003294522344,0
CUST12025,39,Female,East_of_England,47,481,39424.87834975627,73,1,32,2,1,1,0,1,203.02149342127626,5.093948783001626,0
CUST12026,34,Male,East_of_England,11,671,20913.017612831914,39,0,23,1,1,0,1,0,39.49372000625944,6.697891808670785,1
CUST12027,47,Female,South_West,30,769,54954.068747838464,32,1,6,4,1,0,1,0,273.83090467972625,8.553009051818789,0
CUST12028,20,Female,Yorkshire,73,653,54708.10321600081,11,0,22,3,1,1,0,1,80.3132492833321,5.73187117761647,0
CUST12029,68,Male,West_Midlands,55,675,46583.11120009152,4,0,16,3,1,1,1,0,437.64335450363086,3.9985453368945922,1
CUST12030,38,Male,West_Midlands,94,613,65993.69975831479,3,1,17,4,1,0,1,0,195.16080081062964,7.909543538226923,0
CUST12031,36,Male,East_Midlands,45,634,66190.65395713485,4,2,22,2,1,1,1,0,61.77460969292948,6.080067931170432,0
CUST12032,27,Male,East_of_England,97,650,41722.207658758925,1,0,16,4,1,1,1,0,119.08260799915095,4.352124565420867,0
CUST12033,30,Male,South_West,67,739,29795.886506768496,1,0,2,2,1,1,1,1,86.90446081445376,2.0424256947932222,0
CUST12034,52,Male,North_West,38,558,45684.27880119841,88,0,15,1,1,0,0,0,61.64120725283,3.886523253113006,1
CUST12035,37,Female,Yorkshire,28,633,33744.309821424475,40,0,26,3,1,1,1,1,164.1741821287508,0.9975247532714626,0
CUST12036,67,Female,West_Midlands,50,778,57492.48106924648,72,0,27,3,1,1,1,0,159.33245820991792,4.612404526416051,0
CUST12037,70,Male,Wales,15,564,21227.88209372242,74,3,25,3,1,1,0,1,41.82269818572112,6.344728728890478,1
CUST12038,71,Male,West_Midlands,78,791,42038.12496681845,178,0,19,4,1,0,0,0,212.32857886138788,3.4758530857627212,0
CUST12039,24,Male,South_West,7,719,28767.995274634653,78,3,6,2,1,1,0,0,148.55102766213042,3.8618982208213275,1
CUST12040,68,Female,Wales,92,677,29156.057757669067,12,0,17,3,1,0,0,0,27.05798445402949,6.123575145733028,0
CUST12041,60,Female,North_West,109,722,23707.459848769704,90,0,24,3,1,1,1,0,3.8350917712515566,2.8126741236301216,1
CUST12042,19,Female,East_Midlands,2,703,30174.144425408933,80,0,14,1,1,0,0,0,103.40994774782601,4.192814099184033,1
CUST12043,29,Male,North_West,114,726,59649.49996596758,13,0,5,3,1,1,0,0,109.75396482165945,3.080671773838497,0
CUST12044,52,Male,East_Midlands,118,708,18747.379139830617,44,0,24,1,1,1,0,0,124.21482921127105,2.29423283013596,0
CUST12045,59,Female,North_West,22,464,40255.50343337409,1,0,19,5,1,1,0,0,256.61190203577917,3.1297418990050963,0
CUST12046,18,Female,London,45,551,43999.14554587515,10,0,27,3,1,1,0,0,137.32397056751097,4.45592125497046,0
CUST12047,74,Female,London,30,738,24112.914718321605,2,0,28,4,1,0,1,0,274.78260325398327,3.2415933579453067,0
CUST12048,63,Male,South_East,12,672,30308.907669256238,0,1,3,5,1,1,1,0,83.65978036127062,4.7238213063357755,1
CUST12049,21,Male,Wales,79,410,56568.03424848962,2,1,20,2,1,0,1,0,119.44631293229187,2.28626197397183,0
CUST12050,41,Male,North_West,16,518,44603.32228842388,97,2,7,3,1,1,1,0,174.26004878539115,7.933275594847452,1
CUST12051,46,Female,West_Midlands,106,743,92835.06868904235,12,4,24,1,1,1,1,0,39.51797275977755,5.6790299563842614,0
CUST12052,38,Male,Wales,76,629,57801.17400803597,37,0,26,3,1,0,1,1,41.65868347086218,7.164955974296085,0
CUST12053,56,Male,Scotland,68,680,23568.278958983687,55,1,2,1,1,0,1,0,66.71771821528027,3.2684989157924873,1
CUST12054,56,Female,South_East,54,507,38915.4216244481,1,2,25,4,1,0,1,0,265.5308589403592,14.685627216245935,1
CUST12055,70,Male,London,112,715,29791.32250247066,4,0,21,5,1,0,0,0,92.5809856414743,10.176440567482242,0
CUST12056,56,Male,Yorkshire,71,646,21755.129123927705,85,0,15,5,1,0,1,1,59.088843094363384,1.9118779343356704,1
CUST12057,20,Male,North_West,20,460,24765.959342833525,33,0,20,5,1,1,0,1,422.5966901578578,1.8171655602166525,0
CUST12058,62,Female,East_of_England,68,466,18451.818395101305,14,0,17,1,1,1,1,0,33.3200329248449,3.625973845110428,0
CUST12059,25,Female,South_East,69,646,40453.95245485252,1,4,22,3,1,1,1,1,77.96650963574304,3.4345836484559786,0
CUST12060,29,Male,West_Midlands,58,472,31753.157078484288,3,0,19,5,1,0,0,1,63.00097621951742,9.017051798396045,0
CUST12061,49,Male,North_West,53,558,20977.103657659358,10,0,4,2,1,0,1,1,23.45766306430041,2.408257830997651,1
CUST12062,70,Male,West_Midlands,82,386,44587.3904328944,2,0,15,5,1,1,1,0,22.979218149311077,12.858018000751324,0
CUST12063,18,Female,East_Midlands,38,683,78349.77178891549,1,0,0,4,1,1,1,1,289.23306132304083,1.5013706009189187,0
CUST12064,68,Male,Yorkshire,100,724,15151.936292478265,86,4,12,4,1,1,0,0,109.30692921352237,2.499171588592988,1
CUST12065,21,Female,East_Midlands,28,659,23212.13054231284,8,0,22,2,1,0,1,0,126.60700093900252,4.574430818085548,0
CUST12066,73,Male,Scotland,73,692,50053.189380422366,70,0,15,2,1,1,1,0,91.29709732779392,2.2211856300607677,1
CUST12067,32,Female,Yorkshire,66,732,18917.1907184356,5,0,22,1,1,1,1,0,45.518960284011136,2.5134783791134216,0
CUST12068,28,Male,East_Midlands,44,719,34794.2315240028,45,2,18,4,1,1,0,0,42.105382079703396,11.482960673726168,0
CUST12069,67,Male,North_West,58,682,25477.967223776523,3,1,15,3,1,0,0,0,317.691929468488,2.7630597582018783,1
CUST12070,63,Female,East_of_England,119,795,37453.7909298167,0,0,26,3,1,0,1,0,296.46943890562665,3.938071534228959,0
CUST12071,37,Male,South_West,62,523,42084.5985633671,51,3,20,3,1,1,0,0,208.98487953606545,10.032661499106101,1
CUST12072,55,Male,East_of_England,92,517,49553.153722435636,68,1,23,3,1,0,1,1,170.51280994819535,10.838567713194644,1
CUST12073,29,Female,South_West,101,755,55866.36601677717,8,0,6,1,1,0,1,1,33.20677265194861,2.0995273060245316,0
CUST12074,19,Male,South_West,62,760,27603.25454148739,31,1,4,5,1,1,0,0,171.21727364476862,3.57644136881908,0
CUST12075,63,Female,London,44,754,27336.833966374586,158,0,6,5,1,1,1,1,32.49515093323056,12.690265919156218,0
CUST12076,56,Male,Yorkshire,23,692,36376.96826629431,1,0,19,1,1,1,0,0,186.37783933244393,4.222841347049968,0
CUST12077,39,Male,London,25,647,48504.77396111333,6,0,16,1,1,1,0,1,178.0253051763341,3.599462175224319,0
CUST12078,35,Male,South_West,47,491,40708.34520701163,30,0,21,3,1,1,1,0,124.03786578026097,1.389526751878759,0
CUST12079,58,Female,West_Midlands,85,746,38033.91357764317,247,0,26,1,1,0,0,1,209.49248796638577,5.425603747861301,0
CUST12080,49,Male,East_of_England,113,655,46068.99984531302,14,0,14,1,1,1,1,0,107.74357516992062,5.646440547156794,1
CUST12081,33,Male,West_Midlands,28,677,21913.538122947986,1,0,5,3,1,1,0,0,139.81211411493163,1.5545488522342585,0
CUST12082,45,Male,Scotland,28,654,38250.678121226076,4,0,28,1,1,1,0,1,389.36771687070194,4.452705373340617,0
CUST12083,64,Male,North_West,18,727,20543.09113962367,1,0,2,4,1,0,0,0,141.70391871503196,5.988713185595094,0
CUST12084,71,Female,South_West,50,594,32730.58078278003,0,0,28,3,1,1,0,1,150.42526747714032,8.223982577949029,0
CUST12085,66,Female,South_West,73,768,30499.709206510553,4,0,25,2,1,1,1,0,88.04412251019879,9.500979273654375,0
CUST12086,27,Female,South_East,7,664,37745.44706015191,1,0,3,3,1,1,1,1,47.393830047589866,4.620578411089189,0
CUST12087,67,Female,North_West,25,727,19686.173208960558,7,1,24,4,1,0,1,1,241.88807129661308,6.182733572519439,0
CUST12088,48,Female,Scotland,18,705,30577.728444322842,0,0,1,3,1,0,1,1,91.20181748048937,7.6703950928752835,0
CUST12089,20,Female,West_Midlands,57,669,18376.608210556173,2,0,1,4,1,0,0,0,322.74632502832503,2.0445047493014017,0
CUST12090,50,Female,West_Midlands,117,775,73800.78811882669,61,0,18,3,1,1,1,1,88.05101014978175,2.2380908442735112,1
CUST12091,27,Male,East_Midlands,90,691,101381.35081731093,2,0,19,2,1,1,1,1,228.8766860257996,9.884151623842817,0
CUST12092,58,Female,East_of_England,25,650,28654.74089600113,1,1,5,1,1,1,0,0,72.96972786865975,3.173254625693125,1
CUST12093,45,Female,London,28,806,22982.796708364815,34,0,14,3,1,0,0,0,128.69759422360428,5.397551548505053,0
CUST12094,37,Female,Yorkshire,114,489,31104.20749859439,12,0,29,4,1,1,0,1,192.8247098853464,3.184981382606429,1
CUST12095,23,Male,Scotland,40,762,23676.207735289718,12,0,36,2,1,1,0,1,187.0495913153449,2.4779434739132062,0
CUST12096,53,Male,Scotland,17,685,24931.689722839834,0,1,16,2,1,1,1,0,155.10951109756667,1.2185647659779688,0
CUST12097,20,Female,South_West,65,672,20124.79870444351,69,0,15,1,1,1,0,0,18.885954048710982,2.064308599084907,1
CUST12098,65,Female,London,70,779,23158.282840741736,75,0,21,3,1,1,0,0,230.33891764831924,3.6592980838045768,0
CUST12099,57,Male,East_of_England,43,501,72182.85421992705,17,0,28,4,1,0,1,0,61.378386950980556,7.3881855905903935,1
CUST12100,63,Male,Yorkshire,64,747,40056.73428937849,10,0,15,2,1,1,0,1,265.1372357901077,10.149097126383024,0
CUST12101,67,Male,East_of_England,49,743,44965.2551742257,81,0,17,2,1,0,1,0,51.57048316147344,0.6423214761372591,0
CUST12102,38,Male,East_of_England,75,642,23105.11907308651,0,0,13,1,1,0,0,0,138.72203488845082,5.163499283583684,0
CUST12103,34,Male,Scotland,56,720,71190.98717058964,0,0,14,4,1,1,1,0,223.365586451963,5.669873133471236,0
CUST12104,36,Male,South_East,70,789,67694.45323412181,75,0,21,2,1,1,0,0,147.96500422111254,3.0168432344075797,0
CUST12105,19,Female,East_of_England,109,728,19650.331562598287,0,0,3,4,1,0,0,1,461.81497113726226,12.451317619881532,0
CUST12106,28,Male,West_Midlands,26,661,39994.215363515184,0,0,2,3,1,0,1,0,196.81143050690568,5.420246545205019,0
CUST12107,21,Male,East_of_England,104,748,28094.460057046028,37,0,30,4,1,1,0,0,214.36778292327196,4.113021354308736,0
CUST12108,20,Male,South_East,79,532,52042.42487617803,0,0,20,1,1,1,1,0,246.71836289953927,2.48794218456899,1
CUST12109,53,Male,Scotland,114,686,47238.35203678801,4,1,18,1,1,0,0,0,129.1530853543032,5.6933033357241,0
CUST12110,47,Female,London,67,470,35017.28384926478,3,2,27,5,1,1,0,1,28.544814533568566,3.579626325976155,1
CUST12111,73,Female,North_West,105,468,38638.66534063623,4,0,21,1,1,1,1,0,119.88033757867889,0.6301590994708217,0
CUST12112,48,Female,London,98,542,39539.9954822964,2,0,21,3,1,1,0,1,241.26528744910928,3.262001660837826,0
CUST12113,48,Female,West_Midlands,110,719,25427.194111366214,13,0,17,3,1,0,1,1,525.3593432690953,5.2816572560834985,0
CUST12114,59,Male,North_West,85,590,38128.551213961444,3,0,21,3,1,1,1,1,140.52095959514557,2.2028058099533094,0
CUST12115,64,Male,North_West,8,741,64504.42366694898,1,0,19,5,1,1,1,0,132.07983840694843,9.04359159986688,0
CUST12116,62,Male,West_Midlands,23,727,30621.709855532474,4,1,18,2,1,1,1,0,71.3123181943431,2.5731007984038703,0
CUST12117,33,Male,West_Midlands,106,554,25112.228343064366,3,0,15,2,1,0,1,1,245.91972432890628,10.464124171653442,1
CUST12118,53,Female,South_West,74,688,16382.24335682508,2,0,8,4,1,0,1,1,57.37521642141725,3.0654756439823094,0
CUST12119,27,Female,London,23,743,33030.626715588805,0,0,4,4,1,0,1,1,151.26294827474987,11.855875798808333,0
CUST12120,26,Male,Yorkshire,117,733,16619.749071029044,23,0,20,5,1,0,1,0,146.59735933325078,4.798478524880277,0
CUST12121,64,Male,Yorkshire,36,713,46801.37138570719,1,0,20,4,1,1,0,0,222.7285207291405,4.390809576626425,0
CUST12122,29,Female,South_West,112,470,15872.67270893345,7,0,22,5,1,1,0,0,381.15137401537254,3.3354021808603846,0
CUST12123,72,Female,East_of_England,98,705,56639.67496249656,0,0,27,4,1,1,1,0,91.1659102659042,1.186907505931534,0
CUST12124,25,Male,North_West,114,450,30631.336942747617,81,1,25,4,1,1,1,1,139.51648237899968,0.496161642285792,0
CUST12125,50,Female,Yorkshire,115,490,49733.45327996395,5,0,22,1,1,1,1,0,27.085868369232248,2.1748255506838294,1
CUST12126,36,Male,Wales,10,673,35283.07746647711,4,0,15,3,1,1,1,0,87.76520777626669,9.051273106711239,0
CUST12127,21,Female,Scotland,8,480,23316.525579427635,0,0,20,3,1,1,1,0,83.81824583496592,0.5684724416067588,0
CUST12128,34,Male,London,83,702,15000.0,74,0,13,2,1,1,1,1,65.02046533456934,4.349833255783064,1
CUST12129,53,Male,North_West,3,565,22206.580971573956,3,0,22,5,1,1,1,1,382.1374329045359,3.873156771702421,0
CUST12130,39,Female,North_West,67,635,43799.42655937054,6,4,21,2,1,1,1,0,96.80464638562745,1.697591575596889,0
CUST12131,65,Female,Wales,62,698,20185.645330380456,5,0,16,2,1,0,0,1,49.15231743518075,0.6999187295936182,1
CUST12132,33,Female,North_West,111,731,25952.282746918845,1,0,22,5,1,0,1,0,385.3028999413512,0.8858544227543514,0
CUST12133,64,Male,West_Midlands,60,705,29920.522998280463,1,0,15,2,1,1,0,0,180.81968426909398,1.3369472732301488,0
CUST12134,70,Female,Yorkshire,43,538,22427.057199434523,2,0,31,4,1,1,1,1,17.472214101416743,5.709669416306627,1
CUST12135,58,Male,East_Midlands,1,692,61205.29450878161,5,0,7,2,1,1,0,1,271.6538590920235,4.7651465958787735,0
CUST12136,48,Female,South_East,85,716,19703.280307238714,2,0,3,1,1,1,1,0,173.23460063814537,2.796242779321644,0
CUST12137,33,Female,London,19,683,22079.304346876343,1,0,19,1,1,1,1,0,112.07530783769444,2.5696379858623346,0
CUST12138,47,Female,Wales,4,658,73488.95470268828,51,0,10,5,1,1,1,1,57.48813684376752,1.5770834017498077,0
CUST12139,32,Female,London,55,732,89297.67375877466,5,0,9,4,1,0,0,0,445.7230410405013,1.724476852638615,0
CUST12140,69,Male,Wales,67,711,51734.429579199976,3,5,17,4,1,0,1,1,70.62682082071237,5.874151825726549,0
CUST12141,47,Female,East_of_England,98,622,16368.369842325907,78,0,17,4,1,0,1,0,270.0533073730249,7.1091834687028035,0
CUST12142,74,Male,East_Midlands,19,525,72497.71572111407,17,1,19,2,1,1,1,0,73.68691473075172,5.830992900785985,0
CUST12143,34,Female,London,42,709,35056.444832959074,6,1,13,2,1,1,1,0,62.14125448240163,4.164379946984921,0
CUST12144,71,Female,South_East,22,533,32709.2298341657,5,1,19,4,1,0,0,0,166.96636337843847,13.279919965960815,1
CUST12145,27,Female,Scotland,21,711,24069.551810263143,92,0,13,4,1,1,1,0,243.81267018735505,2.909241734317175,1
CUST12146,43,Female,South_West,99,761,42123.08309189142,4,0,25,4,1,1,0,0,176.5066961161479,5.898117353480159,0
CUST12147,56,Male,West_Midlands,50,694,21606.98885622456,3,3,23,1,1,1,0,0,398.20096975015844,1.2851834249297165,0
CUST12148,43,Male,North_West,75,602,16392.230590684485,2,0,30,1,1,0,1,0,217.22359794694802,2.139439600644169,0
CUST12149,29,Male,Scotland,110,798,45128.40016189553,7,0,21,4,1,1,1,0,35.84445141079216,19.143228819313016,0
CUST12150,20,Male,North_West,33,687,33273.87235093599,0,0,21,2,1,1,0,0,44.925882544413795,4.184184408364773,0
CUST12151,25,Male,South_West,83,730,53223.12477795152,32,0,22,1,1,1,1,1,88.67303589875388,5.759487608066381,0
CUST12152,48,Male,Yorkshire,58,672,23871.4003291329,14,1,20,5,1,1,1,0,91.35496028783231,2.278528638205335,1
CUST12153,37,Male,Wales,1,691,40419.73673957399,2,4,6,3,1,1,0,0,309.55523406223585,2.6798891024764964,0
CUST12154,19,Male,North_West,113,753,28580.309175826198,10,0,20,1,1,1,0,1,105.59556976529834,0.16131696876487722,1
CUST12155,34,Male,North_West,104,658,39450.74472370638,2,0,15,4,1,1,0,0,74.23899701276902,3.5344217859960017,0
CUST12156,22,Male,East_Midlands,11,698,54542.61079612617,60,0,25,1,1,0,1,0,1.7382758641725418,2.544634246093751,1
CUST12157,27,Male,Scotland,38,723,52398.44065871744,3,0,18,1,1,1,1,1,299.50222464196196,9.070814193242715,0
CUST12158,34,Male,Wales,79,514,87688.04383956706,5,0,8,4,1,1,1,0,293.83521225963403,20.09881843545028,0
CUST12159,61,Female,North_West,65,761,98519.36277968982,7,0,15,4,1,0,1,0,198.6876531235724,3.1081371259329584,1
CUST12160,51,Female,London,102,603,15000.0,0,0,8,4,1,0,1,0,41.688310248652066,2.668208969383889,0
CUST12161,58,Male,Yorkshire,12,459,39090.27375183852,0,0,20,3,1,0,0,1,53.168606323012796,3.8219386495278176,0
CUST12162,56,Female,West_Midlands,118,738,38329.577449584605,6,3,21,1,1,1,1,0,170.16085054547432,1.1455158527059184,0
CUST12163,60,Male,London,69,411,63294.39405967939,32,2,4,4,1,0,0,0,212.13955930322956,5.497726275103059,1
CUST12164,33,Female,Wales,91,652,42435.42591030557,1,0,19,3,1,1,1,0,48.2681799621005,7.010230735022721,0
CUST12165,58,Male,North_West,45,737,55916.78790968607,4,4,21,1,1,1,1,0,613.2456003072006,3.17995055170242,0
CUST12166,52,Male,London,68,806,41838.96059236589,0,0,21,2,1,1,1,0,97.64094351161162,5.358584583289426,0
CUST12167,50,Male,Scotland,24,695,29203.001324321176,63,0,12,2,1,0,1,0,65.9267576528046,5.955213217451496,1
CUST12168,53,Female,Yorkshire,88,714,45912.66746473004,7,0,17,1,1,1,0,1,197.95367767363825,1.4237330641043668,0
CUST12169,60,Female,Yorkshire,50,679,15000.0,5,4,18,5,1,0,1,0,81.81293118308297,2.423743321873114,1
CUST12170,51,Female,East_of_England,112,707,53099.424031423296,0,0,15,5,1,1,0,0,194.0681038872381,9.267806459664106,0
CUST12171,73,Female,London,104,434,28895.903875263077,3,0,23,2,1,0,1,0,349.036085827853,10.485599023387843,1
CUST12172,20,Male,East_Midlands,9,569,26152.01021719476,43,1,15,4,1,1,0,0,33.523936440176634,2.3956084571933847,1
CUST12173,28,Female,West_Midlands,112,496,30405.631643215773,93,1,5,3,1,1,0,0,92.40492957001528,5.570577732196878,1
CUST12174,59,Female,Wales,61,729,42088.02440147952,7,0,7,1,1,0,1,1,30.119937108620253,6.026373167032463,0
CUST12175,58,Female,Yorkshire,58,508,25844.96424198406,11,0,14,4,1,1,1,0,72.88840957108154,9.316964409421267,0
CUST12176,37,Male,East_Midlands,16,532,25442.83364114016,1,0,20,2,1,1,1,0,65.63572771180355,3.259310108809419,0
CUST12177,60,Male,South_West,50,801,56799.893393497405,1,1,22,5,1,1,1,0,107.06292418099956,10.005487150591549,0
CUST12178,51,Male,Wales,99,485,15658.672459527777,1,0,20,5,1,0,0,0,35.320215644591634,2.3100270465096955,0
CUST12179,40,Female,South_West,102,524,16983.176113083107,14,1,6,5,1,1,0,0,102.38900585060527,5.052049996147146,0
CUST12180,73,Female,South_West,85,714,76288.19561375114,1,3,16,4,1,1,1,0,128.0110863236571,11.039232416348364,0
CUST12181,73,Male,East_of_England,69,685,29768.849511829558,2,0,20,1,1,1,0,0,99.90912054521965,8.838993734981969,0
CUST12182,46,Male,North_West,88,721,95882.47138753954,60,0,20,4,1,0,0,0,27.100150574874675,2.2312200880583455,1
CUST12183,69,Female,West_Midlands,86,688,72998.2755674528,67,0,20,5,1,0,1,0,581.7391338821134,0.6548008553552922,1
CUST12184,62,Female,East_Midlands,84,718,59384.05770354774,46,2,15,4,1,1,1,0,242.55962447453828,0.7057860433122076,0
CUST12185,71,Female,Yorkshire,74,605,28588.910506677825,79,0,4,4,1,1,1,1,215.68277857478984,2.785728003322188,0
CUST12186,24,Female,South_West,22,527,55294.71582553078,2,1,17,4,1,0,0,0,53.13643884855593,2.2833540097220655,0
CUST12187,64,Female,East_of_England,26,663,52436.89617153005,2,0,21,5,1,0,1,0,43.655752016558075,4.463753040450376,0
CUST12188,36,Female,London,31,675,20284.53360017885,1,3,15,3,1,1,1,1,10.921876811006017,2.002351406727581,0
CUST12189,31,Female,North_West,24,557,40080.28444896812,6,0,26,2,1,1,0,0,24.622979565110597,2.8739401682674712,0
CUST12190,54,Female,London,8,777,21684.32443650282,4,1,6,1,1,1,1,0,95.78647639679933,3.3006427784663117,0
CUST12191,69,Male,Yorkshire,3,672,24919.724748458328,4,0,26,3,1,1,0,1,43.637695339045266,4.301224801859512,0
CUST12192,23,Female,West_Midlands,82,448,28378.815831965447,14,0,15,5,1,1,1,1,76.32137748933604,3.716462184627807,0
CUST12193,61,Male,Wales,108,729,17860.66120119099,1,0,21,3,1,1,1,0,232.99381445706453,10.708101897110058,0
CUST12194,35,Female,Wales,113,609,24460.420068275937,1,0,26,1,1,1,1,1,87.66903306827899,5.584624439981706,0
CUST12195,21,Male,North_West,57,811,31718.364912225396,4,0,7,3,1,1,1,0,58.267568787453975,3.354310207741747,0
CUST12196,58,Male,North_West,31,484,49280.95025640761,228,0,22,5,1,0,1,0,279.09149325400597,8.075200044413265,0
CUST12197,44,Female,Wales,70,642,32809.89972443275,5,0,19,3,1,0,1,1,79.19711006386035,3.95798322454438,0
CUST12198,56,Male,North_West,7,784,30782.416787364764,43,0,24,2,1,1,1,0,69.63972944171783,3.6885871938412613,0
CUST12199,18,Male,East_Midlands,115,650,31218.34738983396,2,0,8,2,1,1,1,0,142.01955526688263,1.099092297829248,0
CUST12200,37,Male,South_West,76,752,36044.887592650426,3,0,27,1,1,1,1,0,52.18603496580791,4.525390832397412,0
CUST12201,20,Male,Yorkshire,67,677,42387.03897450699,79,0,19,1,1,1,1,1,86.09396118116867,0.3441858663746719,0
CUST12202,58,Female,Yorkshire,48,704,41104.185158998516,1,0,23,3,1,0,1,0,111.80652905698241,4.540706085578324,0
CUST12203,50,Male,London,29,661,25788.02543025245,8,0,15,4,1,1,1,0,202.260744740238,5.609522467033528,0
CUST12204,59,Male,Yorkshire,105,637,18624.813375650683,45,2,22,4,1,0,1,1,199.28635218392017,5.915569597301522,0
CUST12205,58,Female,East_Midlands,18,715,32009.670100307056,0,0,22,1,1,1,1,0,73.21802712083303,0.6689694062964169,0
CUST12206,39,Male,West_Midlands,56,749,34262.79547014394,1,0,21,5,1,1,0,1,364.92900893715944,2.3548470952284752,0
CUST12207,35,Male,West_Midlands,23,674,18189.89267722204,0,0,21,1,1,1,0,0,106.77802581225718,1.0189195754049258,0
CUST12208,39,Female,South_East,44,760,24768.513220460696,5,0,26,5,1,1,1,0,51.62845275699853,0.8379388439573404,0
CUST12209,33,Female,London,112,565,25614.30009462049,33,0,15,3,1,1,0,0,181.59489052304357,1.862907736632859,1
CUST12210,64,Male,London,115,439,59545.26212024315,0,4,8,4,1,1,0,0,151.9565983254028,9.338465897528886,1
CUST12211,39,Female,London,35,432,64462.47718522347,35,0,5,1,1,1,1,1,38.857100611762775,6.362930817355626,1
CUST12212,36,Male,Wales,24,644,42082.22830333643,6,0,5,2,1,1,1,0,47.02615752419464,8.871038435601692,0
CUST12213,56,Female,North_West,96,725,86051.54838126295,1,0,12,1,1,1,0,1,130.4049024800345,4.010524926043456,0
CUST12214,29,Female,London,33,561,66439.81175080013,93,0,18,2,1,1,0,0,187.465493732564,1.5429820803032233,1
CUST12215,58,Female,East_of_England,65,706,20379.520598781914,5,0,15,5,1,1,1,0,73.581753655331,4.277177454570838,0
CUST12216,18,Male,Yorkshire,105,763,33889.78151622363,10,0,11,4,1,0,1,1,212.47754787823914,12.39404209416846,0
CUST12217,61,Female,Scotland,63,764,50062.95266499629,33,0,16,1,1,1,1,0,136.598391970071,4.926182568726937,0
CUST12218,40,Male,South_West,41,736,21304.151858311627,71,2,4,2,1,0,1,0,30.650739185546694,7.449356733770731,1
CUST12219,39,Male,West_Midlands,59,735,23158.591749230338,4,0,12,4,1,0,1,0,58.81756927426352,7.539988743197666,0
CUST12220,47,Male,Wales,21,665,36741.87031574603,6,0,16,1,1,1,1,0,102.83522715814587,5.32659109885524,0
CUST12221,64,Male,North_West,117,668,58728.53894578476,3,0,29,2,1,1,1,0,86.463366530582,3.7433974961352905,1
CUST12222,44,Female,East_of_England,7,682,47760.860635863304,1,0,21,3,1,0,1,1,137.35350740069336,1.3708559171406853,1
CUST12223,21,Male,South_East,6,539,24079.5888446972,6,3,20,3,1,1,1,0,119.00674798623488,0.4625957642031149,0
CUST12224,50,Male,Yorkshire,116,816,36519.716990073306,28,0,24,5,1,1,1,0,124.97451737875384,3.750793865428056,0
CUST12225,58,Male,North_West,83,667,31369.13471364792,14,0,19,5,1,1,0,0,156.87101712815385,3.4399532746560912,0
CUST12226,67,Male,South_West,68,667,65045.76785652341,46,0,7,1,1,1,1,1,152.82438052067096,6.276676896971146,1
CUST12227,71,Female,London,68,743,49224.336342986964,0,0,19,4,1,1,1,0,142.24423613600533,9.718195937689663,0
CUST12228,56,Female,East_of_England,99,690,74066.11937361026,7,0,8,4,1,1,0,0,157.10437582311235,5.579317182629317,0
CUST12229,32,Female,South_West,110,736,32470.101506044593,0,0,28,3,1,1,0,0,195.15969728087845,1.9298220532712904,0
CUST12230,43,Female,North_West,81,655,45207.22015460385,5,0,14,5,1,1,1,0,144.36167987364936,1.334887252276832,0
CUST12231,60,Male,East_of_England,17,698,54448.799881290426,3,0,5,2,1,1,0,0,86.35424134056892,4.611473384362113,1
CUST12232,73,Female,South_East,105,481,50824.81402374577,5,0,25,3,1,1,1,1,87.39317242128699,1.9024703055539458,0
CUST12233,18,Male,Scotland,92,669,42139.40817998325,4,0,11,1,1,1,1,1,89.64374017633678,9.968457440549427,0
CUST12234,68,Male,South_East,21,441,27458.246937727403,0,0,17,5,1,0,1,1,40.22040857850164,11.158140090877291,0
CUST12235,38,Male,West_Midlands,7,775,60370.78958900417,4,3,11,1,1,1,1,0,121.04588619210053,2.43272091845307,0
CUST12236,20,Female,London,63,693,30320.852584517947,1,0,19,3,1,1,0,0,89.15522873014291,2.9658252404188508,0
CUST12237,60,Female,East_Midlands,27,574,26971.47179030382,4,1,22,3,1,1,0,0,426.8674913268044,7.492281665469077,0
CUST12238,62,Male,South_East,72,501,29350.14182697146,76,0,30,3,1,1,0,1,82.09265165373307,7.285639158470571,0
CUST12239,55,Male,Scotland,29,646,61264.48119903519,0,1,3,3,1,1,1,0,84.43506842321527,6.154075881669064,1
CUST12240,47,Male,South_East,55,705,17526.4671611043,33,0,18,3,1,1,0,0,217.2651199848787,4.096033549945875,1
CUST12241,34,Male,East_Midlands,116,500,34293.97548839903,4,0,3,4,1,1,0,0,125.70939455572623,5.696231200200118,1
CUST12242,70,Male,London,111,675,51114.86376796231,1,1,20,2,1,1,1,0,214.99427062199098,7.475676020150894,0
CUST12243,70,Female,West_Midlands,43,722,25323.774067079223,2,0,5,1,1,1,1,1,15.37776297377874,4.132004496943441,0
CUST12244,28,Female,Yorkshire,90,746,33185.86841456621,3,0,15,3,1,1,1,1,81.82900764706136,3.1093457014787167,0
CUST12245,61,Male,South_East,79,483,22784.960271303145,80,0,20,3,1,1,1,0,51.230060096694125,2.977602740163638,1
CUST12246,67,Male,South_East,80,443,45989.15759754342,8,0,16,4,1,1,1,0,54.342979171421064,3.9054789559449548,0
CUST12247,64,Female,North_West,8,504,24733.77201338223,66,0,5,3,1,1,0,1,100.970748993763,6.986439064196813,1
CUST12248,60,Female,Scotland,57,746,33790.4619394906,49,0,6,3,1,0,1,0,166.08213458039296,2.2187376610007656,1
CUST12249,62,Female,Yorkshire,102,680,15000.0,0,0,21,2,1,0,0,0,100.50919871837209,4.76386385540604,0
CUST12250,41,Male,Yorkshire,45,673,42436.222073467325,11,0,17,2,1,0,0,1,30.959770248948168,5.345763266928354,0
CUST12251,60,Male,West_Midlands,101,555,25487.898669140483,34,0,7,3,1,1,0,0,39.697786782286585,1.0329077661957393,1
CUST12252,31,Female,Scotland,41,750,34436.05764624596,74,0,23,4,1,0,1,0,71.8645804295809,3.496536890209381,1
CUST12253,38,Female,West_Midlands,61,774,25883.492290684928,57,1,17,5,1,1,1,0,285.6515635684189,1.1623146718206474,1
CUST12254,22,Male,Wales,60,525,54104.357209524926,4,0,27,1,1,1,1,0,75.57707758886951,13.0178683134706,0
CUST12255,70,Female,Yorkshire,96,707,31469.897777904323,108,0,14,2,1,1,1,1,110.1113567130155,4.216351580398523,0
CUST12256,50,Male,North_West,83,670,37438.44593321186,0,0,16,1,1,1,1,1,64.61868906786569,2.4572428220815166,0
CUST12257,72,Male,East_of_England,8,451,28991.501119024342,2,0,21,4,1,1,1,0,46.75163101892629,8.639844196088015,1
CUST12258,52,Male,East_Midlands,105,720,29751.483381001988,0,1,22,3,1,0,0,0,18.280153314548517,3.50031012102838,0
CUST12259,61,Female,South_East,96,689,29841.496922320457,33,0,15,1,1,1,1,0,70.84971831566656,4.686451159461798,0
CUST12260,28,Female,South_West,23,649,25448.790088207126,5,0,14,2,1,1,0,1,122.38745824054233,1.181613289382642,1
CUST12261,42,Female,East_Midlands,58,710,29759.56823446831,1,0,15,5,1,1,0,1,95.07501873479043,6.859034753850196,0
CUST12262,18,Male,London,119,654,28839.421050743502,1,0,20,1,1,0,1,0,37.34268559243836,2.8148194943299703,0
CUST12263,38,Male,South_West,85,716,50970.0216414036,4,0,24,4,1,1,1,1,22.441297794588564,3.596702226359352,0
CUST12264,64,Male,Wales,102,757,44633.26616603086,54,0,18,4,1,0,1,1,61.324387607155344,1.4700757373654643,1
CUST12265,43,Male,East_Midlands,39,724,38672.8509222295,111,0,14,4,1,1,0,0,428.2685399069737,8.58994735988465,0
CUST12266,69,Female,Wales,18,515,50692.57909760234,104,0,18,3,1,1,0,1,353.71898645439546,6.474992888062571,1
CUST12267,29,Female,Yorkshire,34,673,31745.21290846598,6,0,28,5,1,0,0,0,150.6629378098558,3.131243326734344,0
CUST12268,24,Male,South_East,111,715,84057.62600374971,1,4,19,3,1,1,1,0,217.5097117563305,2.2895936034670243,0
CUST12269,74,Male,London,64,717,31240.738104976943,0,0,26,4,1,1,1,0,17.638797199779347,5.430501027692739,0
CUST12270,33,Male,East_Midlands,60,604,29327.7959535803,53,0,20,3,1,1,1,0,216.5417539106962,2.5897395176270406,0
CUST12271,39,Male,South_West,2,776,24936.135815487753,3,2,13,3,1,1,1,0,75.30761723345225,2.7794932507743235,0
CUST12272,33,Male,London,98,742,20129.955568679114,31,0,18,3,1,0,1,0,64.36801577625214,4.840346688019824,1
CUST12273,33,Male,North_West,52,677,36365.15730544315,6,0,24,1,1,0,0,1,73.89021836950235,2.669958506483663,0
CUST12274,20,Female,Wales,57,636,55508.0617824204,81,0,8,1,1,1,0,0,137.03625394232705,4.590485559591698,1
CUST12275,21,Male,North_West,26,742,23759.67167615362,0,0,18,5,1,0,0,0,36.240971891032835,1.7642680492269924,0
CUST12276,21,Male,London,34,658,38203.99512676383,0,0,6,4,1,0,1,0,141.98862459221573,7.08889959346075,0
CUST12277,62,Male,Wales,13,502,31098.233144936115,51,0,18,2,1,0,0,1,97.6876161376334,6.772580618509752,1
CUST12278,31,Female,East_Midlands,17,730,51873.66565892263,41,0,26,4,1,1,1,1,146.16187463120858,9.261943646762552,1
CUST12279,21,Female,Yorkshire,62,649,20155.075218299673,145,1,23,5,1,1,0,0,187.9606041078851,4.647036804702555,0
CUST12280,68,Female,South_West,99,480,21774.13161851837,4,0,4,4,1,1,1,0,317.3811369556228,10.87395129791184,0
CUST12281,30,Female,North_West,104,686,32157.704427602686,5,0,22,4,1,1,1,0,468.75032065615045,6.135519669730124,0
CUST12282,53,Female,East_Midlands,35,511,35591.62890157431,1,0,16,3,1,1,1,1,165.0049687533745,6.647042193751679,0
CUST12283,47,Male,Wales,30,662,70569.7292336512,0,0,17,2,1,1,1,1,137.37180687811315,3.217833404442368,0
CUST12284,66,Female,North_West,19,696,22609.70652448772,0,0,23,3,1,0,1,0,12.617778996381231,4.257709500541246,0
CUST12285,48,Male,Scotland,79,690,38244.61098139102,40,0,21,1,1,1,1,0,100.80262119481446,4.858073581351064,1
CUST12286,62,Male,North_West,73,698,23999.859501645118,70,0,21,2,1,0,1,0,109.17759187474103,4.670192459411549,1
CUST12287,22,Male,North_West,22,701,71524.22721894714,4,0,20,5,1,1,1,0,120.16014676310613,1.9722815669622675,0
CUST12288,70,Male,West_Midlands,34,536,34873.396356687634,0,0,24,1,1,1,0,0,342.5285486718187,2.140751636023594,0
CUST12289,58,Male,West_Midlands,79,671,22189.641410850676,37,0,3,3,1,1,1,1,308.4147442250105,6.786991219804575,0
CUST12290,19,Female,South_West,28,653,47982.58894582678,6,0,26,4,1,1,1,1,120.84793545261341,3.36417618045552,0
CUST12291,39,Male,East_of_England,96,679,39841.94490414477,6,0,20,2,1,1,1,0,85.17178696951095,4.354565421241247,1
CUST12292,57,Female,East_of_England,94,565,33800.32317310823,0,0,6,4,1,1,1,1,165.41890518043883,8.570359910029905,1
CUST12293,53,Male,West_Midlands,118,720,38823.60860542742,2,0,20,4,1,1,0,0,77.08062492347565,2.916628305308093,0
CUST12294,36,Male,Yorkshire,57,624,71193.77314116167,1,0,18,4,1,1,0,0,159.7266077867982,1.2119081274409318,0
CUST12295,18,Female,London,116,762,22959.922549779356,37,0,28,5,1,0,1,1,66.25379232422395,4.315744770559839,0
CUST12296,39,Female,West_Midlands,15,537,67933.58975898802,2,0,5,4,1,1,0,0,207.8053765911789,4.406159703334739,0
CUST12297,55,Male,Wales,117,494,38952.87361944031,0,1,22,5,1,0,0,0,15.926024335163845,5.504462605742311,1
CUST12298,65,Male,Wales,54,633,51354.409715080714,41,0,5,5,1,1,1,1,236.31555353559938,11.632278777912147,0
CUST12299,74,Female,East_of_England,114,547,27586.580990503786,1,0,19,3,1,1,0,0,197.56703947295563,4.133328922243978,1
CUST12300,18,Female,South_East,52,407,39667.562834366334,0,2,32,3,1,1,1,0,102.60333152574698,18.260948287947457,0
CUST12301,55,Male,Yorkshire,64,555,47700.428262917645,14,3,23,4,1,0,0,0,91.62094651168688,2.0866137134219565,0
CUST12302,69,Male,London,6,721,72185.91512003273,2,0,7,4,1,0,1,0,80.33453980346407,3.5824817816607313,0
CUST12303,63,Male,Wales,10,747,27182.70413043671,7,0,8,5,1,1,0,1,112.42261450955503,2.666483006852849,1
CUST12304,71,Female,Scotland,36,641,29772.12614350991,0,0,15,4,1,0,0,1,44.7321744322088,1.9998305291837204,0
CUST12305,63,Male,East_of_England,3,490,52540.24764479808,10,1,15,1,1,1,1,1,409.02519619702576,1.699566622320674,0
CUST12306,49,Male,East_of_England,45,622,29375.848223691606,5,2,23,1,1,0,1,0,48.936703324642906,3.2747256964628138,1
CUST12307,66,Female,East_of_England,5,678,34282.820086035885,92,0,21,4,1,1,0,0,85.60534189621647,3.441688449192208,0
CUST12308,18,Female,West_Midlands,12,721,43362.71146356543,0,3,9,1,1,1,1,0,140.3708470262978,3.553163135558979,1
CUST12309,72,Female,East_of_England,102,676,25074.89569496644,121,0,26,4,1,1,1,1,208.88426681141513,6.650788017590986,0
CUST12310,43,Female,Wales,118,754,40782.63718041805,187,0,3,2,1,1,1,0,392.48066631445914,1.6875746929455646,0
CUST12311,31,Female,London,93,672,54529.47495807719,0,0,23,5,1,0,0,0,234.66075172290806,1.4951557957032524,1
CUST12312,48,Female,South_East,110,482,32685.044427742752,67,0,20,5,1,1,0,0,90.25215324973841,1.4226068370189096,0
CUST12313,41,Male,London,10,746,51873.160568918975,32,0,19,4,1,0,0,0,117.09484298062723,4.073845945185327,1
CUST12314,30,Female,Scotland,68,692,43015.0029330571,8,0,21,2,1,1,1,0,37.29032468248877,7.883001255211822,0
CUST12315,58,Male,East_Midlands,30,761,47982.57423314404,5,1,19,3,1,0,1,0,134.95755976956593,5.762853086051972,0
CUST12316,39,Female,Scotland,63,718,47856.86244541206,11,0,17,5,1,0,0,0,154.7678261686865,2.8923957071674873,0
CUST12317,43,Female,Yorkshire,11,729,44609.163155736045,0,1,21,5,1,1,0,0,24.958338825669887,6.177964381097913,0
CUST12318,39,Female,South_East,87,649,43101.02415440731,2,2,22,1,1,1,0,0,151.66560507208177,3.8888654720698996,0
CUST12319,58,Female,South_East,36,748,33932.24728477133,7,0,4,1,1,1,0,0,381.4103355914396,1.3780821697817789,1
CUST12320,70,Male,East_of_England,49,723,20926.007200153585,4,0,15,5,1,0,0,0,229.09547988009132,11.302698989117408,0
CUST12321,45,Male,North_West,53,710,33035.85519741476,90,3,25,4,1,0,1,1,229.16912452941472,1.978447864117026,0
CUST12322,22,Male,East_Midlands,20,807,52702.69695908016,17,0,17,5,1,1,1,1,133.46421206550437,5.242310052232664,0
CUST12323,38,Male,South_West,32,423,34471.99583058273,44,0,17,4,1,1,1,0,131.56402942731543,5.084587072962323,1
CUST12324,51,Male,East_Midlands,45,649,42640.656300917515,7,3,21,4,1,1,1,0,154.3384337140815,8.012502018094098,0
CUST12325,54,Female,West_Midlands,84,605,52660.85375864805,75,0,23,3,1,0,1,0,197.14573170849593,3.698484417032347,1
CUST12326,30,Male,North_West,50,731,46766.85150704164,0,4,18,3,1,1,0,1,116.42246233109614,3.766453467193897,0
CUST12327,73,Male,West_Midlands,18,562,26995.12353076825,6,0,18,4,1,0,0,0,48.192719982263824,1.7631803985363894,0
CUST12328,28,Female,Scotland,111,654,33204.42584076336,19,0,17,1,1,1,1,0,267.22091533998594,3.9709002922688033,0
CUST12329,56,Male,London,14,750,41384.90166953825,5,0,28,1,1,1,1,0,151.16803860194696,2.3137678153295176,0
CUST12330,42,Male,North_West,45,683,36285.3809699649,0,0,21,4,1,0,1,0,114.44724230798361,2.5922834904117966,0
CUST12331,66,Female,Wales,98,679,65179.81938222721,2,0,14,5,1,1,0,0,248.96650424111692,6.502636499620804,0
CUST12332,72,Male,Scotland,26,672,25157.482768323454,4,0,15,2,1,1,0,0,132.83458864515882,4.9546061677068725,0
CUST12333,70,Female,East_Midlands,112,717,30859.866192582755,51,0,19,2,1,1,1,0,82.85743730053738,3.1005275371311254,1
CUST12334,47,Male,South_West,24,754,28281.582403202367,0,0,26,2,1,1,0,0,101.72949857393282,16.318621443536646,0
CUST12335,40,Female,Scotland,80,725,35267.85902620974,32,5,14,2,1,0,1,0,19.005555347067197,8.506148061270935,0
CUST12336,49,Female,Wales,68,584,61920.901859128135,64,2,13,2,1,1,1,0,96.44414151050577,8.469828647106596,1
CUST12337,46,Female,London,59,744,27912.436497305665,60,0,24,1,1,1,1,1,105.75210396155063,8.746708826755857,0
CUST12338,30,Female,South_East,59,754,31806.27953527036,157,0,16,5,1,1,0,1,41.68814832255695,0.9112730564048734,0
CUST12339,32,Female,East_Midlands,103,497,52893.57444135947,8,0,22,3,1,1,1,0,112.93379927860003,2.639149812044534,0
CUST12340,19,Female,North_West,23,546,34032.257255069046,83,0,27,4,1,1,0,0,262.6162639530687,3.14191976377328,1
CUST12341,44,Female,North_West,102,601,21455.228419491596,73,1,18,4,1,1,1,0,49.28122398031639,3.6383337221345786,0
CUST12342,72,Male,Wales,35,714,23170.09582387067,3,0,22,5,1,1,0,0,38.046922796489994,2.94869388690977,0
CUST12343,38,Male,North_West,54,469,35291.6564326477,0,1,26,1,1,0,0,0,214.03974522128698,4.382951184017742,0
CUST12344,74,Female,Yorkshire,3,480,27123.33673155088,7,4,22,3,1,1,1,0,228.0079769286361,5.177397921908312,0
CUST12345,41,Male,South_East,63,472,18926.58308598006,34,3,19,4,1,1,1,0,34.55620383832201,4.987921774280089,1
CUST12346,57,Female,South_East,34,737,48926.7218559492,7,0,3,3,1,1,0,0,202.3507443100032,9.697098386931179,1
CUST12347,33,Male,London,9,522,50585.21406912857,1,0,22,3,1,0,0,0,238.66479176696075,3.960087845413133,0
CUST12348,31,Female,East_of_England,19,626,87686.9768622736,7,0,7,3,1,0,1,0,237.41081921655402,2.856740996820996,0
CUST12349,74,Male,South_West,54,496,32671.381538185087,0,0,19,4,1,0,1,0,135.83634646252415,2.928730284818368,0
CUST12350,46,Female,East_of_England,59,413,41793.706787233226,1,0,6,2,1,1,1,1,85.37121971302902,3.0064098303372457,1
CUST12351,20,Male,Wales,65,705,27745.520588470004,7,0,19,4,1,0,1,1,237.03489837987044,1.5301525111027638,0
CUST12352,27,Female,Yorkshire,12,686,50652.2302575597,7,0,18,4,1,1,0,0,26.48058059356209,5.457395082342588,0
CUST12353,59,Male,Scotland,103,842,40680.06092898855,0,0,4,4,1,0,1,0,417.80368590744973,6.958826079850614,0
CUST12354,56,Male,South_West,109,607,50900.90273971287,6,6,18,4,1,0,0,0,95.83035322672401,9.101884032254464,1
CUST12355,39,Female,South_West,80,597,24718.055634054956,3,1,22,1,1,1,0,1,88.98736180279538,3.556489744911468,0
CUST12356,52,Female,Scotland,6,759,44462.04602949667,6,0,3,5,1,1,0,0,244.76902014383722,3.1541768794079172,0
CUST12357,67,Male,East_of_England,22,705,43034.43717254366,218,0,4,5,1,1,1,1,19.255733426696267,7.116770519182785,1
CUST12358,23,Male,South_West,105,709,50224.827138416396,0,0,11,1,1,0,1,0,123.68486051620803,5.517085166712964,0
CUST12359,35,Female,South_East,86,642,21826.15682046588,3,0,15,4,1,1,1,0,144.7188381636821,2.133795225308292,0
CUST12360,26,Male,London,95,667,46048.74488138094,4,2,17,5,1,0,1,0,350.4972685859993,4.867241787429078,0
CUST12361,40,Male,Yorkshire,75,762,108464.87962465764,39,0,17,4,1,1,1,1,25.239823788707362,5.8513127156091596,1
CUST12362,35,Female,South_West,105,508,68514.70768618111,3,4,6,2,1,1,1,0,117.44592865489454,10.070582860556252,1
CUST12363,70,Female,West_Midlands,96,724,28480.5021244396,0,0,19,4,1,1,1,0,135.7286210266276,4.233626333593682,0
CUST12364,55,Male,London,112,680,35459.392190563805,92,0,20,3,1,1,1,0,56.403554039356976,5.751515977766839,0
CUST12365,32,Female,South_East,80,618,25563.01560345177,4,0,15,4,1,0,1,0,156.63669252975322,5.037692482581658,0
CUST12366,21,Male,East_Midlands,50,618,27226.378489905564,0,0,13,4,1,1,1,0,59.433747453940775,1.2229930802251132,0
CUST12367,55,Male,West_Midlands,16,704,53230.48888338019,33,0,6,1,1,1,1,0,473.21950253535607,2.782425495655836,1
CUST12368,40,Male,West_Midlands,34,540,24812.11881034343,33,0,23,3,1,1,1,0,361.80998176021296,0.7058454192175738,1
CUST12369,59,Male,East_of_England,43,719,36620.18482054917,9,1,16,2,1,0,0,0,86.47873942144594,0.6062787275959703,0
CUST12370,65,Male,South_West,108,732,45598.13831939631,33,1,18,5,1,0,1,0,3.748850319296958,2.524018839620009,0
CUST12371,45,Female,East_of_England,36,662,28310.369815982485,14,0,14,2,1,1,1,1,254.87925772464774,8.366686451527027,1
CUST12372,25,Female,South_West,42,707,49575.25478721555,81,0,27,1,1,0,0,1,223.05248353831345,4.28578711974565,0
CUST12373,61,Female,Scotland,23,515,46150.622863807745,0,0,22,1,1,1,0,0,183.7094647914011,3.5365159228952963,0
CUST12374,63,Female,Wales,102,699,17405.613368173865,2,0,18,3,1,1,1,0,150.07054494133146,2.762325284443714,0
CUST12375,49,Male,South_West,95,693,69326.36432382205,1,0,18,5,1,1,1,0,242.0966487504769,2.638582079631902,0
CUST12376,67,Male,Scotland,4,654,21012.292210718482,36,1,17,5,1,1,1,1,110.57106367980283,1.8928245533053438,0
CUST12377,54,Male,Wales,91,533,15000.0,0,0,1,1,1,1,0,0,253.78799834311988,8.141964474902807,0
CUST12378,40,Male,East_of_England,32,761,34389.99281177867,7,3,18,2,1,1,1,0,212.66817064174595,2.854215785756944,1
CUST12379,24,Male,West_Midlands,38,727,92853.84774338455,0,0,5,2,1,0,0,1,156.49643944741365,2.2984902931742703,0
CUST12380,65,Male,East_Midlands,55,488,34453.19644097479,62,0,27,2,1,0,1,1,136.11856563200857,6.554877121380862,1
CUST12381,56,Male,London,86,467,47525.41358671222,0,0,22,3,1,1,0,0,71.73586946534887,1.6865089187291693,0
CUST12382,52,Female,Scotland,111,590,29356.1452750229,4,0,6,2,1,0,0,0,102.61679815312965,5.090004282235539,0
CUST12383,34,Male,East_of_England,91,670,52891.57464454221,40,0,17,4,1,1,1,1,90.67225397359466,3.540247004598038,1
CUST12384,45,Male,Wales,64,746,63362.08517493001,7,0,27,5,1,1,1,0,69.75173971267375,2.366365928004253,0
CUST12385,36,Male,East_of_England,13,715,26938.284447317717,1,0,19,2,1,1,1,0,163.3996719281129,7.611903750656733,0
CUST12386,33,Male,Wales,48,738,23752.045009125755,1,1,3,3,1,1,0,0,27.392258705493468,3.7150989015478664,0
CUST12387,22,Male,West_Midlands,13,583,43869.47211678721,4,0,27,3,1,0,1,1,267.1665768542163,0.7836654238442903,0
CUST12388,65,Female,Scotland,94,680,27272.264350662783,0,0,24,3,1,1,1,0,130.8811426018031,3.1344471974333836,1
CUST12389,21,Male,Scotland,88,676,41728.040792496,12,2,20,2,1,1,0,0,255.5323017924206,2.782825262382464,1
CUST12390,70,Female,East_Midlands,2,767,30909.66077135383,31,0,17,4,1,0,0,0,33.63192298813906,6.79978826740683,0
CUST12391,39,Male,South_West,13,678,34626.04758070952,78,0,21,2,1,0,1,0,73.34730815648676,6.478685959879039,1
CUST12392,27,Male,East_of_England,46,476,31985.257003118695,3,0,16,5,1,1,0,0,94.95384563041479,0.8269529377556462,1
CUST12393,41,Male,South_East,26,657,19673.96760384362,0,0,25,3,1,1,1,1,129.82950047890824,10.628184423960697,0
CUST12394,39,Male,London,75,749,28314.45288664893,36,0,19,3,1,1,0,1,34.000750816772495,4.131715989305293,1
CUST12395,40,Female,South_West,7,623,29770.49298920168,8,0,7,3,1,1,1,0,75.72404307692386,2.516706439861273,0
CUST12396,42,Female,South_East,33,740,32643.9420670186,2,0,19,4,1,1,1,0,11.73246426793465,5.973321137234806,0
CUST12397,34,Female,Yorkshire,26,654,45975.92398597371,0,0,18,3,1,0,1,0,50.41467131387859,9.509980957074157,0
CUST12398,66,Female,North_West,3,725,43109.940004416756,2,0,18,2,1,0,1,1,93.83126018192813,2.8459139050317765,0
CUST12399,48,Male,North_West,111,662,32966.209892205196,67,0,20,4,1,0,0,1,49.61295815200499,7.997559152330051,0
CUST12400,37,Female,East_of_England,31,715,26835.437578311714,233,0,26,4,1,1,1,0,235.77782959174795,9.476916101548127,1
CUST12401,41,Male,South_East,74,708,41880.84636431472,3,0,8,4,1,0,0,0,124.58049806390116,5.403271769769055,0
CUST12402,39,Male,West_Midlands,12,490,51860.780152709776,64,0,7,1,1,1,1,0,145.40891230699947,9.02891484541759,1
CUST12403,47,Male,East_Midlands,99,738,51424.014900300834,2,0,18,5,1,1,0,1,187.13802123474736,6.348486784683348,0
CUST12404,63,Female,Yorkshire,117,676,62466.77114113768,47,0,27,1,1,1,1,1,313.2631722201724,7.661098568038702,0
CUST12405,31,Male,Yorkshire,57,726,43408.712395888724,36,4,15,5,1,1,0,0,270.2128900104929,3.206112127156126,1
CUST12406,49,Female,North_West,100,591,27726.77882046823,13,0,12,4,1,0,0,1,193.1937047606791,5.046529743363626,0
CUST12407,58,Male,West_Midlands,31,758,21009.559506532492,12,3,12,1,1,1,0,1,298.34796652635464,3.1596327782596703,0
CUST12408,63,Female,South_East,11,520,40270.22501268662,68,0,21,2,1,1,1,0,108.7234546307437,1.242552713551234,0
CUST12409,42,Male,Yorkshire,91,748,34615.613853113726,8,0,16,4,1,1,1,0,69.66835153506955,11.527084729893513,0
CUST12410,39,Male,South_East,62,553,20451.023423558207,0,5,22,5,1,1,1,0,137.42246590895994,3.9867552771212167,0
CUST12411,37,Male,East_Midlands,63,623,38701.93146636672,3,0,19,5,1,1,0,0,66.84320858350665,2.5326957584044414,0
CUST12412,38,Male,London,20,742,31872.48510203448,1,0,26,1,1,1,1,0,107.03781510357118,5.634449320675417,0
CUST12413,37,Male,Scotland,23,422,73686.1216384551,0,0,21,2,1,1,0,0,102.6080367046955,1.7633901280142883,0
CUST12414,58,Female,East_of_England,39,587,19665.82980782529,1,1,15,5,1,1,1,0,199.89266643480616,5.111875541647404,0
CUST12415,67,Male,London,118,729,36182.29939226973,0,0,17,5,1,1,1,0,106.95839371254841,11.24343691977807,0
CUST12416,54,Male,Wales,61,760,34232.568951558766,2,4,14,3,1,1,1,0,96.36762822001236,8.73555078415685,0
CUST12417,71,Male,East_of_England,15,695,28079.675295725512,39,2,17,5,1,1,1,0,40.20801035942708,6.975537506482877,0
CUST12418,45,Male,Scotland,54,692,31915.28125589566,39,0,18,2,1,1,0,0,108.9404299467042,8.047810609629396,0
CUST12419,39,Female,London,4,717,37141.77025872574,5,0,12,5,1,0,1,0,295.10312063364813,10.170799918455058,0
CUST12420,45,Female,Yorkshire,109,437,17588.18537032388,3,0,4,3,1,1,1,0,168.41886039122053,7.68432561864949,1
CUST12421,28,Female,East_Midlands,16,720,46727.79644252825,42,0,23,4,1,0,1,0,212.47815969616698,8.841692921037424,1
CUST12422,47,Male,East_Midlands,110,778,28844.305727828,4,0,8,1,1,1,0,0,145.8356324680491,3.9756350472851327,0
CUST12423,42,Female,Yorkshire,48,699,29324.10322972998,0,0,20,5,1,0,1,1,88.24730634503757,7.90800501934445,0
CUST12424,62,Female,South_East,15,683,23513.78644704693,2,0,22,5,1,1,0,0,121.97701999825024,4.4780824576045735,0
CUST12425,27,Male,Wales,103,708,24643.90422866608,1,0,22,4,1,1,1,0,362.12356235465876,4.975078957561298,0
CUST12426,27,Female,Scotland,63,509,46076.71793279882,7,0,2,3,1,1,0,0,120.27509412883234,2.7580266266833195,1
CUST12427,46,Male,Scotland,115,432,24222.761076593848,1,0,15,2,1,1,1,0,272.8348464717312,4.85897884971134,0
CUST12428,72,Male,Wales,9,691,48382.69000808407,4,5,20,5,1,0,0,0,147.09238078215714,3.456997590774456,1
CUST12429,70,Male,East_of_England,63,675,36184.205696324374,46,2,14,2,1,0,1,0,252.47868649812233,2.063530468422053,0
CUST12430,24,Male,Yorkshire,6,704,81008.77659666499,3,1,22,2,1,1,1,0,102.15486607812505,2.911627275304782,0
CUST12431,56,Male,London,55,527,32441.667200566804,47,6,19,4,1,1,1,0,105.80586823125464,10.61815636893588,1
CUST12432,73,Female,East_Midlands,26,689,29732.891008323575,4,0,16,5,1,0,1,0,422.1882127063969,1.8064731241065934,0
CUST12433,18,Male,West_Midlands,56,587,19369.655486498727,39,0,21,3,1,1,1,0,47.96575234062065,12.614040705050364,0
CUST12434,51,Female,Scotland,99,726,22745.479369949477,3,0,15,5,1,1,1,0,97.22707613793884,1.5713974167952514,0
CUST12435,74,Female,Yorkshire,49,590,61968.6705403756,3,0,19,5,1,1,1,0,189.34327892029893,5.413797951817988,1
CUST12436,24,Male,West_Midlands,90,640,50158.10794552311,5,0,19,4,1,1,1,0,41.84005539810674,0.6488570144102987,0
CUST12437,47,Female,South_West,40,806,78974.97002878046,7,0,13,2,1,1,0,1,183.93058257658927,5.934161988426653,0
CUST12438,68,Female,London,67,543,28361.673017232664,2,0,23,1,1,1,1,1,103.111281445794,8.41030244346258,0
CUST12439,21,Female,West_Midlands,33,734,15000.0,81,0,13,1,1,0,1,0,3.8238478158713605,2.3330327983596617,0
CUST12440,52,Female,East_Midlands,50,652,52893.274063143326,6,0,20,1,1,1,0,0,119.35217319441568,16.280491767355894,0
CUST12441,42,Male,East_of_England,20,725,92856.85373406552,1,0,8,4,1,0,0,0,353.48126052566033,0.6141385734578654,0
CUST12442,63,Female,North_West,35,508,32983.387830962376,4,2,20,5,1,1,1,1,58.8974045844694,2.6346502427885765,1
CUST12443,36,Male,South_East,116,766,42101.322974827846,3,0,19,2,1,1,0,0,39.85237245824594,5.272425191483141,0
CUST12444,34,Female,London,74,519,39754.62783382048,69,3,14,3,1,1,1,1,22.372582849900088,1.8260737322115506,1
CUST12445,72,Male,South_West,80,472,15000.0,57,1,20,4,1,1,1,0,157.40895022074415,5.577625786809706,1
CUST12446,66,Male,East_Midlands,119,453,32488.598305178268,3,0,23,5,1,1,0,0,360.2313972299312,3.00251417214519,1
CUST12447,51,Female,North_West,14,499,21873.988580577217,0,0,21,3,1,1,0,0,113.58469684085343,14.689841039074638,0
CUST12448,30,Female,West_Midlands,21,647,18921.900602936996,0,0,22,5,1,1,0,0,140.05240997131952,4.652064894848523,0
CUST12449,49,Male,East_Midlands,110,459,48378.4215734256,6,0,16,5,1,0,1,0,105.22644323729372,6.626612132551433,1
CUST12450,69,Male,Yorkshire,65,709,30083.04847865115,2,0,12,4,1,0,0,0,58.71906259259388,1.9030551691735085,0
CUST12451,67,Male,South_East,6,517,48910.621027146146,1,0,17,2,1,1,1,0,43.37025477501057,2.62592059821199,0
CUST12452,71,Male,North_West,119,753,47629.40152656922,2,0,4,3,1,1,0,1,138.86329223913904,3.5850777244262626,0
CUST12453,27,Male,Yorkshire,53,783,50349.197452204775,39,1,18,5,1,1,0,0,140.44159214066443,2.713652978901524,1
CUST12454,46,Male,Yorkshire,69,679,31614.406141147618,119,0,20,1,1,1,1,0,82.40098620750791,8.065327484222536,1
CUST12455,44,Male,Yorkshire,80,598,49772.00687474313,39,1,19,1,1,1,1,1,213.1090369579292,1.853781807748821,1
CUST12456,32,Male,West_Midlands,81,669,49994.215063589196,97,0,19,5,1,1,1,1,150.5932786883813,6.30553414396454,0
CUST12457,58,Female,East_Midlands,114,583,35021.95818838372,151,2,18,4,1,0,1,0,68.9226188634797,2.700559799764795,1
CUST12458,54,Female,East_of_England,81,505,24712.366565613516,3,0,3,2,1,1,0,0,13.10081795073871,2.3831909837384018,1
CUST12459,43,Male,South_East,67,664,65557.13767621337,33,0,26,3,1,1,1,0,129.0153690740386,4.974403688360564,0
CUST12460,71,Male,North_West,16,654,56739.42256447762,46,0,15,5,1,1,1,0,345.20641008617275,3.49016452064362,1
CUST12461,71,Female,Wales,96,579,56247.90800117939,6,3,4,1,1,0,1,0,486.21665323580623,3.5649614725920897,0
CUST12462,31,Female,North_West,79,722,31407.98277645075,3,0,3,4,1,1,0,1,119.47525715781431,3.2846418083991766,0
CUST12463,72,Male,Yorkshire,14,521,46885.52427946108,0,0,3,1,1,1,0,0,57.8597483925496,8.484811314384316,0
CUST12464,30,Male,Wales,44,644,19751.625296140406,125,0,4,5,1,1,1,1,17.202484299771097,4.652746959675899,1
CUST12465,27,Female,South_West,105,674,26554.315780182147,1,0,19,3,1,0,0,1,131.2253115578435,10.06275567329126,0
CUST12466,63,Male,Scotland,79,433,26574.124333402044,1,3,21,3,1,1,1,0,158.23556979560362,1.1683961849529099,0
CUST12467,21,Female,East_of_England,31,764,31268.50478133144,20,0,6,1,1,1,0,0,134.20522290509436,3.8635977026963157,0
CUST12468,26,Female,East_Midlands,117,532,49449.266075016916,43,0,24,3,1,0,0,0,27.50287391790531,10.823731094313416,1
CUST12469,49,Male,Scotland,7,719,58070.024402343704,53,0,6,1,1,1,1,1,32.233559146092034,1.9046047121971597,1
CUST12470,59,Female,North_West,93,749,29475.671082547957,10,0,31,4,1,0,0,0,190.32414368583457,9.076536397163256,1
CUST12471,74,Male,South_East,79,700,22797.455648445866,1,0,7,3,1,1,1,0,193.50155292220595,1.6113072812549962,0
CUST12472,22,Male,East_of_England,32,613,26251.828090023748,19,0,22,5,1,1,1,0,247.18114113737772,3.8002268922328453,0
CUST12473,74,Male,London,89,602,38452.89979060029,5,0,20,1,1,0,0,1,110.97223131725175,6.414901542435496,0
CUST12474,72,Male,Yorkshire,55,510,37621.8706249282,2,3,12,4,1,0,1,0,223.7341044569734,0.6713971297023875,1
CUST12475,32,Male,East_of_England,64,685,24921.74866264896,74,1,17,4,1,0,0,0,227.2434862325023,1.1322080828930776,1
CUST12476,47,Female,West_Midlands,23,768,36935.73573028727,9,7,25,5,1,1,1,0,166.9423037048674,8.863575178216662,0
CUST12477,59,Female,East_of_England,97,685,26293.293761105237,17,0,10,2,1,0,1,0,24.288788687779224,3.4901299302000792,0
CUST12478,28,Female,South_West,41,678,32144.084926697873,2,0,15,5,1,1,1,1,90.6784888180354,2.035520307380854,0
CUST12479,69,Male,East_Midlands,98,669,59456.15692623432,6,1,23,4,1,1,0,1,50.504189218282235,4.790907452826088,0
CUST12480,37,Male,North_West,66,710,33024.630439988745,3,0,18,5,1,0,1,0,147.77359431739137,7.097673450432522,0
CUST12481,51,Female,North_West,113,671,17602.0467289212,1,0,19,4,1,1,0,1,167.4363346096569,4.629522834298978,0
CUST12482,65,Female,North_West,108,696,26720.463907312176,32,5,19,2,1,1,0,1,70.82579147054113,7.6903673475880785,0
CUST12483,36,Female,West_Midlands,56,411,37951.740908475644,1,0,21,4,1,1,1,0,117.88722427539356,15.225263622007816,0
CUST12484,31,Male,South_West,2,728,24581.3001045392,2,0,30,2,1,1,1,0,139.06065441302746,4.057593804750309,0
CUST12485,60,Male,Yorkshire,80,750,31817.29343270407,82,0,26,2,1,1,1,1,35.22098964738755,3.108463069226221,0
CUST12486,71,Male,North_West,63,725,60390.6690725104,2,0,3,1,1,1,0,0,108.0826650207981,9.466886815760832,0
CUST12487,56,Male,Wales,21,486,44381.82890518509,30,0,3,5,1,0,1,1,182.81161016061142,7.538166673124287,0
CUST12488,68,Male,East_of_England,16,663,40444.93628087053,14,2,11,2,1,1,1,0,270.3388175244325,9.862216161549075,1
CUST12489,26,Female,Wales,101,672,45956.231730951484,1,0,19,5,1,1,0,0,103.07592571053213,6.878676325991499,0
CUST12490,60,Male,South_East,73,495,62037.50252389852,8,0,26,1,1,0,1,0,191.6952713165688,2.480690369507638,1
CUST12491,50,Male,London,58,630,75019.12275989303,1,0,23,1,1,1,1,0,202.91009198626,14.644842003948783,0
CUST12492,59,Female,South_West,102,690,46069.1995873175,7,0,12,4,1,1,0,0,56.03569948797297,6.288984063632917,0
CUST12493,34,Female,South_East,46,645,84023.00057640954,1,1,5,2,1,1,0,0,192.52639570171206,1.89340494376186,0
CUST12494,27,Male,Yorkshire,83,635,23104.53885433466,2,6,16,2,1,1,1,0,54.33714331490599,5.102038537584706,0
CUST12495,47,Female,East_Midlands,47,517,54542.11407242745,32,0,17,1,1,0,1,1,112.05625476826908,5.447980197841785,1
CUST12496,64,Male,South_East,83,705,31712.696017370457,4,0,17,3,1,1,1,0,102.04817407674952,5.070529177042536,0
CUST12497,65,Male,East_of_England,41,741,37893.16514287445,0,2,19,4,1,1,1,0,9.716952557135098,2.8394493878430316,0
CUST12498,70,Male,Wales,49,743,35925.158860527124,3,0,22,2,1,1,1,0,70.11710986692583,2.2960899512467665,0
CUST12499,70,Male,East_Midlands,64,719,37653.88966103193,36,0,14,1,1,1,1,1,408.533947075909,19.812451267078536,0
CUST12500,45,Male,West_Midlands,45,576,23162.943878786493,3,0,24,2,1,1,1,0,87.06696016111081,1.2231937592358986,0
CUST12501,38,Male,South_East,73,479,35843.62283142621,6,0,6,3,1,1,0,0,215.18578263513518,4.8541040441211045,1
CUST12502,24,Female,South_West,63,794,31592.83105369621,44,0,25,3,1,0,0,0,321.19538562194685,3.7651326831352323,0
CUST12503,25,Female,Wales,6,552,33475.65858486045,1,0,17,4,1,0,1,0,368.31265916973086,8.863588450816628,0
CUST12504,36,Male,Scotland,75,662,30439.77748427219,13,0,16,3,1,1,1,0,207.18725710464255,3.1488981536465586,0
CUST12505,60,Male,Yorkshire,26,762,31905.88811499732,7,0,29,4,1,1,0,0,172.63769262854876,2.100684031663101,0
CUST12506,52,Male,South_East,86,634,42218.22130203189,82,0,11,3,1,1,0,1,331.856649392906,4.0173867292075265,1
CUST12507,26,Female,South_East,35,690,19876.085016811783,90,0,13,3,1,1,1,0,69.82675446442866,6.660486805547765,0
CUST12508,62,Male,Yorkshire,112,617,31978.52159933306,0,5,17,2,1,1,1,1,25.13865498631673,11.437089985811998,1
CUST12509,31,Female,North_West,67,696,50619.074731387554,0,0,27,5,1,1,1,1,442.934762168562,6.438095502255463,0
CUST12510,63,Female,Yorkshire,57,785,67516.54114047022,46,0,4,3,1,1,1,1,148.25106668749166,4.394715668217442,0
CUST12511,59,Female,London,9,730,34823.778632032154,5,0,21,1,1,1,1,1,137.35307535549072,3.9992934083154017,0
CUST12512,74,Female,London,37,413,16963.028937973493,4,1,24,1,1,1,1,1,113.82668930004463,3.401105908378307,0
CUST12513,28,Male,Yorkshire,27,667,37781.22243234718,4,0,20,5,1,1,1,0,384.3494200860098,2.03065789300159,0
CUST12514,37,Male,London,109,716,34612.77776486864,90,2,26,2,1,1,0,0,79.66870957575824,0.26734007689359124,1
CUST12515,66,Male,Wales,88,608,43517.21313345294,6,0,16,4,1,1,0,0,116.15801577816165,2.3597467441222904,0
CUST12516,22,Male,Wales,47,410,20055.714922182648,0,3,23,5,1,1,1,0,269.5733170264013,3.8571075528494814,0
CUST12517,28,Male,Yorkshire,88,751,39428.11772595878,8,0,22,1,1,1,0,0,110.3384745370283,0.33097229856904525,0
CUST12518,23,Male,South_West,115,571,17750.22410910838,39,0,16,4,1,0,1,1,150.41819009384008,18.717870971759975,0
CUST12519,59,Female,East_Midlands,29,684,27617.781996934824,5,0,24,5,1,1,0,1,119.48238015875678,4.952172618482916,0
CUST12520,28,Male,East_of_England,50,723,33555.372220377016,2,0,2,2,1,0,0,0,97.912723096912,6.0216861039197855,0
CUST12521,62,Female,Wales,42,698,26863.93918857311,1,0,27,3,1,0,1,0,180.91351134986257,4.542459051878856,0
CUST12522,63,Female,West_Midlands,118,552,44852.11530520964,0,0,16,3,1,1,0,1,147.21272961591362,11.5862021649253,0
CUST12523,68,Male,London,18,747,36765.15422156017,0,2,21,1,1,0,1,0,139.1149738750318,2.989882798721765,0
CUST12524,38,Female,Wales,22,657,42322.63606548233,43,1,18,4,1,1,1,0,105.98464433946927,6.143754567901492,1
CUST12525,68,Female,South_East,51,673,16780.576034443307,0,0,24,1,1,1,1,0,203.05896956843605,4.299872262389964,0
CUST12526,66,Female,South_East,35,707,27408.50738302171,0,1,7,4,1,0,1,1,146.4176471320858,3.574195229805457,0
CUST12527,68,Female,Yorkshire,7,749,33330.471711620245,3,0,22,3,1,1,0,0,125.85134579743253,4.424917730161935,0
CUST12528,57,Male,South_East,117,707,34154.337826979405,12,1,13,3,1,1,1,1,288.6965319549681,6.96909270906278,0
CUST12529,52,Female,Wales,5,772,24455.837912290186,1,0,24,2,1,1,1,0,448.7455670997086,5.858710358914841,0
CUST12530,27,Male,East_Midlands,36,648,48281.758724274594,10,0,16,2,1,1,1,0,177.9413769561247,7.308315155231182,0
CUST12531,42,Female,North_West,21,487,54188.152934305625,0,0,3,3,1,1,1,0,120.5941349323679,2.9327839932449913,0
CUST12532,36,Male,North_West,52,705,30426.09428486128,2,0,24,3,1,1,1,0,103.56640883677288,2.2729168949791974,0
CUST12533,45,Female,West_Midlands,32,712,18366.441005031946,95,0,11,3,1,1,1,0,268.9225264835628,5.571798727335757,0
CUST12534,34,Female,Scotland,96,454,40122.42513799588,2,2,19,3,1,1,1,1,211.28225247756282,3.7561964352036945,0
CUST12535,30,Male,East_of_England,57,498,32034.308395987602,1,0,8,3,1,1,0,0,73.07100021241811,5.536884737089736,0
CUST12536,45,Female,North_West,89,711,28113.80564101541,5,0,20,4,1,1,1,0,50.32580149048261,5.416389207526838,0
CUST12537,34,Female,North_West,31,701,20199.141169047147,2,0,26,4,1,0,0,0,127.05293892682971,4.8763472493725555,0
CUST12538,72,Female,South_West,26,554,40075.5246617219,42,0,23,3,1,0,1,0,216.3616069652469,2.3576650761554214,0
CUST12539,27,Male,East_of_England,82,560,41149.53591023215,46,1,21,4,1,1,1,0,143.3303924456637,7.372593043244945,1
CUST12540,34,Female,North_West,108,749,32294.579947515515,8,0,19,3,1,1,1,0,46.91108946000329,3.3745527708172696,0
CUST12541,39,Female,East_of_England,44,585,39334.438699762126,9,0,18,1,1,0,1,0,154.1993745107251,4.467587379309584,0
CUST12542,55,Female,North_West,70,802,22302.661980547182,0,0,17,3,1,1,1,0,16.702219562023167,13.12217033580248,0
CUST12543,43,Male,East_of_England,113,611,101196.33497654878,10,0,9,3,1,1,1,0,33.72758449841489,2.3080217372042395,0
CUST12544,63,Female,South_East,68,620,40890.00864388694,72,3,14,3,1,1,1,1,198.27854271104945,0.566302542882956,1
CUST12545,45,Male,Wales,26,653,26338.123803797604,97,1,19,2,1,1,1,0,132.61324330431594,4.317641267976812,0
CUST12546,37,Female,Scotland,105,745,21913.60577438806,82,0,18,2,1,0,1,0,89.74777933450439,9.225444954037217,0
CUST12547,74,Female,South_West,102,783,31485.993969287225,0,0,10,1,1,1,0,1,93.5469369053047,6.770623064969157,0
CUST12548,57,Male,London,83,777,35864.17694444321,7,0,3,4,1,0,0,0,200.87007502186236,2.1729794830778255,0
CUST12549,71,Female,Yorkshire,11,466,34649.63772917957,3,0,21,5,1,0,1,0,97.76175380218623,1.356698933942688,0
CUST12550,65,Male,East_Midlands,16,645,28072.26323516676,4,0,23,3,1,1,1,0,55.1490379370302,1.4370250679517127,1
CUST12551,34,Female,South_East,55,677,70265.82899055729,3,3,18,5,1,1,1,0,87.36565894411805,0.5482507258038366,0
CUST12552,57,Female,Scotland,79,467,24140.87585672737,0,0,22,3,1,1,1,1,189.56662227835923,4.917779909000464,0
CUST12553,44,Male,Scotland,98,511,29708.434149803135,0,0,14,5,1,1,0,0,103.05609106239342,7.996447475827484,0
CUST12554,39,Female,Yorkshire,95,703,25830.183705707143,5,6,4,4,1,1,1,0,393.4478308133727,3.8386368494707246,0
CUST12555,37,Male,West_Midlands,97,780,33344.419617534986,4,0,19,2,1,0,0,0,192.6904331547083,4.9440892305162825,0
CUST12556,34,Male,Scotland,116,674,30535.038613470624,2,0,18,3,1,1,0,0,159.11567281635328,3.7231608652114367,0
CUST12557,53,Male,London,97,708,37642.009208524934,0,1,19,1,1,0,1,1,172.8899161614545,2.322369764025489,0
CUST12558,44,Female,South_West,116,751,37600.82670775851,34,0,3,5,1,1,1,0,34.12813897716704,4.7491818686672875,0
CUST12559,28,Female,East_of_England,19,748,22441.90273447747,5,1,14,2,1,1,0,0,74.63726861916443,1.675164186941265,0
CUST12560,45,Female,South_West,117,473,26019.60375572797,7,0,2,2,1,0,1,0,5.214122578276524,4.503151188249757,0
CUST12561,61,Female,North_West,75,704,57193.408683831265,8,0,23,1,1,1,1,0,167.57575621607867,6.314280045787953,0
CUST12562,30,Male,North_West,111,735,37903.33110294257,1,0,14,5,1,1,1,0,370.6560966044953,2.12671742281476,0
CUST12563,74,Female,Wales,6,685,43163.15342498847,4,0,14,3,1,0,1,0,75.60175044005284,0.8905559310096068,0
CUST12564,30,Male,London,110,425,18056.344645178415,33,0,28,4,1,1,1,1,192.6437732514816,2.2149651805970905,1
CUST12565,68,Male,West_Midlands,35,654,35877.767430351574,37,0,20,5,1,1,0,0,305.75400692708183,0.49928692868314445,0
CUST12566,70,Male,North_West,72,657,60701.85190917222,6,0,14,3,1,0,0,0,97.84719890730383,9.601736732563232,0
CUST12567,60,Male,South_East,37,477,48852.75425988507,66,3,15,3,1,1,1,0,286.5790757885071,0.51931026407797,1
CUST12568,33,Female,West_Midlands,85,703,25879.090197427886,10,0,3,3,1,0,1,1,166.28100095598427,7.816678975307497,1
CUST12569,24,Female,East_Midlands,72,659,61616.31777629846,3,0,20,4,1,1,1,0,112.52093680928458,1.9246143191972733,0
CUST12570,73,Male,Wales,15,677,33950.672210426535,1,0,24,2,1,1,0,0,136.17181498179136,16.27649471371596,0
CUST12571,69,Male,Wales,64,699,56048.346877776065,0,1,4,2,1,1,1,1,87.93397517407615,6.408324470183656,0
CUST12572,22,Male,London,39,702,26200.60403081264,3,0,25,2,1,0,1,0,172.6941830618999,2.1728174212771307,0
CUST12573,46,Male,Yorkshire,40,635,23192.104508609256,3,4,24,1,1,1,1,0,201.3950195071412,1.7780325054722321,1
CUST12574,25,Female,North_West,49,780,26926.03089710408,53,1,11,4,1,1,0,0,101.30177034346532,0.6037316013499598,0
CUST12575,56,Male,London,100,718,19776.058505986817,3,2,7,3,1,0,1,1,42.8637086026741,2.222339810832348,0
CUST12576,36,Male,Scotland,112,704,23502.3120065582,1,0,20,2,1,1,0,1,77.76177761629084,5.4689602112582065,0
CUST12577,59,Female,Wales,33,371,32790.779775966475,72,0,30,5,1,1,0,0,78.16594378302298,7.402644150686961,0
CUST12578,48,Male,London,74,739,29029.608919313516,11,1,15,4,1,1,1,0,224.28573603334664,11.027854611506822,1
CUST12579,62,Female,London,84,526,27960.130428843207,7,0,19,3,1,1,0,0,259.76795270003214,5.8790789691042,0
CUST12580,27,Female,East_of_England,62,669,29693.92196138845,43,0,2,5,1,0,1,0,263.96485755264274,9.560022080313646,0
CUST12581,61,Male,Scotland,12,663,33510.99521114518,15,4,21,3,1,1,1,0,75.75482876367741,11.042796444368692,0
CUST12582,69,Female,Yorkshire,3,656,26136.456988350954,1,1,7,4,1,1,0,0,77.68951609801937,4.550492375611714,0
CUST12583,53,Male,South_East,76,697,21458.09458305599,0,0,13,5,1,0,1,1,62.59032185039787,5.006159472848871,0
CUST12584,56,Male,South_West,99,661,65077.79511726552,6,2,18,5,1,1,0,1,131.00197318742926,9.871387955298175,0
CUST12585,33,Male,South_West,51,764,46074.556140910856,1,0,24,4,1,1,0,1,150.3229106108899,7.448858224185855,0
CUST12586,69,Female,South_West,37,737,24516.045553207347,5,0,21,5,1,1,1,0,251.59441647109028,2.714484616509787,0
CUST12587,66,Male,East_Midlands,78,670,51386.9096514942,3,0,17,4,1,0,1,0,253.14999633061277,3.336890433475958,0
CUST12588,74,Male,Wales,53,704,28449.866182574588,0,0,10,4,1,1,0,0,169.4229911149906,5.673728766215177,0
CUST12589,27,Female,Scotland,117,518,51121.98747648724,15,0,26,1,1,1,1,0,42.04133009097485,3.3988459591277302,0
CUST12590,35,Male,North_West,55,719,31038.082598618144,0,0,3,5,1,1,0,0,235.41816314242328,9.121767361995088,0
CUST12591,62,Male,Yorkshire,65,682,92044.49981374553,72,0,3,2,1,1,1,0,336.72273740793713,4.176358701514781,1
CUST12592,23,Female,Scotland,78,746,17710.298924198985,1,0,22,4,1,0,1,1,299.3945357367804,3.713194323609504,0
CUST12593,39,Female,East_Midlands,5,528,43915.50353881759,7,0,22,1,1,0,0,0,198.49180971409316,6.758488062310141,0
CUST12594,33,Male,Scotland,75,777,34420.494470830345,58,0,21,5,1,1,1,0,36.456481650192465,4.73259999474308,0
CUST12595,25,Female,North_West,88,734,94751.09573071475,3,0,8,5,1,1,0,1,295.2490510521663,2.8305144563173505,0
CUST12596,46,Male,West_Midlands,7,529,41105.7541237278,13,0,22,4,1,1,0,0,133.64726623707722,10.064611803395794,1
CUST12597,65,Female,Scotland,89,668,48499.8270718626,8,0,19,1,1,1,0,0,59.585796046745436,5.239910115535315,0
CUST12598,62,Male,London,97,613,38361.35770506859,1,1,20,1,1,1,0,1,204.28018975323528,2.1781797943092234,0
CUST12599,40,Male,West_Midlands,70,733,41113.708578543185,45,1,17,5,1,0,1,0,48.39371326461672,8.58077108113057,0
CUST12600,43,Female,Scotland,114,481,31567.88027531035,4,0,21,2,1,0,1,0,271.15239563336434,5.486135937100746,0
CUST12601,20,Male,West_Midlands,61,702,66606.87783747747,1,0,16,4,1,0,0,0,372.04653820438676,4.747612235062387,0
CUST12602,56,Male,East_Midlands,49,522,54204.151044215694,0,0,23,2,1,1,1,0,98.34184959078215,8.735420959416274,0
CUST12603,31,Male,East_Midlands,69,500,29519.088139954933,3,0,21,3,1,0,0,0,80.11122831921307,6.546892891823699,0
CUST12604,40,Female,North_West,108,650,46319.07666260305,9,0,20,1,1,1,0,0,48.24419860423826,3.8099962775770324,0
CUST12605,63,Male,Wales,106,657,47607.69053773012,34,0,18,1,1,1,1,0,214.38304982331542,5.838779927164952,0
CUST12606,67,Female,London,13,630,21013.50610422635,2,0,13,1,1,0,0,0,248.97723595535638,9.397889692865208,0
CUST12607,26,Male,Scotland,42,698,27208.247375672207,10,0,23,4,1,0,0,0,627.2679287408516,6.773440441770834,0
CUST12608,65,Female,West_Midlands,27,831,44901.85929840911,0,4,18,5,1,0,1,0,29.622185944473735,6.400868725227261,0
CUST12609,69,Male,East_of_England,81,632,21028.81117910523,0,0,7,1,1,1,0,0,139.84278534632318,4.6719909753708455,0
CUST12610,63,Female,East_Midlands,32,659,16955.07609361671,6,3,18,3,1,0,1,0,123.76592394561699,6.467398489277317,0
CUST12611,60,Male,Yorkshire,32,731,59104.22187655986,38,0,4,2,1,1,1,1,110.84032332958577,2.2011882110414103,1
CUST12612,66,Female,West_Midlands,61,714,40098.620739134814,1,0,26,1,1,1,1,0,656.3439612566968,0.5618118307397112,0
CUST12613,30,Female,South_West,33,685,42262.864725736494,5,0,17,5,1,1,0,0,174.98067097626992,6.257821745552906,0
CUST12614,38,Male,North_West,76,662,59436.55516677927,6,0,25,1,1,1,1,1,199.9768887717235,4.146253247235423,0
CUST12615,64,Female,South_East,89,716,32545.158631054917,8,0,20,5,1,1,0,0,138.16906483800707,7.5066674756083165,0
CUST12616,59,Female,East_of_England,71,585,18292.691641549747,108,3,8,5,1,1,0,1,106.8456775609984,4.636382890275145,1
CUST12617,21,Female,North_West,84,471,29891.80268508944,0,5,27,3,1,0,1,0,91.18046710362665,0.9953948890821089,1
CUST12618,74,Female,West_Midlands,88,614,43702.18836303543,1,4,20,5,1,0,1,0,102.58011911082903,7.792159135641471,0
CUST12619,35,Female,East_Midlands,42,406,42555.76313725974,1,0,5,5,1,1,0,0,173.78071790522418,2.8225864498076114,0
CUST12620,54,Female,East_Midlands,12,690,54766.73964419495,3,0,25,3,1,1,0,0,101.59878429616901,0.44949952988810654,0
CUST12621,54,Male,South_West,42,713,53554.53221716362,40,1,17,5,1,1,0,0,450.1809222850974,4.215693048531881,1
CUST12622,51,Male,West_Midlands,79,728,24310.11237374754,2,0,3,5,1,1,1,0,66.1297922944697,6.035702176760582,0
CUST12623,20,Male,West_Midlands,87,531,36109.020768057526,2,0,17,4,1,0,0,0,193.48476017462184,6.641376910851111,0
CUST12624,70,Female,London,31,550,49334.91887469188,3,0,21,3,1,0,0,0,236.96539968378798,2.7370561464193304,1
CUST12625,29,Male,South_East,14,540,40562.81746489783,1,0,22,1,1,1,0,0,146.10238930577182,8.687112150465058,1
CUST12626,46,Male,Scotland,43,700,24595.713391842502,1,1,22,3,1,1,1,0,178.1218748446625,11.206603807472842,0
CUST12627,26,Female,East_of_England,34,509,45290.58737464017,33,0,22,4,1,1,0,0,71.66196021954048,3.5418315034249632,0
CUST12628,52,Female,London,89,676,32300.361885321705,0,0,21,5,1,1,1,1,49.97444105257784,0.9065160261693062,0
CUST12629,67,Male,South_West,44,665,32200.568218627966,1,2,17,2,1,1,0,1,143.42203692596416,3.9695773588238357,0
CUST12630,57,Male,Yorkshire,74,625,40508.2938140944,4,0,19,4,1,1,1,1,199.2524549649932,6.83102658664078,0
CUST12631,66,Male,West_Midlands,77,678,39195.9565417946,18,0,25,5,1,1,0,0,91.7383587098904,18.457486316522736,0
CUST12632,44,Male,East_Midlands,45,698,28318.707940658293,0,5,8,1,1,1,1,0,106.48800397744964,11.731569982399765,0
CUST12633,33,Male,Yorkshire,64,737,66088.32072297197,0,1,9,3,1,0,1,0,287.14653244876814,3.0569767672112254,0
CUST12634,19,Female,Yorkshire,7,735,22929.614240202656,4,0,8,3,1,1,0,0,247.71785520006904,11.884115941604978,0
CUST12635,39,Male,East_Midlands,84,819,43967.709771502945,7,0,2,2,1,1,1,1,250.1295116548598,4.4110744396328005,0
CUST12636,50,Female,Wales,7,645,36809.7941522841,32,0,22,2,1,1,0,0,127.82030412908246,4.9244143843485775,0
CUST12637,64,Male,North_West,101,672,22426.170392910724,14,0,29,3,1,1,1,1,403.5280448616171,2.295890533238418,0
CUST12638,29,Female,South_East,103,500,76907.93137842653,2,1,20,1,1,0,1,1,13.834550491571976,8.341309593010388,0
CUST12639,36,Male,Wales,36,648,35792.95278158271,0,4,13,1,1,0,1,0,134.1568328020243,4.738181825587804,0
CUST12640,64,Male,West_Midlands,13,715,26572.566120113734,10,0,24,3,1,1,0,1,125.24261149110781,1.1855405661044287,0
CUST12641,42,Male,South_East,30,663,32389.408421707307,51,0,25,5,1,0,1,0,138.4150354577194,3.1611460396400304,1
CUST12642,72,Female,East_of_England,72,507,53994.9226985502,5,3,15,5,1,1,0,0,191.38554068189276,2.4672161678219275,0
CUST12643,60,Female,Yorkshire,51,693,41969.205915348386,1,0,8,2,1,0,1,1,504.98304366688086,2.3640011743481075,0
CUST12644,56,Male,East_of_England,117,708,33088.06026482138,1,0,20,1,1,0,0,0,200.72295558792064,8.718609624094519,0
CUST12645,20,Male,London,89,741,24601.006072911197,0,0,9,1,1,0,1,1,405.8425060943574,3.552430836770641,0
CUST12646,50,Female,South_East,63,707,28588.31839865798,0,0,16,3,1,1,0,1,34.551471986475974,9.080129677395586,0
CUST12647,37,Female,Wales,112,637,38650.13820739213,0,0,16,4,1,0,1,0,248.37137092263347,3.1547111325072357,0
CUST12648,74,Male,Wales,40,557,25090.286257293934,0,0,22,2,1,1,0,0,154.9367463149903,8.195651118433103,0
CUST12649,51,Male,Wales,68,689,77452.58769634514,7,1,5,4,1,1,1,0,182.6382254845148,1.6333950986191863,0
CUST12650,72,Female,North_West,113,777,67471.84938852259,32,0,3,1,1,1,0,1,196.99697149994662,4.132910208775134,1
CUST12651,29,Male,Scotland,43,438,51854.03522959511,4,4,18,1,1,1,1,0,163.73175252522526,2.687052560572102,0
CUST12652,65,Female,Scotland,1,449,47110.83289580453,0,0,22,1,1,0,1,1,291.1812874341268,5.434349791746428,0
CUST12653,74,Female,South_East,71,694,35424.70380779991,0,4,26,3,1,1,0,1,108.71477251175372,6.606301116003499,0
CUST12654,39,Male,West_Midlands,109,762,40160.2922113939,2,1,6,4,1,0,1,1,346.54691663534646,2.5438835615828355,0
CUST12655,53,Female,Wales,37,458,41249.45395997406,1,7,21,5,1,1,1,0,485.7886967297499,4.177559202753028,0
CUST12656,52,Female,London,60,756,46938.90270911909,0,3,17,5,1,0,0,0,55.09023237154217,5.301956443563238,1
CUST12657,30,Female,London,90,742,64510.99548282036,2,0,6,1,1,1,1,1,242.09133661877937,4.073782373539632,0
CUST12658,41,Female,Yorkshire,118,624,41828.88549035485,1,0,18,1,1,1,0,0,206.003605528116,12.021960984837797,0
CUST12659,60,Male,Yorkshire,93,631,40776.802224058,0,0,16,3,1,0,0,0,426.3376155351131,1.648547557685012,0
CUST12660,42,Male,South_East,13,850,53487.731878521,1,0,14,1,1,1,1,1,140.0284845571303,3.9582784196449334,0
CUST12661,42,Female,East_Midlands,45,558,59793.43341521583,70,0,21,1,1,1,1,0,355.8296497986176,1.7556506630555453,0
CUST12662,53,Male,Wales,68,692,84547.41795867012,83,3,4,3,1,1,1,0,102.84966190539399,3.9891862474900517,1
CUST12663,74,Female,West_Midlands,54,694,28334.84192634688,1,0,19,4,1,0,0,0,146.96178731239658,2.1959162367907754,0
CUST12664,28,Female,Yorkshire,5,688,44624.564214716294,0,0,30,5,1,1,0,1,361.33505045025913,3.754043393053092,0
CUST12665,45,Female,Yorkshire,48,791,60548.89092821473,5,0,24,3,1,1,0,0,86.5532990942978,3.3675766795127715,0
CUST12666,31,Female,London,3,479,52737.04579581815,5,0,16,1,1,1,1,0,366.0499449784056,7.252028472764417,0
CUST12667,36,Female,Yorkshire,74,745,29669.06771598042,87,0,19,4,1,1,1,1,73.49530144805931,4.035811966187611,0
CUST12668,31,Female,Scotland,8,732,37990.04397106143,3,0,6,4,1,1,1,0,231.15990725811804,1.8891642417252286,0
CUST12669,29,Male,Wales,44,702,37546.470622967565,4,0,24,5,1,1,1,1,159.74206553718403,3.130839322624808,0
CUST12670,65,Female,South_East,29,707,62404.902117274,54,0,10,1,1,1,0,0,56.68226896399412,5.564832477007553,0
CUST12671,61,Male,London,4,691,46833.69940403382,3,3,22,3,1,1,1,0,169.13790906959596,0.8541482581566824,0
CUST12672,49,Male,North_West,9,520,33727.873470838356,44,0,19,1,1,0,1,1,185.26281446581302,9.079790899134526,0
CUST12673,67,Female,Wales,78,486,24787.39357165274,35,0,20,5,1,1,0,1,184.8653010482787,0.50319401113337,1
CUST12674,39,Female,East_Midlands,104,805,31042.46811586765,1,1,4,1,1,1,1,1,222.26708467307353,11.128793348272426,0
CUST12675,49,Female,West_Midlands,57,537,42849.84741774347,2,0,8,2,1,1,1,0,293.57464726642263,11.464320960031651,0
CUST12676,36,Male,West_Midlands,113,729,51378.29451415906,0,0,3,1,1,0,0,0,57.566307200621694,3.9795239584135604,0
CUST12677,59,Female,North_West,39,622,48370.69487454657,56,0,21,2,1,1,1,0,81.35465685321263,5.761511971306279,0
CUST12678,27,Female,London,47,661,53120.81021423683,0,0,16,1,1,1,0,0,44.837612447036435,4.400128300604475,0
CUST12679,40,Male,Wales,40,498,35694.62385259736,6,1,8,5,1,1,1,0,115.75278714269277,8.927793640202603,0
CUST12680,36,Female,Wales,113,687,92925.2223698133,1,0,19,2,1,1,1,0,70.31782714649404,5.47932863816217,0
CUST12681,43,Female,Wales,30,533,43567.20971842268,6,0,5,4,1,1,1,0,105.02282662401669,6.627466481796426,0
CUST12682,39,Male,South_West,6,670,61773.24277876049,70,0,15,1,1,0,0,0,516.4983143289883,5.830182508695386,1
CUST12683,27,Female,West_Midlands,90,397,38841.11821464351,279,0,22,2,1,1,0,0,69.8867390795036,2.8283468143927455,1
CUST12684,50,Female,East_Midlands,43,462,26464.93394000123,117,0,27,2,1,0,1,1,116.42971075514467,11.483587610150245,1
CUST12685,49,Female,Yorkshire,88,674,21046.710259284966,52,4,26,5,1,1,1,0,159.5153348015702,3.4420250142413256,1
CUST12686,40,Female,West_Midlands,84,665,17155.64295800526,15,0,19,2,1,0,1,1,63.83213587514757,4.336244547927395,0
CUST12687,18,Male,South_West,48,501,41701.92247888296,10,0,25,2,1,0,1,0,251.84630886713973,6.163457523038875,1
CUST12688,47,Male,Yorkshire,28,696,24031.882364818008,3,0,17,5,1,0,0,1,75.64451192574934,8.343851579000358,0
CUST12689,41,Female,Scotland,21,663,59598.98798332518,5,0,15,1,1,1,1,0,21.882611128922573,6.3106792216093535,1
CUST12690,54,Female,North_West,60,457,29579.78808699149,118,3,23,2,1,0,0,1,123.53453654553853,13.19210352832146,1
CUST12691,50,Male,South_West,116,482,19120.487046637467,54,0,21,4,1,0,0,0,47.686417028474345,15.013849578186765,0
CUST12692,70,Female,Scotland,39,649,23178.12649940765,2,0,17,3,1,0,1,0,38.72638517941682,5.905781661605719,0
CUST12693,30,Female,South_West,12,717,43427.813325879324,5,0,24,5,1,1,1,1,183.50651729686558,6.004195305332604,0
CUST12694,55,Female,West_Midlands,59,703,57922.12632074925,19,0,19,4,1,1,0,0,55.18683935812229,7.172799424447942,0
CUST12695,64,Female,North_West,6,556,17113.42940249908,3,0,12,1,1,1,0,1,44.49207831200392,2.3033642081390058,1
CUST12696,49,Female,East_of_England,7,523,31468.06060233281,2,2,15,3,1,0,1,0,231.64163472847312,3.071160326630082,0
CUST12697,47,Female,South_West,54,716,41936.43548569531,3,0,19,3,1,1,0,0,121.54397104681173,5.644692635250656,0
CUST12698,31,Female,South_East,84,610,37882.31765940068,2,0,23,5,1,1,1,0,47.8199799522455,5.799709285877307,0
CUST12699,32,Male,South_West,71,737,23702.15915647189,8,0,19,1,1,0,1,1,116.3361370914147,7.73309522828523,0
CUST12700,50,Male,London,79,638,44617.539962166506,50,0,21,2,1,1,0,1,294.346830265804,5.288072301160426,1
CUST12701,48,Female,Yorkshire,113,637,66898.9504697038,10,0,3,3,1,1,1,0,53.25674832630223,7.626723244786783,0
CUST12702,72,Male,London,99,629,17879.752945082128,39,0,7,1,1,1,0,0,172.03115453482897,1.3138356027684015,0
CUST12703,50,Female,South_West,29,695,36952.475134775224,4,4,5,5,1,0,1,0,196.3069994772858,3.3803020495801817,0
CUST12704,52,Female,Yorkshire,111,486,43397.21496857899,42,0,4,3,1,1,1,0,75.92056794814643,15.356644826894748,1
CUST12705,55,Female,Wales,17,678,39356.96049126968,5,3,21,4,1,1,1,0,146.56134227627362,4.3714862979210105,1
CUST12706,71,Female,Wales,102,548,31380.745859064107,4,0,17,1,1,1,1,0,116.34028580644734,1.9175665784403018,0
CUST12707,28,Male,North_West,2,686,42110.86067610069,1,2,18,1,1,0,1,1,221.81203232382134,4.961229018938466,0
CUST12708,65,Male,North_West,5,661,78940.09796346177,10,0,16,1,1,1,0,1,101.16265833129597,4.334691581358113,1
CUST12709,29,Female,West_Midlands,22,441,66387.9849891488,3,0,19,4,1,0,1,1,163.2549333125803,2.3161434713053533,1
CUST12710,45,Female,North_West,25,645,42111.248999941694,1,0,25,1,1,1,0,0,202.85614491280307,5.751280394922091,0
CUST12711,43,Female,West_Midlands,61,701,29975.341197542406,5,0,16,2,1,1,0,1,198.8520848324413,3.058086193034717,0
CUST12712,44,Male,Wales,113,723,54534.881050784286,2,0,4,5,1,1,1,0,92.32812076804939,7.874698044221617,0
CUST12713,23,Male,South_West,70,775,24208.88795541611,49,0,21,5,1,0,1,1,331.433169541345,9.287179808991436,1
CUST12714,47,Male,Yorkshire,77,791,53553.1833976161,5,0,23,1,1,1,1,1,71.43613314954825,2.7253884936345285,0
CUST12715,65,Female,North_West,14,632,36388.972445936975,0,6,14,5,1,0,0,1,121.80200616371555,8.872218587813762,0
CUST12716,48,Male,East_of_England,110,679,32569.389120028438,0,4,23,3,1,1,0,0,375.837714307132,4.583320481997223,0
CUST12717,65,Male,West_Midlands,91,658,22178.404923633065,5,1,18,4,1,0,1,0,163.6079568674132,0.3816488886445527,0
CUST12718,31,Male,East_Midlands,71,793,23707.55834349362,8,0,6,3,1,1,1,1,166.3196388069483,1.538074623266569,0
CUST12719,25,Male,South_West,3,696,27106.916474327794,97,2,17,2,1,1,1,0,604.1942333814134,5.26927841795366,1
CUST12720,19,Female,South_East,30,674,16178.879556228952,1,0,17,5,1,1,1,1,107.21617531687144,3.064071554867161,0
CUST12721,60,Female,Yorkshire,117,727,15000.0,2,0,21,1,1,1,0,0,102.88700493141562,1.095481740471823,0
CUST12722,23,Male,Yorkshire,39,613,42167.68751203558,1,0,6,3,1,0,1,0,97.51888580978286,2.8148265718181387,0
CUST12723,21,Male,London,119,629,22110.068536522806,6,0,26,3,1,1,0,0,101.61273683280216,1.6289788883739842,0
CUST12724,58,Female,Scotland,57,497,28699.86042216621,30,0,23,3,1,1,1,0,44.276623775849785,1.3227101243129429,0
CUST12725,33,Female,London,117,608,35799.06132887871,1,1,24,3,1,1,1,0,148.41517888573867,8.857554451461697,0
CUST12726,62,Male,London,75,565,53475.65140562968,2,2,24,4,1,1,1,0,542.8777615912301,1.0350870975142337,0
CUST12727,38,Female,South_East,107,666,40382.24537014184,6,5,16,3,1,1,0,0,379.468081673467,1.0893430066874472,1
CUST12728,34,Female,Yorkshire,26,654,54355.904572595595,8,0,14,1,1,1,0,0,36.75747590324958,5.797598784037739,1
CUST12729,31,Male,Yorkshire,30,678,36110.23394010166,102,0,19,3,1,1,1,1,53.38679505900151,0.2628072607072724,0
CUST12730,49,Male,West_Midlands,42,690,32349.232804714182,8,0,3,3,1,1,1,0,143.79344855571262,3.159128866872145,0
CUST12731,56,Male,Scotland,103,714,31490.573239608428,0,0,23,2,1,0,1,0,153.74415026120815,3.5279166480211,0
CUST12732,65,Male,West_Midlands,91,627,45674.81005058751,1,0,20,2,1,1,0,0,76.13598800824222,0.9288531493025886,0
CUST12733,33,Female,Yorkshire,82,700,21306.511210231743,4,0,23,3,1,1,1,0,247.46479921443247,2.3640124166674075,0
CUST12734,65,Female,East_Midlands,23,700,39262.49914990996,57,0,18,2,1,1,0,0,108.75550362788007,5.067170905129776,1
CUST12735,74,Male,East_of_England,112,597,26827.660612337244,0,0,23,3,1,0,1,1,46.31622355839248,2.2012340354371154,0
CUST12736,20,Male,South_West,96,709,54120.2742657327,39,1,15,5,1,1,1,0,26.33778058890356,3.478601430707864,1
CUST12737,51,Male,Wales,73,710,31206.12520500377,40,3,30,4,1,1,1,1,224.02619370244747,2.106060504617739,0
CUST12738,19,Male,North_West,77,674,44845.72030129803,37,0,22,5,1,1,1,1,269.6785914999064,9.286887216610928,1
CUST12739,72,Male,Wales,92,764,42105.19806190099,7,0,17,4,1,1,1,1,150.48401155141715,6.914193467625793,0
CUST12740,45,Female,Yorkshire,95,715,26918.884115491943,3,0,17,5,1,0,0,1,49.660961784317834,5.483376787812082,0
CUST12741,45,Male,Wales,56,664,36097.17783234688,8,0,24,2,1,0,0,1,174.049535079838,3.761436623455226,1
CUST12742,33,Female,South_East,67,736,58488.96266784796,5,0,16,3,1,1,1,0,221.86331114228324,15.730260973335863,0
CUST12743,19,Female,South_West,31,775,54156.57027733025,8,0,26,2,1,1,1,0,101.42133512480912,1.9190464058643364,0
CUST12744,35,Male,North_West,54,634,40957.79900535541,86,0,20,4,1,0,0,1,34.285805213910656,7.689453104082075,0
CUST12745,34,Male,North_West,49,455,32372.305417627813,0,0,22,1,1,1,1,0,53.092388413531026,3.4861274527913064,0
CUST12746,25,Male,East_Midlands,13,737,15651.494396867754,8,2,19,4,1,0,1,1,127.88969650081104,5.5720547285445985,0
CUST12747,54,Female,West_Midlands,74,506,73079.78445025282,2,0,25,5,1,1,1,0,136.56791734816014,6.763883028934021,0
CUST12748,31,Female,Scotland,66,477,32921.72879108143,2,2,3,4,1,1,1,1,89.54510119733813,0.48179543483603826,0
CUST12749,50,Male,West_Midlands,58,466,15216.710420013946,7,1,19,4,1,1,1,1,148.95623472438405,4.057250972039977,0
CUST12750,49,Male,South_East,72,711,47161.73638439805,78,0,6,4,1,1,1,0,345.36193563407073,10.708263976784881,1
CUST12751,55,Female,South_East,87,522,52348.84748004131,170,0,19,1,1,1,0,0,17.149514174541643,0.873202727611607,0
CUST12752,22,Male,South_East,102,478,32284.0715132203,49,0,15,2,1,1,1,0,14.801427394777015,1.1867808918584986,0
CUST12753,38,Female,East_of_England,51,733,23233.850984148427,0,0,22,3,1,1,1,0,158.5857909769285,3.543099262966864,0
CUST12754,41,Male,Scotland,40,759,31129.138499409608,113,1,6,1,1,0,1,0,116.98415283223514,1.516211652351063,1
CUST12755,71,Male,North_West,47,472,33509.811169554465,8,2,25,4,1,1,0,0,130.68064852270555,9.092966468233106,0
CUST12756,62,Female,London,98,649,17545.759627407806,1,0,21,4,1,1,1,0,294.5411393830592,7.929311304918782,0
CUST12757,18,Male,West_Midlands,110,672,39149.929840828954,110,0,19,4,1,1,0,0,43.19889153127583,3.7670983165018512,1
CUST12758,49,Female,Wales,36,735,50919.64442179392,68,0,7,4,1,0,0,0,62.56335614463148,13.170465523914512,1
CUST12759,55,Female,London,115,500,49588.1966293251,87,0,20,2,1,1,0,0,241.58145718068118,5.180784120454295,1
CUST12760,22,Female,West_Midlands,79,669,28853.98890425121,3,0,19,3,1,0,1,1,61.68557326265811,8.006241704571217,0
CUST12761,46,Male,East_Midlands,50,710,80826.39184111421,110,0,17,4,1,1,1,1,76.661721760783,3.523723200816242,1
CUST12762,51,Female,West_Midlands,67,498,29590.481155118832,4,3,22,1,1,1,0,0,52.23746877901587,2.0055700682591624,0
CUST12763,54,Female,East_of_England,22,705,23980.596735994626,0,0,4,5,1,1,1,0,36.207789346810216,5.198641026801525,0
CUST12764,64,Male,East_of_England,58,580,58564.302545104765,7,0,20,1,1,0,1,0,161.73737807790943,6.520484439663753,0
CUST12765,39,Male,East_of_England,80,721,60113.05947022595,30,0,28,3,1,1,1,0,105.89678954775825,2.4839072058681517,0
CUST12766,28,Male,East_of_England,56,614,39472.39497047639,3,0,16,5,1,1,0,0,47.200881515769595,14.046606135594931,0
CUST12767,38,Female,Wales,102,656,40692.76348840954,1,1,26,1,1,0,1,1,65.21349755219731,0.13538611201343434,0
CUST12768,53,Female,West_Midlands,96,711,23496.121423127795,50,0,22,3,1,0,0,0,245.1126180973623,3.800505439077054,0
CUST12769,54,Male,South_West,108,847,28790.970669858918,0,0,14,4,1,1,0,0,203.60038964417296,2.8015138799398653,0
CUST12770,53,Male,West_Midlands,33,417,54936.11542282584,65,0,22,4,1,1,1,0,171.32555932093368,1.9499619062438478,1
CUST12771,21,Female,East_of_England,113,737,36025.539504024084,2,0,19,1,1,0,1,1,72.24038735477127,4.1749930929311825,0
CUST12772,41,Female,North_West,85,754,21654.143345720728,0,0,16,2,1,1,0,0,177.48177562516562,7.360148469587687,0
CUST12773,56,Male,Wales,81,746,69257.66878158583,3,0,18,3,1,0,1,0,42.21032781077578,1.2234943279050638,0
CUST12774,45,Male,West_Midlands,31,693,58343.33253909692,0,0,1,4,1,1,1,0,107.53085945389631,2.944166429355618,0
CUST12775,52,Female,Scotland,18,661,38328.524512644675,4,1,6,4,1,1,1,1,188.01804043315641,7.21507096195392,1
CUST12776,27,Female,London,113,655,31759.670112255208,2,2,20,1,1,1,1,0,366.09501107153005,2.1667934568286804,0
CUST12777,58,Female,London,70,732,40290.189714907836,54,0,22,3,1,0,0,0,55.431268573473766,1.2396413006660008,0
CUST12778,65,Male,West_Midlands,113,680,42707.410399613356,0,2,18,2,1,1,1,0,501.2749420541271,4.946308533043494,0
CUST12779,50,Male,East_Midlands,110,626,59272.3770834636,110,0,20,3,1,1,1,0,15.108312250893357,2.1257987105970337,0
CUST12780,65,Male,South_East,12,556,44460.93223291668,31,0,20,3,1,1,1,1,78.59992838999672,2.4810683869047936,1
CUST12781,57,Female,South_West,73,469,77341.09984819734,3,0,19,3,1,1,1,0,142.68900854405277,10.75780231278921,0
CUST12782,19,Male,London,109,650,25550.751361557373,19,1,23,1,1,1,1,1,328.6748473557698,2.4672401465908966,0
CUST12783,35,Male,Scotland,91,656,45436.55507253388,3,1,17,3,1,1,1,1,34.92394395032892,5.785915019880199,0
CUST12784,60,Female,South_West,25,454,74855.91028363134,0,0,22,3,1,1,1,0,61.294444967772776,2.8950800769478926,1
CUST12785,41,Male,Scotland,9,723,22029.428526941334,6,0,16,1,1,1,1,1,149.59360737570512,10.422272312996807,0
CUST12786,36,Female,Yorkshire,52,558,40102.83124162751,61,0,16,1,1,0,1,0,126.95858266707472,1.0804732655911335,1
CUST12787,44,Female,Wales,56,511,48725.80161784545,32,0,14,1,1,0,1,0,218.7206558791318,1.5002030311166683,1
CUST12788,18,Male,North_West,53,703,27051.421397578375,3,0,19,1,1,0,1,1,299.32841490660775,2.0972742144973475,0
CUST12789,66,Male,Yorkshire,88,510,33540.200144051305,8,0,19,2,1,1,1,1,151.52489223391234,9.949134692994013,0
CUST12790,35,Female,North_West,29,442,57881.65962470662,5,0,20,2,1,1,0,0,53.21291822896506,2.5428721988793823,0
CUST12791,57,Male,Yorkshire,111,713,31695.847688220998,0,0,20,5,1,1,1,0,172.1520680393228,13.27194600239416,0
CUST12792,46,Male,London,101,686,42129.65989738888,36,1,17,3,1,1,0,0,96.2473896768225,1.954446210993831,0
CUST12793,23,Female,Wales,90,747,44356.71105478711,40,0,12,3,1,1,1,1,14.66927571488028,4.591300596228233,1
CUST12794,28,Male,North_West,36,742,29542.989982429695,6,0,25,2,1,1,1,0,207.02569840756468,1.1880922469064699,0
CUST12795,23,Male,Yorkshire,20,666,31069.26889628814,66,0,26,4,1,0,1,0,20.12252883004886,8.695612024417487,0
CUST12796,26,Male,North_West,9,463,47592.42124532074,12,0,27,4,1,1,0,0,112.74621844087768,8.045776525047131,1
CUST12797,66,Male,Wales,52,672,30694.606379511268,27,0,19,5,1,1,1,0,121.68417857871131,5.514546430820668,0
CUST12798,71,Female,West_Midlands,47,650,23956.75327781797,0,0,26,4,1,1,0,0,74.69857821422197,4.942993602955253,1
CUST12799,23,Female,North_West,61,597,32805.18584059481,76,0,3,5,1,1,0,0,133.41677094350007,5.127921172333085,0
CUST12800,22,Male,South_West,38,524,54923.540115043834,3,0,19,4,1,0,1,0,308.923542373573,2.031301627843635,1
CUST12801,49,Male,West_Midlands,73,757,45730.992923420876,11,1,14,5,1,1,1,0,74.50523185325983,4.428183064006399,0
CUST12802,49,Female,Scotland,14,661,34809.87636740715,44,0,21,1,1,1,0,0,383.1900133579624,7.46122392673578,1
CUST12803,29,Male,North_West,86,727,25349.143720815096,31,0,18,3,1,0,0,1,66.12235828347555,5.5573650549902744,0
CUST12804,73,Male,Yorkshire,81,509,48872.20238805969,12,0,19,4,1,1,0,0,162.72156528155384,3.4190247995034513,1
CUST12805,53,Female,East_Midlands,15,741,23805.16240379398,12,0,20,3,1,1,1,1,82.7502267409683,3.270023034617369,0
CUST12806,46,Female,North_West,23,677,63730.46760629476,0,5,6,5,1,0,1,1,69.74436689494554,3.6925125667512786,1
CUST12807,68,Female,London,19,554,36977.020680406604,96,3,22,4,1,0,1,1,80.4640133861905,11.878901624432782,1
CUST12808,38,Female,South_West,105,541,42570.36241525114,0,0,3,5,1,1,0,1,98.80564455639303,10.844426696215914,0
CUST12809,18,Male,Yorkshire,102,670,38724.2787185395,50,0,19,1,1,1,0,0,70.2349492502035,2.1548796042357847,0
CUST12810,47,Female,London,9,705,43226.03354086667,0,0,20,1,1,0,1,1,211.82292502608996,1.790300109124916,0
CUST12811,61,Female,Wales,77,728,49650.14577019271,83,0,14,4,1,1,0,0,126.22294963680501,6.968597937093732,1
CUST12812,50,Male,East_of_England,109,655,26813.4580444957,63,0,7,4,1,1,0,0,261.5120196347004,7.038020597659925,0
CUST12813,53,Female,London,111,537,21683.869563541975,7,2,4,4,1,1,0,0,95.51311735351028,3.2458827442566647,1
CUST12814,47,Male,South_East,37,694,72428.68397613127,5,1,20,5,1,1,0,0,43.69026365782092,1.9714638624664858,0
CUST12815,57,Male,East_Midlands,79,384,18955.427466951547,98,0,23,5,1,1,1,0,69.85891698990974,8.92006018612891,0
CUST12816,19,Female,East_of_England,106,624,16312.944545472854,2,1,13,3,1,1,0,0,64.2952310352188,9.708116028681065,0
CUST12817,37,Female,North_West,6,467,35541.48394445162,9,0,22,5,1,1,0,0,111.90399179119991,0.28589137964571976,1
CUST12818,27,Male,South_West,82,715,57271.333632755995,2,0,12,1,1,0,1,0,96.25961241477327,2.585890262320137,0
CUST12819,44,Male,Wales,87,554,36461.17733030138,63,0,23,5,1,1,1,0,312.0177663036375,4.114560436605634,0
CUST12820,33,Male,East_Midlands,34,729,80679.07816634026,8,0,14,4,1,1,0,0,199.31179359752454,1.7841625648019455,0
CUST12821,31,Female,Wales,72,761,31783.637894650354,105,1,4,1,1,1,0,0,42.140113971838204,7.589204265484194,1
CUST12822,26,Male,London,93,641,18971.12245270734,2,1,2,3,1,1,1,0,136.9180796639283,6.933702305272621,0
CUST12823,36,Male,Yorkshire,71,644,36013.49785676176,5,1,15,1,1,0,1,0,75.9946931874538,1.6914707515318557,0
CUST12824,74,Male,East_Midlands,85,750,29721.63901691706,9,1,18,3,1,1,1,1,169.49073613256192,6.019535228398169,0
CUST12825,46,Male,Scotland,2,463,40435.88998792667,1,0,22,4,1,0,1,0,67.34726451737247,1.2722125274997562,0
CUST12826,53,Male,London,5,697,61368.13766195805,40,0,22,4,1,1,1,1,74.25247895455418,4.334418540131532,0
CUST12827,44,Female,Wales,79,740,42451.997975703445,5,0,21,5,1,1,1,1,72.23822683056258,2.5801209071674442,0
CUST12828,33,Male,South_West,99,731,42167.49876682026,30,0,25,5,1,1,1,0,145.65996211687388,3.4943875143745635,1
CUST12829,35,Female,Scotland,93,744,61173.30576992088,8,0,22,2,1,1,1,0,135.6806383952255,3.087400869198172,0
CUST12830,49,Male,London,17,707,50530.71537687016,11,0,8,4,1,1,1,1,139.45535085787773,8.99580074605113,1
CUST12831,20,Female,East_Midlands,98,776,44160.17242669631,3,0,20,4,1,1,1,0,39.521369694616745,2.9532539140532883,0
CUST12832,62,Male,Yorkshire,77,793,33129.1330813113,1,4,27,1,1,0,1,0,148.1904307479885,3.3991673842195915,0
CUST12833,70,Male,Yorkshire,36,562,54443.77541180367,106,1,23,3,1,0,1,1,102.17304394321744,7.317569360930584,0
CUST12834,71,Male,East_of_England,89,773,51341.44326199973,1,0,15,5,1,1,1,0,274.6296777477569,4.003388472758901,0
CUST12835,73,Female,East_Midlands,111,753,35303.21256004819,4,0,18,2,1,1,1,0,189.3595343419707,6.667981897128094,0
CUST12836,42,Male,East_of_England,92,772,49290.358652640694,0,0,16,1,1,1,1,1,207.113166244872,9.895701344153528,0
CUST12837,65,Female,South_East,67,667,45224.982007546096,10,1,20,3,1,1,1,0,105.06570520636289,1.9230911736416154,0
CUST12838,39,Female,Wales,92,458,65161.63149367464,2,0,23,1,1,0,0,0,72.97914225482893,5.700007620148368,0
CUST12839,53,Female,North_West,16,651,17542.58241391291,2,0,5,5,1,1,0,0,92.09096741285302,5.467892314567263,0
CUST12840,42,Female,East_Midlands,119,485,47657.311266782504,13,0,19,4,1,0,1,0,95.33136656753601,3.3649533714596735,0
CUST12841,55,Male,South_West,6,618,40153.825122506394,13,1,25,4,1,0,0,1,34.757211315000454,4.746833080984187,1
CUST12842,27,Male,East_Midlands,66,624,49972.05668003887,7,1,17,5,1,1,0,0,89.17983633606329,16.255509607821274,1
CUST12843,29,Female,South_East,47,732,15519.348140390492,1,1,5,4,1,0,1,1,258.5394636376995,6.062473812096898,1
CUST12844,48,Male,South_East,79,726,31173.733554667462,2,0,24,4,1,1,0,0,129.08061079479054,2.502120600874174,0
CUST12845,74,Female,East_Midlands,2,708,40407.433758896834,101,0,20,5,1,0,1,1,32.485445445839595,3.4389994332012623,0
CUST12846,58,Male,East_Midlands,43,623,22743.121602861596,59,0,17,2,1,1,0,0,163.95537000763036,7.566719728932374,1
CUST12847,18,Female,Wales,118,736,36250.87438487067,1,0,17,4,1,1,0,0,40.516462831943954,3.525524020001276,0
CUST12848,54,Female,South_West,45,658,47052.216845892464,5,0,18,3,1,0,0,0,83.99051001696841,7.501801394707391,0
CUST12849,60,Male,London,40,645,29419.16966759475,7,0,17,5,1,1,1,0,60.45712875870546,1.109733250386443,0
CUST12850,44,Female,Wales,108,702,33722.890777680295,4,0,19,3,1,0,1,1,27.183976268778043,4.132410518137282,0
CUST12851,65,Female,Wales,100,611,51667.19706267959,55,0,16,3,1,0,1,0,135.26336032457115,4.860306959660987,1
CUST12852,44,Male,South_West,117,683,54679.982415315935,50,0,19,1,1,1,0,0,106.36460399619494,12.962852379728018,1
CUST12853,60,Male,South_East,66,747,23162.345714550473,61,0,3,4,1,1,0,1,373.29053457688866,17.70257194041472,1
CUST12854,20,Male,Wales,43,452,33043.33474574643,4,0,14,5,1,1,1,0,79.05105597860059,8.303849170167924,1
CUST12855,62,Female,London,6,732,16481.709190007303,103,0,23,5,1,1,1,1,242.32708671902122,4.862144279815146,1
CUST12856,70,Male,East_Midlands,30,507,36712.2087736969,70,0,22,1,1,0,1,0,70.4050019462452,1.906955361749618,1
CUST12857,46,Male,Yorkshire,60,687,55622.95745854884,8,0,14,1,1,0,0,0,159.38529364554103,1.720936824866127,0
CUST12858,27,Female,Wales,59,727,42943.149059941396,0,2,2,2,1,1,1,1,129.8002171653257,6.380811516412589,0
CUST12859,72,Female,Yorkshire,78,714,38188.33465355511,4,0,7,2,1,0,1,0,196.1769887440243,5.611967604113825,0
CUST12860,37,Female,East_Midlands,80,726,15000.0,0,0,25,5,1,0,1,0,189.41425601393294,7.614972982659777,0
CUST12861,25,Female,London,74,752,54113.6992238439,1,0,23,5,1,1,1,1,140.63460817159094,1.631500606639777,0
CUST12862,73,Male,Wales,73,720,33733.14216756324,0,0,7,1,1,1,1,0,137.1406115889561,0.5214811706863647,0
CUST12863,54,Male,Yorkshire,119,645,57174.64436422792,90,0,5,2,1,1,0,0,645.9937089487145,5.78615917499259,0
CUST12864,70,Male,Scotland,72,553,42048.00059001954,7,7,21,4,1,1,0,0,15.875552636251404,8.940864901787798,0
CUST12865,33,Female,Yorkshire,112,799,50374.801763949545,1,3,19,2,1,1,1,0,254.44849906567643,9.932177651845715,0
CUST12866,31,Male,North_West,103,674,68437.02763645143,0,3,28,5,1,1,1,1,135.9937206744456,4.600086438116704,1
CUST12867,30,Female,London,21,475,38669.91908105703,5,0,27,1,1,0,1,0,140.49999276002998,8.748334929872119,1
CUST12868,38,Male,East_of_England,78,644,56233.96975964753,5,3,21,4,1,0,1,0,91.12924647404245,5.524092550075611,0
CUST12869,46,Male,London,33,628,22215.330000192098,3,3,6,2,1,1,0,1,78.36643794465792,7.446285913016549,0
CUST12870,27,Female,North_West,76,735,48787.6019262575,33,0,18,5,1,1,0,1,176.08534063301093,2.8014001660176246,0
CUST12871,62,Male,London,13,607,17831.788358910955,87,3,22,1,1,1,0,1,221.62422928967922,3.625724854138542,0
CUST12872,20,Female,West_Midlands,59,691,39651.98201964822,3,1,10,2,1,1,0,0,88.7775538657887,5.537505756351443,1
CUST12873,29,Male,Wales,35,662,29311.85909810685,1,0,1,5,1,1,1,0,98.50833846664938,3.611267099272034,1
CUST12874,65,Female,South_West,32,664,26113.201033220623,6,0,26,4,1,1,1,0,259.77002683355954,2.699859556335368,0
CUST12875,34,Male,Yorkshire,79,699,40895.99266417489,0,0,20,5,1,1,1,0,179.66438112501828,7.775174315607835,0
CUST12876,39,Female,South_West,91,665,33683.502962196406,37,1,8,5,1,1,0,0,129.47780988463185,1.9031677937374032,1
CUST12877,63,Male,East_of_England,40,779,33005.453603571164,0,0,21,4,1,1,1,0,42.945717866797295,6.255283789252214,0
CUST12878,52,Female,London,29,653,31176.09827976199,9,0,27,2,1,1,0,0,66.09136489633494,7.455022697046926,1
CUST12879,45,Female,Wales,100,653,21133.696244332055,91,0,12,3,1,1,1,1,84.33420715518498,10.356085835337772,0
CUST12880,68,Female,Scotland,15,683,21806.7786132003,50,0,14,1,1,1,0,1,80.2558038974349,1.7767839609304397,0
CUST12881,62,Female,South_West,118,668,36477.16802636985,12,0,23,5,1,0,0,1,454.3185114055514,7.481787212380188,0
CUST12882,58,Male,Scotland,104,599,66718.80871567859,48,0,4,1,1,1,1,1,299.23743001143697,3.1622974186251778,1
CUST12883,51,Female,Wales,4,673,64618.666690821694,4,0,19,2,1,0,0,1,79.00501937751582,3.1731187045784246,0
CUST12884,49,Female,South_West,99,632,39888.835618821584,2,0,18,4,1,1,1,0,80.13757485877898,0.9308323431713637,0
CUST12885,31,Female,North_West,18,670,27520.429232272403,193,0,7,1,1,1,1,0,160.88508833044025,4.8251630060737725,0
CUST12886,42,Female,Scotland,36,510,50866.330492170586,0,0,27,5,1,1,1,1,91.4151783952858,2.339704645810575,0
CUST12887,47,Female,East_of_England,86,668,67626.17798053248,83,1,21,2,1,1,0,1,172.34117989205683,2.3509179349474856,1
CUST12888,39,Female,North_West,56,710,41540.73042786472,81,4,26,3,1,0,1,0,59.95620133351711,1.3790894788427346,0
CUST12889,22,Male,Yorkshire,41,680,18179.381493890938,4,0,26,5,1,1,1,0,138.0830598357401,5.043623174923512,1
CUST12890,35,Female,East_of_England,76,698,32494.640635411994,1,0,19,4,1,1,0,0,81.25894807134505,5.74485696130105,0
CUST12891,57,Male,Wales,90,716,39977.11723905533,1,0,26,5,1,1,1,0,163.95226358957953,0.5744277411462382,0
CUST12892,63,Female,East_Midlands,39,454,40253.62530455315,2,0,19,5,1,1,0,0,94.05926225972746,3.9997319117276047,1
CUST12893,57,Female,Scotland,15,651,18583.962462758518,36,1,18,1,1,0,0,0,82.23642641768012,11.616608157366802,1
CUST12894,37,Female,Yorkshire,106,744,58679.6894945772,16,0,8,3,1,1,1,0,34.4484994176857,2.48981684498317,0
CUST12895,59,Male,Yorkshire,34,596,56131.97374321372,2,0,22,4,1,1,0,1,128.27169511608082,10.622786515103034,0
CUST12896,20,Female,South_West,103,628,24438.54854708899,6,0,5,2,1,0,0,0,193.12882567763197,2.5158992449878337,1
CUST12897,21,Male,Scotland,26,716,37692.47098801378,9,0,18,3,1,1,1,1,56.83339963751326,5.236354150891136,0
CUST12898,48,Male,North_West,35,683,88724.93207505789,1,0,21,4,1,1,0,0,160.78782515254255,3.871612271593881,0
CUST12899,57,Male,Yorkshire,39,722,41239.47229931289,3,0,22,2,1,1,0,0,393.8162677808548,10.495267482369979,0
CUST12900,46,Female,East_Midlands,6,636,64136.88633705901,13,0,24,4,1,1,0,0,319.05117074263393,10.753822334766971,0
CUST12901,61,Male,North_West,10,643,30572.347113881107,45,0,18,2,1,1,1,0,415.3222826779208,5.492274914466519,1
CUST12902,71,Female,Wales,7,537,42471.39374668373,1,0,18,1,1,1,1,0,138.4507681694009,3.128440725098968,0
CUST12903,72,Female,East_of_England,25,617,37258.75609712981,38,0,15,4,1,1,0,1,270.954729555944,0.7420274861067602,0
CUST12904,62,Female,South_East,20,643,57616.66143812244,164,0,31,1,1,1,1,1,191.97582565569996,3.8834565271639674,1
CUST12905,67,Female,West_Midlands,6,635,30042.51183811772,2,0,19,4,1,0,1,0,75.3078423897739,5.985870925948306,0
CUST12906,26,Female,North_West,91,698,47905.771016785584,2,0,11,2,1,1,1,0,68.60850583129536,10.356097716980457,0
CUST12907,74,Female,Scotland,70,675,44078.441899727906,7,1,21,5,1,0,0,0,120.18006408019625,5.847584258309859,0
CUST12908,43,Female,East_Midlands,92,396,24317.701028230065,5,0,26,2,1,1,1,0,111.803541340405,7.40341501901725,0
CUST12909,59,Male,East_of_England,19,745,27279.88069051215,3,0,15,4,1,1,1,1,30.11448073272664,2.162857918213353,0
CUST12910,32,Male,North_West,58,477,52691.32252023491,33,0,32,3,1,1,0,0,126.67343240100054,9.540358973549276,1
CUST12911,58,Male,West_Midlands,43,525,42484.56786108742,2,0,22,5,1,1,1,1,171.06426683541866,6.107312155642229,0
CUST12912,34,Male,Wales,64,584,27281.21997575751,4,0,20,2,1,1,1,0,77.81569542937903,4.747212039843661,0
CUST12913,57,Male,East_Midlands,96,724,32931.203452409136,7,3,25,4,1,1,1,0,133.17357743019295,6.40606951404477,0
CUST12914,22,Female,Yorkshire,50,648,66904.1009044469,42,1,23,5,1,1,0,0,160.14199088974183,7.459327975542313,0
CUST12915,51,Male,South_West,108,680,27083.3332563419,6,0,24,5,1,0,0,0,115.91453738797753,8.180350535474084,0
CUST12916,26,Female,London,4,441,38878.622642871574,3,0,18,3,1,0,1,0,38.62515244385396,6.947671499109699,0
CUST12917,69,Female,North_West,93,659,42600.37254544815,53,1,22,4,1,1,0,0,49.65156947526194,6.211258910364403,0
CUST12918,25,Male,South_West,80,623,21301.188246933678,2,0,5,4,1,1,0,0,131.1831543763952,5.354906175345535,0
CUST12919,54,Female,North_West,38,452,36058.34552807085,15,0,12,3,1,1,0,0,196.78940560006535,8.667167808065079,0
CUST12920,71,Male,South_East,8,752,45174.130820839266,6,0,21,5,1,1,0,0,53.49069606379848,3.0880802368513076,0
CUST12921,29,Female,East_of_England,84,555,23206.012845997237,12,0,7,5,1,0,1,1,256.0459026650743,8.987024359138566,0
CUST12922,71,Female,East_Midlands,11,736,26807.279836468635,4,0,14,4,1,1,0,0,243.64725585531605,4.645019368802955,0
CUST12923,61,Male,Yorkshire,110,621,33731.08968738455,7,4,13,2,1,0,1,1,240.22042879053416,3.6890008240356598,0
CUST12924,36,Male,Scotland,81,671,27601.908439859224,56,0,17,1,1,0,0,1,44.135526463321355,5.144428832115308,1
CUST12925,38,Male,East_of_England,21,679,73333.41584261527,0,0,26,1,1,1,1,0,347.6770961140251,2.739985931889128,0
CUST12926,43,Male,Wales,103,676,47038.083236760496,1,1,16,3,1,1,0,1,215.51667328738446,0.7471536441548878,1
CUST12927,58,Male,London,75,705,17573.754750228458,10,0,34,1,1,1,1,0,222.0349443935889,5.233397848209599,1
CUST12928,35,Male,West_Midlands,3,692,39950.6031453774,1,0,14,3,1,1,0,0,44.52507404200078,2.0595484381084863,0
CUST12929,20,Female,West_Midlands,27,481,108540.02669522572,13,0,10,4,1,0,1,0,400.20862173139835,1.1106099204260176,1
CUST12930,73,Female,South_East,89,608,32282.88038868507,6,0,25,3,1,0,1,0,17.505901280100566,3.0163869736523856,0
CUST12931,61,Female,Wales,93,677,25205.54364833977,9,0,4,1,1,1,1,1,66.48651552079167,5.81446004544163,0
CUST12932,34,Male,North_West,77,705,41161.45570328274,8,1,3,1,1,1,1,1,321.87768824619326,8.799292636006893,0
CUST12933,65,Male,West_Midlands,61,531,30812.07480562143,1,1,5,5,1,1,1,0,271.2528583802136,8.168605827504152,0
CUST12934,71,Female,Yorkshire,70,711,22718.76657647305,116,0,16,2,1,1,0,0,400.4111529266121,7.028086010791829,1
CUST12935,24,Male,South_West,25,524,34648.2336630947,47,0,3,1,1,1,1,1,201.94295221939817,4.8364698005120355,0
CUST12936,68,Male,Scotland,54,731,35788.95177917382,88,0,3,4,1,1,1,1,130.6060273150159,5.025764827675926,0
CUST12937,51,Male,Wales,88,700,39294.25597427696,1,0,9,4,1,1,0,1,123.12765506080362,4.641243557280192,1
CUST12938,54,Male,South_East,17,545,47241.12925875423,3,0,18,3,1,1,0,0,148.18668159514456,3.363263786120723,0
CUST12939,36,Male,East_of_England,3,682,34913.52748989345,10,0,22,3,1,0,1,1,137.10092298981021,8.095656873514619,0
CUST12940,40,Female,West_Midlands,64,595,26448.799915628955,2,0,18,1,1,0,1,1,75.03910647902869,5.813017269483068,0
CUST12941,72,Female,West_Midlands,55,519,32762.5438798483,43,0,17,1,1,1,1,0,47.96348804916835,2.7053629695343506,0
CUST12942,56,Female,East_of_England,79,707,23073.944247020056,48,0,20,2,1,1,1,0,187.17041604780317,12.712541332709336,1
CUST12943,68,Male,South_East,7,732,19088.557491301042,1,0,26,3,1,1,1,0,122.27647867360406,9.324341470496982,0
CUST12944,36,Male,East_Midlands,41,768,57078.995716465615,6,7,20,5,1,1,1,0,14.675406520748785,5.967872800043429,0
CUST12945,19,Male,London,6,535,44829.89860524362,6,0,22,1,1,1,1,1,137.69141834061705,0.6113401851436214,0
CUST12946,43,Female,Yorkshire,39,691,65675.88424469631,0,1,24,5,1,1,0,0,118.56249356491372,0.7852671305607444,0
CUST12947,68,Female,Scotland,89,563,29642.264274239573,2,0,8,5,1,1,1,0,65.14757203411139,7.137869938134092,0
CUST12948,34,Male,South_West,5,535,49380.0381215714,7,0,25,1,1,0,1,0,15.028476934538038,0.37154517258926,1
CUST12949,44,Male,Wales,34,767,37136.930394903145,5,0,20,5,1,1,0,0,123.60702354340565,6.7763374707542745,0
CUST12950,71,Female,Scotland,116,482,55251.77886264469,9,0,3,3,1,1,0,0,179.0836652961829,3.114024894942238,0
CUST12951,41,Male,Wales,33,596,30821.08494797199,5,0,26,1,1,1,1,0,41.41905337610479,5.637014052516625,1
CUST12952,31,Male,Scotland,47,726,33476.72341874443,2,0,17,1,1,1,0,0,80.8757660061659,2.1132573762545346,0
CUST12953,42,Male,Yorkshire,107,512,32935.53177831387,0,0,18,1,1,0,0,0,142.86217245712544,2.172443938085805,1
CUST12954,72,Female,South_East,45,741,39210.59990133939,18,0,17,1,1,1,1,1,170.00307114321308,4.699366659098131,0
CUST12955,22,Female,East_of_England,107,465,38926.19890572957,70,0,23,4,1,1,0,0,226.02918007959184,9.697668192591584,1
CUST12956,62,Male,East_Midlands,38,632,23696.26137473516,2,1,23,2,1,1,1,0,42.30959607714063,10.765992878108738,1
CUST12957,35,Male,South_East,108,705,23941.231470677336,7,0,4,3,1,1,1,0,91.77227491968279,4.554942763719738,0
CUST12958,37,Male,East_Midlands,51,439,53729.136760811365,1,0,6,3,1,1,1,1,61.46721956921101,9.548551913809199,0
CUST12959,32,Female,Scotland,64,734,42970.16452438515,6,0,24,5,1,1,1,0,350.993008339598,4.791385295142028,0
CUST12960,59,Male,South_West,30,734,33289.184044804504,3,0,4,2,1,0,1,1,244.70729852993082,4.622293225006654,0
CUST12961,56,Female,London,42,648,33575.14794209914,1,0,27,4,1,0,1,0,168.78867561107796,0.6112222129686733,0
CUST12962,69,Male,South_West,21,678,42134.25096817359,90,0,3,2,1,1,0,0,21.211900935675693,3.673709739280083,0
CUST12963,37,Female,South_West,71,624,34512.067633570885,1,0,25,2,1,1,1,0,91.52502506930227,5.41762967117847,0
CUST12964,53,Female,London,32,653,23068.20249736813,2,0,21,4,1,1,1,1,99.37981857800558,7.070584470018911,0
CUST12965,68,Male,Scotland,81,726,29197.418578496752,3,3,18,1,1,0,0,0,85.71448817433956,0.47096767763809544,0
CUST12966,74,Female,Scotland,20,700,55271.81736423819,0,0,20,3,1,0,1,0,271.89963018290683,5.508940160414327,0
CUST12967,58,Female,Wales,3,485,29054.070957153694,4,0,8,4,1,1,1,0,122.55196076410371,0.8242529816290439,0
CUST12968,73,Female,West_Midlands,114,664,20788.46006081284,66,0,22,3,1,0,0,0,273.28827920756623,3.126918393306715,1
CUST12969,51,Female,East_Midlands,2,715,22413.580000146147,4,0,22,5,1,0,0,1,27.807649423203248,1.3273015265097787,0
CUST12970,40,Male,East_of_England,76,739,31119.20298946385,13,0,15,4,1,0,0,0,127.83083166070223,4.4594416807583634,0
CUST12971,30,Male,Yorkshire,31,689,27899.825795686094,5,0,5,5,1,1,1,0,149.88136201532046,3.245197602111251,0
CUST12972,58,Male,London,96,690,31954.34950479308,4,0,29,4,1,0,0,0,108.03231013799262,7.832027967024436,1
CUST12973,40,Female,Yorkshire,3,605,22397.73874895929,5,0,30,4,1,1,1,1,121.15746658758869,3.8941280947427543,0
CUST12974,44,Female,South_East,116,674,15000.0,3,0,19,2,1,1,1,1,226.82854179458687,5.791960583104958,0
CUST12975,55,Male,Scotland,27,645,17718.730700787313,5,0,16,2,1,0,0,1,100.22964138089525,2.730896376389824,0
CUST12976,34,Male,South_West,111,711,21690.600174095074,0,0,21,2,1,0,0,0,141.58943916820232,7.416948393401203,0
CUST12977,36,Female,Scotland,58,684,40112.373844013404,4,0,25,4,1,1,1,0,207.27838780436866,1.296282522647846,0
CUST12978,60,Female,South_East,110,732,43226.58021428428,153,0,18,2,1,1,1,0,105.63355648397423,3.318337172559687,1
CUST12979,63,Female,West_Midlands,77,475,27903.976146001685,0,0,5,4,1,1,1,0,120.38443576587373,2.1208115767041664,0
CUST12980,25,Female,North_West,22,655,53568.0339465904,11,0,26,3,1,1,0,0,69.3959661079537,12.104907685853794,0
CUST12981,38,Female,North_West,101,646,72488.06741961816,99,0,20,2,1,0,1,0,148.97428134995405,4.48365574653415,0
CUST12982,33,Male,East_of_England,36,694,51515.47380767315,0,1,15,5,1,1,1,0,220.422474685201,4.326173152076118,0
CUST12983,49,Male,Scotland,58,568,56242.413507308,4,0,3,2,1,1,1,0,428.2933248366057,4.323121585804968,0
CUST12984,63,Male,North_West,23,750,18999.770183111614,6,0,18,3,1,1,0,0,77.56591572671577,14.08695251792594,0
CUST12985,27,Male,Yorkshire,1,817,28994.861203869223,85,0,25,3,1,1,1,0,90.0728695910075,4.1574614215670005,1
CUST12986,63,Female,London,119,451,48332.1911758802,33,0,22,5,1,1,1,0,208.148582580777,4.070885635094862,1
CUST12987,48,Female,Yorkshire,89,540,34570.55079946431,77,0,20,1,1,1,1,1,104.3225856204085,1.9063896547540309,1
CUST12988,20,Male,West_Midlands,95,711,28515.59805112429,86,0,18,2,1,1,1,0,98.26087600676445,2.3910237837879507,0
CUST12989,54,Male,Wales,102,706,50867.52619373395,1,0,21,1,1,1,0,0,94.07203495927244,7.712938226409282,0
CUST12990,50,Female,East_of_England,24,705,34161.12461234717,193,0,30,2,1,1,1,1,39.37385191377999,8.908384924741705,0
CUST12991,48,Female,Wales,37,504,19281.582390774598,11,3,22,1,1,1,1,0,312.34320411063624,0.9495007895952255,1
CUST12992,45,Male,Yorkshire,114,712,15914.955558355166,56,1,6,4,1,1,1,1,38.47491858919225,0.7580680474474076,1
CUST12993,55,Female,East_of_England,6,714,31055.00774480127,35,0,19,4,1,0,0,0,279.0588546885601,1.3391643552426746,1
CUST12994,60,Male,Yorkshire,119,726,63320.08241532115,2,0,21,4,1,0,0,0,166.01184323845385,2.9761010221683692,0
CUST12995,44,Male,East_Midlands,15,420,23635.431226182154,30,0,16,4,1,1,0,0,82.19366568164169,6.452724915027375,1
CUST12996,20,Male,Yorkshire,69,731,33319.963821212164,0,2,24,2,1,1,1,0,91.66943510725295,2.0047249909468903,0
CUST12997,35,Male,Scotland,86,517,39684.73546694614,139,0,26,5,1,1,1,1,479.5730464043962,3.962033159449166,1
CUST12998,60,Male,East_of_England,44,657,55633.228224834136,4,0,24,1,1,1,0,0,142.97055517395464,6.512784263981903,0
CUST12999,31,Male,London,81,543,34915.244893316645,31,0,15,4,1,1,1,1,83.49837608650678,1.3956425110146333,0
CUST13000,61,Male,South_West,64,688,62323.7260978482,34,5,21,5,1,0,1,0,9.325566646539814,4.958877137262429,1
CUST13001,45,Female,South_East,50,775,33224.4061760034,10,0,24,1,1,0,1,0,141.45238842284388,1.309858451457969,0
CUST13002,55,Female,South_East,1,441,68068.60377331366,13,0,18,2,1,1,1,0,76.25698253439033,3.549533847709418,0
CUST13003,70,Female,West_Midlands,106,790,36826.44062627187,2,0,12,3,1,1,1,1,126.45834566941805,16.817860048842537,0
CUST13004,27,Male,Yorkshire,57,680,30965.570539204993,0,0,26,5,1,0,0,0,49.59269664911146,2.88083563649062,0
CUST13005,56,Female,Wales,97,696,58951.52573500983,2,0,21,5,1,0,1,1,173.46898456951092,3.3094634328571324,0
CUST13006,43,Female,Scotland,31,511,30247.803629384132,13,0,3,2,1,1,1,1,110.4640559511093,15.531088510651825,0
CUST13007,29,Female,East_Midlands,106,480,57770.2102048791,8,1,25,4,1,1,1,0,133.4671607105417,3.5657543871888375,0
CUST13008,45,Female,London,78,528,25585.950653457578,1,2,18,1,1,1,1,0,129.94227080093043,3.6503113635247657,0
CUST13009,63,Female,South_West,96,694,33631.42575542038,0,0,21,3,1,0,1,0,207.0582079653548,5.301008713237771,0
CUST13010,59,Female,Yorkshire,33,704,32390.192626041902,72,1,17,5,1,0,0,0,157.52435690236914,12.48648656448633,1
CUST13011,46,Female,South_West,30,486,19188.307269187764,1,0,20,4,1,1,0,0,105.37646888082746,2.212005855387465,0
CUST13012,21,Female,Yorkshire,3,572,41677.801643962724,1,0,25,4,1,1,1,0,82.64503561792831,17.077688121350914,0
CUST13013,35,Male,London,12,724,26468.790570923695,108,0,28,1,1,1,1,0,116.55242707598305,1.3261051403857205,1
CUST13014,23,Female,Yorkshire,44,769,48391.95344156325,3,0,28,5,1,1,1,0,59.822141683134156,4.411252110129755,0
CUST13015,70,Female,Wales,31,452,23647.12350631011,0,0,19,5,1,0,1,0,272.294826765869,1.6498493224029906,0
CUST13016,27,Female,Yorkshire,29,678,56718.75431931575,8,0,10,4,1,1,1,0,286.4955328784984,5.639827893598804,1
CUST13017,44,Female,Scotland,110,762,46274.71994127855,38,0,22,1,1,1,1,1,9.588056335989,6.926519887316439,0
CUST13018,46,Female,London,16,719,16295.795500505768,0,0,16,2,1,1,1,1,297.49034524741035,7.46209720526093,0
CUST13019,74,Female,Scotland,93,571,27547.85257532972,177,0,13,2,1,0,0,0,164.3697005671603,3.100092325580664,0
CUST13020,46,Female,East_of_England,14,622,45950.90079335041,0,0,28,5,1,1,1,0,120.9515425735404,4.335707028180304,0
CUST13021,62,Female,North_West,119,640,52519.81459096829,0,0,14,1,1,1,1,0,203.04438039594964,0.8723953314123517,0
CUST13022,37,Female,East_of_England,61,695,62705.45399786217,3,0,26,2,1,1,1,0,138.04467900412268,1.9590077949778304,0
CUST13023,63,Male,Wales,107,542,44258.1731113356,1,0,17,2,1,1,1,0,83.74634444269114,2.2450708911765203,1
CUST13024,46,Female,West_Midlands,52,646,51257.23606793566,1,0,3,3,1,1,1,0,86.32216392637727,4.508900693350873,0
CUST13025,38,Female,Wales,52,416,27973.554352428517,37,1,22,3,1,1,1,1,330.91594425573265,1.5010095333772757,1
CUST13026,59,Male,Scotland,93,680,43014.056177516635,30,3,19,5,1,1,0,0,237.86254630015037,9.60719270280077,1
CUST13027,72,Male,South_West,55,647,52938.52560066755,1,0,20,5,1,1,0,1,89.5329270154237,7.598889639397148,0
CUST13028,53,Male,North_West,5,638,47454.20093955871,20,3,22,3,1,0,1,1,8.146241684832598,2.689649151027575,1
CUST13029,55,Female,Scotland,24,681,29480.467813218893,4,1,16,4,1,1,1,0,120.67525902438076,3.1532488798337455,0
CUST13030,23,Female,South_East,34,674,31564.182325366775,6,0,6,2,1,1,1,1,67.9045151623286,1.424731919451069,0
CUST13031,64,Male,South_West,70,701,62038.42395490228,2,0,21,2,1,1,0,1,199.7676534570483,1.7806588074196614,0
CUST13032,42,Male,South_East,17,490,68747.72423382234,3,0,17,5,1,1,1,1,73.05716292994988,6.563966028523413,1
CUST13033,37,Female,Scotland,63,707,25013.087350240785,0,0,5,5,1,0,1,0,53.60050659635298,7.515623615506424,0
CUST13034,28,Female,East_Midlands,1,708,56511.650381153275,41,0,31,5,1,0,0,1,181.31353960384018,2.0551666476839197,1
CUST13035,34,Female,Scotland,101,695,17239.60338958026,45,0,23,5,1,1,1,0,129.2224013155414,5.7310931179979026,0
CUST13036,46,Male,Wales,55,645,38828.91564083101,0,0,19,2,1,1,1,0,386.7176999626787,10.494105076113993,0
CUST13037,74,Female,London,75,721,23942.352608088895,8,0,23,4,1,1,1,1,316.019009069943,8.197530658369473,0
CUST13038,64,Male,West_Midlands,13,549,37549.2208457349,4,0,24,5,1,1,0,1,170.45062916298238,7.640079615399644,1
CUST13039,37,Male,East_of_England,53,623,28070.71646865683,2,0,16,1,1,1,0,0,169.26007289725803,10.381345135949019,0
CUST13040,54,Male,Yorkshire,55,657,30517.71374280418,8,0,5,4,1,1,0,0,65.61002401558574,10.206738221202913,0
CUST13041,53,Male,South_West,55,454,31376.190836622816,1,0,14,3,1,1,1,0,121.00288578982524,1.2169398336520514,1
CUST13042,61,Male,South_East,95,675,52206.976425559056,3,0,19,4,1,1,0,0,181.31417837798588,1.3260328292536299,1
CUST13043,72,Male,Wales,9,724,49131.910612973756,9,0,3,1,1,1,1,1,143.0812051677435,5.536220089955917,0
CUST13044,60,Male,London,50,652,20762.824951230778,99,1,31,3,1,1,0,1,87.4044024421135,2.2938051200151888,0
CUST13045,67,Male,London,91,701,26092.7143334709,145,0,12,2,1,1,1,0,88.7874728438832,9.904187196775233,0
CUST13046,39,Female,North_West,18,732,34000.69319054596,4,0,18,2,1,0,0,1,123.60744198675945,1.5543870537289837,0
CUST13047,51,Male,Scotland,30,749,22597.97486860811,115,0,22,1,1,1,0,0,317.88998768479905,0.8605853847999034,1
CUST13048,29,Female,South_East,21,644,48695.81346876734,2,1,22,2,1,0,1,0,253.57416354473295,2.8542593977793147,0
CUST13049,67,Male,Yorkshire,71,719,85904.76956372685,87,2,19,3,1,0,1,0,639.3083908055427,1.6222052536209641,0
CUST13050,62,Female,West_Midlands,24,744,36612.420314932395,18,0,25,5,1,1,1,0,135.62049921210954,6.900987275465045,1
CUST13051,71,Female,West_Midlands,115,790,40214.15544912483,2,0,23,4,1,0,1,1,93.11113140436257,6.975775978358225,0
CUST13052,55,Female,Yorkshire,116,698,45434.28220734459,35,3,16,3,1,0,1,0,156.5468566886641,4.908988936752165,1
CUST13053,29,Female,South_West,105,697,54493.913286400624,8,0,24,1,1,0,0,0,55.63450230138853,3.996121816612543,0
CUST13054,28,Female,Yorkshire,100,528,57285.099200082,49,0,31,3,1,1,0,0,130.72486802105763,3.572767091425992,1
CUST13055,67,Female,South_East,4,696,37123.00367931594,35,0,4,3,1,0,0,1,137.9290028050528,10.593680648160017,0
CUST13056,27,Male,West_Midlands,50,727,71390.49705931042,0,2,5,5,1,1,1,0,31.847284676912697,5.597707054011474,0
CUST13057,40,Female,East_Midlands,82,706,23956.768675623527,0,0,24,5,1,1,1,0,45.84597558166146,2.373202758593539,0
CUST13058,43,Female,North_West,108,683,29878.48496124099,0,0,22,4,1,0,1,1,49.385250126277775,0.7147210937191701,0
CUST13059,25,Female,London,92,540,15000.0,35,0,7,3,1,0,0,0,313.6331248404348,5.273619955399834,0
CUST13060,39,Female,London,24,761,20035.123100064295,2,0,6,2,1,1,0,0,1.7059260190897216,6.290196120476623,0
CUST13061,41,Male,Scotland,86,681,26614.993092310462,6,0,24,1,1,0,1,1,129.2957178934853,6.423572813427201,0
CUST13062,58,Male,South_East,27,765,59617.580443162704,27,0,20,1,1,0,0,1,63.90294607432917,7.0451361627132485,0
CUST13063,19,Female,South_East,37,787,39816.43370659464,4,1,21,5,1,0,0,0,280.5525277064625,3.054862182839346,0
CUST13064,40,Male,East_of_England,40,716,32027.000810652073,12,0,14,3,1,1,1,0,144.4395329879835,2.1382797667074653,0
CUST13065,38,Female,Scotland,101,625,50242.8787823704,59,4,4,1,1,0,0,0,143.17897237935176,10.459485209931094,0
CUST13066,73,Male,London,101,705,47772.29000227461,13,0,25,4,1,1,1,1,165.95158654268255,0.7954450473824555,0
CUST13067,41,Female,South_West,51,782,22634.388686137263,5,0,22,4,1,1,0,0,7.279196059443372,5.204561971469328,0
CUST13068,57,Female,Scotland,62,682,62528.58207527682,8,0,15,3,1,1,1,1,183.70192603398107,12.011092508858216,0
CUST13069,21,Male,North_West,83,750,29024.98763918871,4,0,22,5,1,1,0,1,114.60244790551826,1.4061258720916845,0
CUST13070,31,Female,London,95,680,37148.152543259646,1,1,25,4,1,1,0,0,117.96491080074888,7.628829418693252,0
CUST13071,33,Female,East_of_England,43,661,24577.245781768666,14,0,16,1,1,1,1,0,23.561493963146823,2.60075523939993,1
CUST13072,44,Female,South_East,108,665,39933.31230407231,1,0,21,2,1,1,0,0,265.5444670901543,8.828623005724385,0
CUST13073,33,Female,Wales,80,476,41675.23357797597,0,0,15,4,1,0,0,0,271.4497156965373,6.64066637009774,0
CUST13074,25,Male,West_Midlands,117,519,18754.717914312063,37,1,6,3,1,1,0,1,181.63982761720837,4.675165260104911,0
CUST13075,35,Male,Wales,27,486,56397.37476618749,3,0,21,3,1,1,1,0,58.73242726035214,1.8806800008305546,1
CUST13076,40,Female,South_East,91,713,24900.860242090614,4,0,17,2,1,1,1,0,6.4710055036745855,3.250344990994269,0
CUST13077,30,Female,Wales,17,446,18126.142902562817,39,0,23,5,1,1,0,0,167.51897212873942,6.339236804272752,1
CUST13078,34,Female,East_Midlands,28,663,69086.67241654436,8,0,26,4,1,1,1,0,26.74975512300443,6.849399438607168,0
CUST13079,48,Female,Scotland,4,726,52122.01915152041,3,2,23,2,1,1,1,0,187.20966528117066,5.532980182314708,0
CUST13080,21,Female,South_West,51,469,35521.89131583529,0,0,22,3,1,1,1,1,41.38862875063534,8.473540853462568,0
CUST13081,29,Male,South_East,85,691,39502.72654478253,50,0,5,4,1,0,0,0,69.67669483044712,13.197208294583193,0
CUST13082,64,Male,South_East,88,749,29771.74987675729,5,0,23,5,1,1,1,0,72.8561735910739,7.724210252406081,0
CUST13083,27,Female,East_of_England,74,670,30249.208080421944,5,1,16,1,1,0,1,1,8.371372451990704,4.158319193037245,0
CUST13084,28,Female,Yorkshire,31,750,34510.26070211374,0,0,30,3,1,1,0,0,51.34865537037182,0.4100166548549048,0
CUST13085,30,Male,South_East,115,445,42471.07328322656,6,0,0,5,1,1,1,0,181.0148969359634,11.052323295660125,0
CUST13086,45,Female,North_West,5,754,36577.94112671879,4,0,22,3,1,1,1,1,326.9832389219224,1.562954061260728,0
CUST13087,29,Female,Wales,96,660,25733.317301588075,84,0,24,2,1,0,1,0,68.46716693146014,6.259745475378841,1
CUST13088,60,Male,South_East,94,771,28166.71946097563,3,2,25,2,1,0,0,0,31.469340924932983,7.841450954254812,0
CUST13089,18,Male,South_East,107,711,81698.87431508333,35,0,20,4,1,1,1,0,40.65398837347813,6.08506708033519,0
CUST13090,74,Female,South_West,22,663,17229.55071088358,8,0,24,3,1,1,1,0,59.98872498461226,1.7526927327066921,1
CUST13091,22,Female,Scotland,115,618,30545.79517776749,3,0,23,2,1,0,1,0,142.6090263539433,3.9582837240619186,0
CUST13092,25,Female,Wales,91,636,38753.24688373266,8,0,16,5,1,1,0,0,345.6777507852514,1.3186703591091884,0
CUST13093,37,Male,Yorkshire,70,682,30704.372826496998,1,0,19,3,1,1,1,0,205.04408368426581,4.493741859750322,0
CUST13094,26,Female,South_East,38,727,48662.95897751127,1,0,15,3,1,0,1,1,134.74945274462104,1.7729393604195618,0
CUST13095,52,Male,Scotland,28,652,30803.020557747634,42,0,8,4,1,1,1,1,236.972294527931,10.91131838175724,0
CUST13096,27,Female,Yorkshire,50,706,50825.51890504371,1,0,21,3,1,0,1,1,31.74975778623181,1.7090125583530043,0
CUST13097,40,Female,West_Midlands,44,532,71672.76745969125,37,2,25,2,1,0,0,0,130.93717669402196,3.7570034176804388,0
CUST13098,68,Male,London,60,491,43677.760612050726,1,6,15,4,1,1,1,0,386.14285513353906,3.0519765091498035,0
CUST13099,28,Male,West_Midlands,75,572,28487.845824568696,2,0,17,4,1,1,1,0,262.1764547183558,3.8189109653836755,0
CUST13100,34,Male,Yorkshire,46,499,17558.119186445674,10,0,15,4,1,1,1,0,201.03525347723874,4.480745634300928,0
CUST13101,69,Male,London,67,704,44309.08047581807,3,0,4,3,1,1,1,0,35.05365373829651,9.164483336176865,0
CUST13102,57,Female,North_West,11,560,34143.87932439849,0,0,22,5,1,1,1,0,70.87966047384953,3.9255844810361133,0
CUST13103,60,Female,Wales,94,695,25029.11868346482,3,0,23,3,1,0,1,0,409.06076854217036,5.412992407195043,0
CUST13104,61,Female,East_of_England,81,412,31486.930789636226,107,0,14,5,1,0,1,0,120.3698536215347,9.170969959996388,1
CUST13105,19,Female,South_East,112,470,75001.72785036467,4,0,28,4,1,0,1,0,49.20137336072005,7.8604554409832375,0
CUST13106,63,Female,South_West,101,542,50674.04053505715,4,0,14,4,1,1,1,0,106.62662473412124,1.1476124371691,0
CUST13107,72,Female,Yorkshire,91,795,28627.28048547931,8,0,5,5,1,1,1,0,143.07325851557056,5.800380398205448,0
CUST13108,44,Female,Scotland,118,688,29811.657257413823,1,0,23,1,1,1,1,0,126.0320946240874,2.1185368640798146,0
CUST13109,42,Female,South_West,113,749,31313.064228641513,117,0,18,5,1,0,1,1,6.325314534888009,1.2652090445886521,1
CUST13110,23,Male,East_of_England,43,496,25813.73627997241,3,0,26,2,1,1,1,1,89.41322145074409,17.949256035644183,0
CUST13111,64,Male,Wales,103,687,55813.67934015626,0,1,17,5,1,0,1,1,62.72410507931484,5.385875005471946,0
CUST13112,72,Female,Scotland,101,682,25372.12259425048,6,0,19,3,1,0,0,1,74.25634773132842,5.082036468645953,0
CUST13113,30,Male,South_West,102,652,45672.11683506533,5,0,4,4,1,1,0,0,18.265438539322858,1.3296525113028763,0
CUST13114,24,Female,South_West,113,765,20035.31117011267,10,0,22,2,1,0,1,1,58.328895634223244,7.094090117948669,0
CUST13115,42,Female,London,13,659,36867.030176405846,8,0,5,1,1,1,0,0,44.57445093434643,5.190282124108459,0
CUST13116,29,Female,South_West,48,617,25970.400263648793,107,0,23,1,1,0,0,0,65.95889435952117,3.4099565301063417,0
CUST13117,40,Female,Yorkshire,25,581,39221.61433084575,92,0,16,3,1,1,0,0,187.66382505142298,1.7684788699152851,0
CUST13118,28,Female,South_East,70,649,57508.27080207761,4,0,17,2,1,1,0,1,208.69133729478244,3.5582274848744015,0
CUST13119,50,Male,North_West,14,655,35498.06930667496,2,0,1,2,1,1,1,0,168.37593993613007,7.798889519037214,0
CUST13120,20,Female,Wales,102,793,57022.010066324154,5,0,6,2,1,1,1,0,67.17694369415834,5.3210124068953615,0
CUST13121,45,Female,West_Midlands,65,538,15000.0,114,0,25,4,1,0,0,0,202.46644964907102,8.323059744912603,1
CUST13122,24,Male,East_Midlands,109,738,26681.58218395889,6,1,15,3,1,1,1,0,94.70271623088874,3.322285027061297,0
CUST13123,46,Female,East_Midlands,16,650,46093.57542940881,5,0,12,5,1,1,1,0,116.83974043621932,5.425200511683891,0
CUST13124,47,Male,South_West,98,782,38885.42626799511,1,0,18,5,1,1,0,1,42.85958012023421,1.4693294281404428,0
CUST13125,43,Female,South_East,17,482,17254.361314259055,53,0,17,1,1,1,1,0,30.59594073588739,3.883881807007472,1
CUST13126,36,Male,East_of_England,82,650,49148.70814290933,31,0,5,1,1,1,1,0,195.67246402447864,6.42598003385726,0
CUST13127,71,Female,London,25,665,40325.35018029134,2,0,23,4,1,1,1,0,21.91926891841501,0.5935897146286013,0
CUST13128,73,Male,London,19,675,88919.65057015093,0,0,29,1,1,0,1,0,311.98677670127415,2.4113247010827714,0
CUST13129,38,Male,West_Midlands,110,658,16147.393876242731,5,0,18,3,1,1,1,0,158.0656880735912,3.6023039421956775,0
CUST13130,73,Male,Yorkshire,31,713,30254.35170099317,17,0,25,2,1,1,0,0,119.25313334161137,9.737307099968287,0
CUST13131,20,Female,West_Midlands,78,732,39514.12538772399,30,0,15,1,1,1,1,0,751.1631586893409,7.253538203838094,0
CUST13132,38,Male,London,61,685,32288.685235346293,0,0,19,4,1,1,1,0,110.48328553192033,6.127843470527593,1
CUST13133,18,Male,East_Midlands,42,575,51610.09955618578,4,0,16,3,1,0,1,0,249.3758798012594,3.077669129549973,0
CUST13134,20,Male,London,60,670,43109.403804971575,2,1,23,5,1,1,1,1,27.81534242123528,2.1364214546169995,0
CUST13135,51,Male,London,39,788,33959.621471787366,30,0,25,4,1,1,1,1,185.49218918747374,11.675913057516256,1
CUST13136,58,Male,North_West,61,686,24971.74545557475,5,0,26,4,1,0,0,0,205.70321795720486,2.4553202946459516,0
CUST13137,31,Female,North_West,9,475,38618.34716592517,7,0,22,4,1,0,1,0,32.23302985160286,4.085392997287709,1
CUST13138,53,Male,West_Midlands,44,713,64049.57721499258,4,0,19,5,1,1,0,0,211.52701106033288,0.8471337394449039,0
CUST13139,31,Female,East_of_England,110,746,40538.82563137216,6,3,24,2,1,0,1,0,121.95181939130723,5.6097285412973905,0
CUST13140,18,Male,West_Midlands,19,683,35969.94019916332,4,0,19,4,1,1,0,0,246.11386688354386,12.239220508687499,0
CUST13141,47,Male,South_West,102,668,23466.444491844308,49,0,6,4,1,1,1,0,111.42897220267368,10.848907324174874,1
CUST13142,23,Male,East_Midlands,108,472,28270.852521775094,68,0,20,4,1,1,1,0,55.910995354219686,4.407340662155305,1
CUST13143,68,Male,South_West,93,771,50926.8766404194,0,1,26,5,1,0,1,0,172.8817047283712,1.688762655242224,0
CUST13144,35,Female,Yorkshire,109,698,27088.989814211815,0,0,29,5,1,0,1,1,261.5370943149921,6.831898350598875,0
CUST13145,47,Female,London,83,685,58474.943986409264,2,0,18,3,1,1,0,1,88.7388769433914,4.707803277632542,1
CUST13146,47,Female,Wales,73,613,20813.482034995905,2,0,29,4,1,1,0,0,202.3469273432428,11.002263774506593,0
CUST13147,33,Male,London,32,724,48454.06640886765,4,0,26,1,1,1,1,0,134.7121925422426,0.6589850569246727,0
CUST13148,64,Female,East_of_England,24,641,19929.539462052424,1,0,23,1,1,0,1,1,87.12269780967782,0.9183312359907014,0
CUST13149,68,Female,Wales,69,721,25559.137626059157,49,6,24,5,1,1,0,0,244.04965465057165,1.167403135246378,1
CUST13150,50,Female,Wales,20,562,32015.786993890793,0,2,17,2,1,1,1,0,178.53173889968184,7.621823579981885,1
CUST13151,29,Male,Yorkshire,50,710,33871.07693583485,1,0,25,4,1,1,0,0,101.30274861966478,9.20496173058101,0
CUST13152,71,Male,East_Midlands,65,661,34547.351424163186,0,1,3,4,1,1,1,0,37.222389909099775,6.245775916348846,0
CUST13153,66,Male,North_West,114,686,58740.242222302724,6,0,7,5,1,1,1,0,195.21168445992137,12.14611409292635,0
CUST13154,57,Male,West_Midlands,41,605,23689.788558409786,70,1,24,2,1,0,1,0,114.86725907491696,7.581506922692508,1
CUST13155,23,Female,East_Midlands,14,735,49758.96088811537,76,0,15,3,1,1,1,0,443.7091313547932,3.4472282772781004,1
CUST13156,29,Male,South_West,50,714,36357.460683563535,8,0,7,2,1,1,1,0,267.54079204977745,3.1493293805815425,0
CUST13157,47,Female,London,39,636,69423.97113476947,2,0,16,5,1,1,1,0,41.51332407081731,3.567785173467455,0
CUST13158,57,Male,East_Midlands,27,726,35713.313545719444,52,0,24,1,1,1,1,0,27.442016187142144,1.3207062958700466,1
CUST13159,35,Female,Scotland,36,515,33443.63569609435,7,0,19,4,1,1,0,0,110.90538527241574,1.9887189288999443,1
CUST13160,46,Female,London,85,446,25053.982966740452,1,4,25,5,1,1,0,0,84.18709525178258,6.986267174226938,1
CUST13161,47,Male,London,60,460,26033.51123991601,0,2,4,2,1,0,0,1,152.31269840286257,5.491690003792203,0
CUST13162,62,Female,South_West,22,693,34675.738837689816,8,0,15,1,1,1,0,0,110.00000474481742,2.531098360186631,0
CUST13163,56,Male,Scotland,73,708,20363.654975998583,3,0,17,4,1,1,0,1,160.77505946392432,2.3197234519120347,0
CUST13164,69,Female,Yorkshire,13,608,25542.39075634488,6,1,17,1,1,0,1,0,77.71462969229802,3.4618699400754616,0
CUST13165,21,Male,West_Midlands,45,695,41052.38697838286,23,1,24,2,1,0,1,0,187.1628813397485,5.171700883460079,0
CUST13166,64,Female,East_of_England,23,462,28704.132601099038,0,0,18,3,1,1,0,0,171.58049598775293,6.173814655168879,0
CUST13167,31,Female,Scotland,85,752,80428.86149636905,54,0,21,5,1,0,1,0,74.65535960207413,8.46282297466084,1
CUST13168,49,Female,South_East,90,689,41794.95853498695,17,0,2,5,1,1,1,0,185.01868206695534,9.652915379680742,0
CUST13169,59,Female,East_Midlands,93,693,54909.48623329723,0,0,21,2,1,1,1,0,260.46999923392025,5.982006322602395,0
CUST13170,71,Male,Scotland,25,771,53697.849661413115,64,0,24,1,1,1,1,1,84.1825479256209,7.355966575838428,0
CUST13171,47,Male,Scotland,82,722,38682.02553643485,0,0,30,5,1,0,0,0,188.64630344333008,6.968750424740465,0
CUST13172,45,Female,Yorkshire,42,766,42664.35981993336,41,1,19,4,1,1,0,0,93.091993183479,3.949026218281153,0
CUST13173,48,Female,South_East,28,564,24763.475738458485,118,0,18,3,1,0,1,0,117.63692924164643,5.711969260587509,1
CUST13174,65,Female,East_Midlands,35,652,52327.63194302257,0,0,20,4,1,1,0,0,42.137513536724654,7.7675306078184105,0
CUST13175,64,Female,East_of_England,76,743,42250.854615369586,2,0,17,2,1,1,1,1,324.8529407605571,8.135917975043172,0
CUST13176,53,Female,Yorkshire,96,684,36730.91684492916,5,0,6,3,1,0,0,0,189.25536340823348,3.7591184383885237,0
CUST13177,27,Male,West_Midlands,50,756,35745.88062684104,34,0,21,4,1,1,0,0,155.54981352314027,4.261889065642409,0
CUST13178,30,Female,East_of_England,116,510,58683.14995796242,2,7,6,2,1,0,1,0,70.94064806843856,6.199296972137015,0
CUST13179,47,Female,London,114,527,46507.02532181815,60,1,20,4,1,1,1,0,16.386262398721097,6.693573987541328,1
CUST13180,42,Female,South_West,2,749,37347.937916046794,46,0,15,5,1,1,1,0,248.97207658597898,5.381304320420492,0
CUST13181,19,Male,East_of_England,89,700,79999.99445563773,2,0,23,5,1,1,1,1,221.27912599101143,2.2416740100075665,0
CUST13182,34,Male,East_of_England,45,442,35687.405251145916,82,0,2,4,1,0,0,1,303.5826135868989,5.237240693696004,1
CUST13183,49,Female,Wales,21,784,35820.67044706684,41,0,19,2,1,1,1,0,279.5731919034333,2.1300428006864864,0
CUST13184,47,Female,South_East,95,629,30946.554840322802,44,0,20,2,1,1,1,1,474.31224761034576,3.1969529493069384,1
CUST13185,61,Female,East_of_England,25,697,32244.86386000924,8,0,22,1,1,1,1,0,193.42127047781764,2.571176307542883,0
CUST13186,21,Male,South_East,16,722,71248.9574198519,158,2,27,1,1,1,1,1,155.43541239221537,0.5868976735060122,0
CUST13187,45,Male,London,32,460,26061.984638269176,3,0,20,2,1,0,0,1,26.68125946090894,3.060274244925023,0
CUST13188,30,Male,North_West,85,655,30110.823719334694,30,0,15,5,1,0,1,0,286.67027308889243,8.372375714331126,1
CUST13189,67,Female,East_Midlands,93,670,40660.23790441578,13,1,25,2,1,1,1,0,197.92124326420907,1.7037689937849199,0
CUST13190,58,Male,East_of_England,56,676,46358.32454230216,14,0,19,4,1,1,0,1,271.69012346363843,9.323852595052845,0
CUST13191,38,Female,London,68,688,17271.62962733212,0,0,21,2,1,1,0,0,305.43027383905826,2.7546012869101695,0
CUST13192,22,Female,East_of_England,13,527,52490.621178169735,53,0,16,1,1,1,1,0,343.1847839750223,0.806978175531857,1
CUST13193,25,Male,London,66,740,27328.44560553018,1,0,24,5,1,1,0,0,112.75834965217703,3.4449245923829483,0
CUST13194,66,Female,London,54,684,54211.34776553438,12,0,22,4,1,1,1,1,43.682367252305475,20.46527563599158,0
CUST13195,54,Female,Yorkshire,53,738,24528.27985893445,5,0,9,4,1,1,1,0,18.676457350712578,8.50831456046335,0
CUST13196,19,Male,South_East,111,717,49135.46424703788,4,2,7,4,1,1,0,0,169.80058179973153,9.527193718995818,1
CUST13197,23,Female,South_West,33,453,58199.07921835734,4,0,5,2,1,0,1,0,47.85507555426647,2.9526870291537066,0
CUST13198,32,Male,London,74,665,53524.62728162113,73,0,22,1,1,1,1,1,265.994342268803,2.1186187227997366,1
CUST13199,19,Male,South_East,103,543,28112.39528177539,6,0,25,5,1,1,0,0,34.728169294547605,2.7545030063102494,1
CUST13200,39,Male,Scotland,114,505,30582.25515777282,97,0,20,3,1,1,1,1,104.57208973735277,9.203742840976041,0
CUST13201,50,Female,Yorkshire,95,765,78001.27928496104,56,0,20,5,1,1,1,0,184.1283829996922,5.258142564717919,1
CUST13202,44,Male,London,108,794,55479.7527082622,3,3,16,4,1,1,0,1,100.18504369487454,2.59269185708214,0
CUST13203,20,Male,South_West,53,657,37930.09751272163,2,0,3,5,1,1,0,0,87.39369008421396,4.12589784063812,0
CUST13204,34,Female,West_Midlands,115,660,38487.03890247185,2,0,4,5,1,0,0,0,67.45855847311687,9.20909405836044,0
CUST13205,18,Female,Wales,12,640,36025.56437366537,3,0,21,2,1,0,1,0,106.68988560766094,1.3834521982277939,0
CUST13206,68,Female,Yorkshire,86,707,41005.91005445967,6,0,21,4,1,0,0,0,184.62986731795462,8.945525849739338,0
CUST13207,57,Male,Yorkshire,99,586,33844.92735054552,5,0,19,5,1,0,0,0,80.65602548272858,0.5574906542690989,0
CUST13208,48,Female,Scotland,61,699,16982.09660001768,12,0,17,4,1,1,0,1,336.26394745045116,4.86831176759371,1
CUST13209,20,Male,Wales,33,694,40500.46154966488,2,0,16,1,1,0,1,0,25.468117600879868,4.448481313608703,1
CUST13210,61,Female,North_West,48,751,53405.73273789805,42,2,9,1,1,1,0,0,49.09305395484691,7.377985815894533,1
CUST13211,28,Male,South_East,112,699,31866.484500789895,2,0,22,1,1,0,1,1,64.09667335522558,1.9217141569662402,0
CUST13212,29,Female,West_Midlands,4,505,18088.700367080175,3,1,8,4,1,1,1,0,81.56636124242115,5.779186813231555,0
CUST13213,69,Male,Wales,93,684,60023.572547791766,4,0,29,5,1,1,0,0,231.25227282408684,1.163164816570604,0
CUST13214,55,Female,West_Midlands,54,707,55058.368508973435,2,0,21,2,1,1,1,0,27.66410624149957,2.1176386238342584,0
CUST13215,68,Female,East_of_England,68,486,58352.61380813853,5,0,16,5,1,0,1,0,316.3682405000003,1.2274859042182216,0
CUST13216,37,Female,East_of_England,19,767,47191.31382250067,5,0,15,4,1,1,0,0,82.16611452252671,6.007960869821826,0
CUST13217,25,Male,Scotland,32,710,43278.96097081132,3,0,22,1,1,0,0,0,115.4024759482571,2.1061048895969163,0
CUST13218,66,Male,London,71,464,43247.73111700294,3,1,20,4,1,1,1,0,134.95573179427424,1.6715240784997265,0
CUST13219,50,Female,Wales,69,517,69136.70080577208,1,0,5,4,1,1,0,1,122.17564811117957,5.734051290333162,1
CUST13220,60,Male,East_Midlands,96,678,33923.85261801817,102,0,19,3,1,1,1,0,106.93402721302365,2.840443746925017,0
CUST13221,25,Male,Yorkshire,34,744,58228.56438639397,0,0,17,1,1,1,0,0,249.7544915999927,3.1137968528904976,0
CUST13222,34,Male,Scotland,110,735,53922.2405156003,82,0,16,3,1,0,1,0,302.8285597664836,11.35840587789372,1
CUST13223,74,Male,North_West,65,669,49676.91488412482,54,5,22,1,1,1,0,0,106.41263917144002,3.6366628364353004,0
CUST13224,43,Female,East_of_England,107,668,49427.46333360502,9,1,13,5,1,1,1,0,78.75205866465043,4.378231858840152,0
CUST13225,40,Male,East_of_England,26,678,48476.3053634496,11,1,24,3,1,1,0,1,302.8459839720365,1.2263322261126521,0
CUST13226,37,Male,South_East,60,754,46168.20189035397,14,0,22,2,1,1,1,1,167.543387896419,6.7563610028521035,0
CUST13227,73,Male,South_West,45,679,34958.736207348906,20,1,4,5,1,1,1,0,218.84086958126093,3.142161425001607,1
CUST13228,31,Male,Yorkshire,100,725,41213.12989896013,0,0,27,5,1,1,1,0,19.38756286427862,3.6884271241099005,0
CUST13229,43,Female,South_West,31,721,24196.647766424485,4,0,24,5,1,1,1,0,135.35428028600296,1.5453123792548815,0
CUST13230,41,Female,Wales,64,487,25196.310200914402,57,0,5,5,1,1,1,0,192.741715822593,7.56313651248397,1
CUST13231,54,Male,Scotland,111,426,43858.65539339906,0,0,5,4,1,1,1,0,119.0486604761899,4.473782193308101,0
CUST13232,28,Male,East_Midlands,114,654,23342.386540698695,0,5,20,2,1,1,1,1,68.97127890279017,4.290463546609301,0
CUST13233,29,Female,London,30,662,21266.688443790372,1,0,8,5,1,1,0,0,144.72449528376652,2.251975029070647,0
CUST13234,61,Male,Yorkshire,72,510,54724.18714427847,38,1,21,4,1,0,1,0,228.96608137964535,2.9279573735480815,0
CUST13235,69,Male,East_Midlands,106,752,35451.670701775176,8,0,23,3,1,1,1,0,18.30711190035242,4.573287650155501,0
CUST13236,51,Male,East_of_England,35,465,27575.711377445175,4,0,18,5,1,0,0,1,164.05289707452283,3.413246361934048,0
CUST13237,42,Female,East_of_England,43,492,22846.387178154015,2,0,17,1,1,1,1,1,144.31059659919595,2.26822141480184,0
CUST13238,69,Male,East_of_England,68,694,61211.32816992967,125,0,20,5,1,1,1,1,83.79644139653746,2.42265387716213,0
CUST13239,45,Male,London,53,536,64423.203093949334,76,0,14,2,1,1,0,0,316.5551197760961,1.640097746485407,1
CUST13240,63,Female,West_Midlands,81,690,40688.5981118536,9,0,3,3,1,1,0,0,129.38027009673695,8.675365076638696,0
CUST13241,20,Female,London,11,666,42269.511435358916,10,0,27,2,1,0,0,0,175.7117056256617,4.7898235941473635,0
CUST13242,43,Male,East_of_England,18,536,33724.24959790865,25,0,17,1,1,1,0,0,155.36523313395142,5.0287065277548155,0
CUST13243,54,Female,Wales,38,506,29129.48698968495,3,2,25,5,1,0,0,0,123.61377468696776,3.7575000266383496,0
CUST13244,66,Female,Scotland,11,721,15630.804495549313,40,0,2,2,1,0,0,1,469.75559209241493,6.491909778931002,0
CUST13245,39,Male,Wales,11,723,24268.08920728111,40,0,9,4,1,0,1,0,81.10461207723512,0.8576378904228744,0
CUST13246,60,Female,West_Midlands,21,756,31381.58295234532,106,0,19,1,1,1,0,0,61.49389501788395,12.237632317696859,1
CUST13247,19,Female,Yorkshire,45,747,73074.41392690408,10,0,13,2,1,1,0,1,88.30393177346845,1.9567231539373693,0
CUST13248,73,Female,East_of_England,41,728,19419.370824444693,6,1,23,5,1,1,0,0,406.9327201122785,1.705071033755342,0
CUST13249,71,Female,South_West,111,664,26389.394348039437,38,0,20,5,1,1,1,0,68.8508620990858,1.3865518165992918,0
CUST13250,48,Male,South_East,32,459,34738.087479562295,64,0,25,1,1,1,1,0,71.01644460340493,1.1243512954778232,0
CUST13251,50,Male,North_West,44,603,22448.70083153359,42,0,24,2,1,0,1,0,156.70068223336116,5.322458611729937,0
CUST13252,71,Male,London,96,491,44372.71793846015,96,0,14,4,1,1,0,0,65.11043102022798,2.251136945625083,0
CUST13253,67,Male,East_of_England,50,679,22104.67686614767,1,0,16,3,1,1,0,0,87.67365518981744,0.5780956921754458,0
CUST13254,67,Female,Yorkshire,92,697,25242.20806004492,4,0,17,1,1,1,1,0,13.256883177161248,4.130688466734805,0
CUST13255,19,Male,London,57,656,45539.098507914976,13,0,14,1,1,1,0,0,73.63597629599751,11.908850076427267,0
CUST13256,32,Female,South_East,119,435,51257.707694168515,3,0,24,4,1,0,1,0,327.3735833875711,3.9943763105390584,1
CUST13257,66,Male,East_Midlands,117,757,38241.12297214191,8,0,9,1,1,0,1,1,155.2514169391877,7.6650105967914195,0
CUST13258,37,Male,East_of_England,99,655,34299.887208257336,54,0,16,4,1,1,1,0,259.60663450496344,1.3401250841352015,0
CUST13259,60,Male,Scotland,80,674,26226.283017580765,1,0,18,2,1,0,1,0,350.9645152013895,0.33023634032003935,0
CUST13260,19,Female,Scotland,115,680,44943.45113029608,1,0,18,2,1,1,1,0,39.308264593359965,4.789181273474699,0
CUST13261,60,Female,South_West,90,595,24893.826675782286,0,0,19,5,1,0,1,0,23.871219998076548,2.695491227056209,0
CUST13262,46,Male,South_West,114,724,22293.133812306292,59,0,19,1,1,1,0,0,216.06392031349674,7.655862242873958,0
CUST13263,57,Female,East_of_England,82,484,47369.679690238096,50,0,15,2,1,1,1,0,49.43574034925045,10.3738601360838,0
CUST13264,22,Female,South_West,119,731,20738.97906017734,20,0,20,1,1,1,1,0,102.00037736664963,5.757778789014231,0
CUST13265,21,Female,Wales,103,712,50193.442002551135,11,0,20,2,1,1,1,0,33.38701575168556,4.137755244485566,0
CUST13266,57,Female,East_Midlands,80,610,42654.589723236124,1,0,6,3,1,0,1,0,74.8560161480624,5.849063666538328,0
CUST13267,41,Female,South_West,71,751,23077.405309215737,30,0,19,1,1,1,0,0,438.4131531414293,9.720198377902467,1
CUST13268,36,Male,South_West,79,644,28235.325613433823,7,2,19,4,1,1,1,0,263.2756854526853,4.550796284538536,0
CUST13269,44,Male,West_Midlands,31,649,25395.237020550852,0,0,17,5,1,0,0,0,167.3545662907254,2.2083098096171585,0
CUST13270,64,Female,London,112,495,36995.84219413982,2,0,21,4,1,1,0,0,49.227900470947986,6.233893228286902,0
CUST13271,73,Female,South_East,36,388,39152.25410542827,10,0,9,1,1,1,1,0,205.52831968142124,2.6711231157253708,0
CUST13272,63,Female,East_Midlands,54,613,23419.8855816276,0,0,21,2,1,1,1,1,70.30580462500969,0.6307161278783597,0
CUST13273,27,Female,South_West,118,773,21393.17036232032,3,0,18,1,1,0,0,0,212.19974793711276,8.531652930349384,0
CUST13274,23,Female,North_West,11,727,27413.050620369602,37,2,4,3,1,1,0,0,351.4897843127098,1.7908685167150842,0
CUST13275,44,Male,South_West,50,602,37833.28858717542,3,0,28,1,1,1,1,0,135.99591890544468,5.7989918175256685,0
CUST13276,58,Male,London,95,656,22355.288668658817,49,0,14,2,1,0,1,0,150.39247325412444,12.56234009046315,0
CUST13277,19,Female,South_East,100,448,37150.98023039983,4,3,5,1,1,1,1,0,278.9858966327177,4.245887113933516,0
CUST13278,38,Female,London,25,709,26726.101813752495,12,0,1,3,1,0,0,1,187.2375445669978,10.401609455591101,0
CUST13279,42,Female,North_West,57,640,59881.405988892155,54,0,19,5,1,0,1,1,62.43494180155314,8.016805176796892,1
CUST13280,43,Female,South_East,118,538,36686.59371248264,67,0,7,2,1,0,0,0,57.22828919217493,2.1097250550232802,1
CUST13281,49,Male,North_West,97,696,36358.477738120615,1,0,11,2,1,1,1,0,122.19169617189762,9.110089890968245,0
CUST13282,24,Male,Scotland,108,740,39135.20243399429,8,0,16,4,1,1,1,0,90.88044203281194,1.9915188815654723,0
CUST13283,30,Female,Yorkshire,26,667,41823.871711237705,1,0,27,2,1,1,1,0,195.27770855514805,6.724306302537924,0
CUST13284,18,Male,Scotland,99,785,30636.753590720808,39,0,11,1,1,1,0,0,87.58335336527,5.424152260314524,0
CUST13285,21,Female,South_East,59,467,35642.78977138621,3,1,29,2,1,1,0,0,251.01029281040445,1.8717578479584294,1
CUST13286,63,Male,West_Midlands,92,802,33194.715447183764,4,0,18,4,1,0,1,0,53.59435208424509,1.0822620281451225,0
CUST13287,37,Male,South_West,19,703,63397.95815411206,5,0,19,1,1,1,1,0,61.31730786957195,1.9283030999122233,0
CUST13288,19,Female,South_West,15,760,24749.87719438596,0,1,4,5,1,1,1,1,46.80159469368631,1.2691779046754528,0
CUST13289,36,Female,South_East,17,728,87628.54568860748,11,1,18,2,1,1,0,1,295.51341020108697,5.961509906849864,0
CUST13290,53,Male,East_of_England,61,622,64678.741115411576,0,0,15,1,1,1,0,0,138.57579090592176,7.04224783993512,1
CUST13291,69,Female,East_Midlands,115,677,28066.039071783583,10,0,26,4,1,1,1,1,141.59446881122514,17.50924681311548,0
CUST13292,31,Female,East_of_England,118,649,82999.98349936379,19,1,18,4,1,1,1,0,166.63027479473726,11.51263713699118,0
CUST13293,43,Male,South_East,88,716,24302.962978155145,1,0,8,2,1,1,0,1,21.099041530139242,6.794453272254756,0
CUST13294,20,Female,East_of_England,9,743,99507.21374933362,1,3,22,5,1,1,0,1,105.54366168567782,0.9316506135178446,0
CUST13295,52,Male,West_Midlands,22,781,25487.026617682313,285,0,32,4,1,0,1,0,91.79844255234649,1.8685843306069132,0
CUST13296,38,Female,North_West,13,684,23991.321680315905,3,0,5,2,1,1,0,1,50.53960533591611,1.2236504527167926,0
CUST13297,61,Female,South_East,79,600,47648.34691639647,1,3,20,5,1,0,0,1,155.292150917776,5.44551451883925,0
CUST13298,39,Male,West_Midlands,39,700,69191.7779417168,0,0,7,3,1,1,0,0,229.12887892165332,7.386644868599533,0
CUST13299,27,Female,West_Midlands,106,527,29521.752143300604,9,0,18,4,1,1,1,1,54.33591112921549,2.324221886069351,0
CUST13300,32,Male,East_of_England,110,767,31467.957057489388,67,0,20,4,1,1,1,0,132.345746558671,5.999103023842331,0
CUST13301,59,Female,London,13,688,58585.86457931282,0,0,16,4,1,0,1,1,109.9743806621544,4.759985273015096,0
CUST13302,63,Male,North_West,90,492,28710.380125053613,7,2,19,2,1,0,1,0,349.57946218709327,2.8852852258576482,0
CUST13303,35,Female,Wales,105,677,50810.067699512896,1,5,19,2,1,0,1,1,405.36394419322244,2.6077588450292977,1
CUST13304,41,Male,East_Midlands,20,386,81893.54385285344,65,0,16,5,1,1,1,0,22.277700572130737,1.2028035668510253,0
CUST13305,32,Male,East_Midlands,110,683,76317.76473827197,58,0,14,1,1,0,1,1,71.60960591994804,3.4170757919280614,1
CUST13306,32,Male,North_West,60,636,27351.143573977,67,0,21,1,1,0,0,1,250.93733879878738,6.992025327180943,1
CUST13307,56,Male,North_West,51,708,52671.29119793385,4,0,17,3,1,0,1,1,67.1302815725433,4.682351017433225,0
CUST13308,38,Female,South_West,66,746,25890.7281392123,4,0,24,3,1,1,1,0,67.17331197966784,10.539316538729842,0
CUST13309,67,Female,West_Midlands,90,477,22865.818587999962,16,0,17,5,1,1,1,0,308.83141005660815,1.7023028887067255,1
CUST13310,21,Female,Scotland,1,724,70768.1022899996,0,1,21,4,1,1,1,1,93.11366649512871,4.193113641539716,0
CUST13311,20,Female,London,84,679,33284.711561222975,1,0,18,3,1,0,0,1,110.22166308415125,4.082922926098548,0
CUST13312,25,Female,North_West,48,739,51410.374114587146,7,0,15,3,1,1,0,1,219.10882132495578,2.2898545155802634,0
CUST13313,54,Female,South_West,99,791,30377.728872620435,8,0,21,4,1,1,1,0,432.2083176067882,5.953583181894372,0
CUST13314,34,Female,West_Midlands,97,709,28762.53968556482,0,0,18,5,1,0,1,0,29.173804414203413,14.35819352982222,0
CUST13315,70,Male,Yorkshire,42,795,44776.639128090304,41,2,18,2,1,0,1,0,461.1650339715194,6.279298582181237,0
CUST13316,57,Female,East_Midlands,113,660,41001.73999501845,1,0,3,2,1,1,1,0,39.04826812294725,1.3802299552442,0
CUST13317,54,Female,Yorkshire,111,723,33507.60952966913,3,0,18,1,1,0,0,1,11.524632005119877,6.192428862090953,0
CUST13318,29,Female,South_West,73,765,36941.89909076336,6,1,21,1,1,1,0,0,76.15817928623186,1.607597160134914,0
CUST13319,61,Female,East_of_England,66,693,36695.65597160286,64,0,24,2,1,0,1,0,331.4661547026473,2.673458471154149,1
CUST13320,55,Male,South_East,62,667,46532.427182421525,30,0,7,3,1,1,1,1,50.4055236504523,0.31539090247783885,0
CUST13321,30,Female,South_West,7,679,25935.745536276663,2,0,21,2,1,1,1,0,40.42134000711274,2.0399136953527934,0
CUST13322,46,Male,Yorkshire,16,716,42198.5601495827,113,0,16,2,1,0,1,0,567.8271661292865,6.113910345172683,1
CUST13323,55,Female,Wales,77,663,57656.48733858915,33,0,19,3,1,1,1,0,111.33977672993501,4.239108864300572,1
CUST13324,36,Female,North_West,23,730,20494.478154678298,84,0,2,3,1,1,0,1,104.29773787874967,9.393992747729612,0
CUST13325,28,Male,Yorkshire,102,728,32983.24182544259,0,0,4,3,1,1,1,0,58.787330032368274,9.695265902589616,0
CUST13326,73,Female,London,7,755,19053.20494316797,35,0,17,1,1,0,1,0,343.2238377923355,1.4598784703190903,0
CUST13327,35,Male,London,76,569,37677.656914125284,1,0,20,5,1,1,1,0,166.1292823544855,0.9845698247579833,1
CUST13328,33,Female,East_Midlands,118,695,62490.13673114538,1,1,7,2,1,1,0,0,301.39083596424075,2.1399627820357088,0
CUST13329,31,Female,East_of_England,112,719,53059.29274842718,9,3,24,2,1,1,0,0,34.09769120974507,4.770055623538016,0
CUST13330,61,Female,South_West,86,712,29199.6235665602,4,0,20,4,1,1,0,0,55.695046332763184,2.3317206387344465,0
CUST13331,50,Female,South_East,102,691,22459.451635934674,0,0,19,2,1,0,0,1,455.2841964848785,5.70440715811924,1
CUST13332,67,Female,Wales,43,430,20866.15268669639,1,0,16,1,1,1,0,0,84.81551523386698,10.533481081225993,0
CUST13333,61,Male,South_East,69,465,35858.98165786551,3,0,26,3,1,1,0,1,99.59608893394265,4.79204344267422,0
CUST13334,66,Female,London,80,539,36868.73838743782,2,0,19,2,1,1,0,1,101.26640816351998,5.924640170104958,0
CUST13335,47,Male,West_Midlands,53,566,40586.238744247545,3,0,24,2,1,1,1,0,123.8850262024586,4.204931728253178,0
CUST13336,51,Female,Wales,55,770,61644.95696517422,93,0,27,4,1,1,1,1,274.9311249275992,17.618761331176174,0
CUST13337,48,Male,London,48,742,43093.719111440805,66,1,15,4,1,1,1,1,197.740848386065,19.98398640973551,1
CUST13338,50,Female,North_West,33,710,39503.96151109292,52,0,24,2,1,0,1,0,42.311262779587416,1.5252245604703154,0
CUST13339,51,Female,East_Midlands,70,683,19076.610276385018,4,3,23,3,1,0,0,0,106.2264769757645,7.079589299764395,0
CUST13340,48,Male,Yorkshire,71,402,42970.795454826206,118,3,21,5,1,1,1,1,72.93270746805412,4.241497741550087,1
CUST13341,71,Male,London,81,668,44975.392617569065,49,0,19,5,1,0,1,0,126.01329264465984,0.37293124607394396,1
CUST13342,61,Female,London,100,692,36433.46789847648,4,0,24,3,1,1,1,1,107.61237088070698,5.530918513936105,0
CUST13343,69,Female,Yorkshire,43,669,25086.733298361265,2,0,16,2,1,1,1,1,286.08260947558693,4.030607766563831,0
CUST13344,50,Male,London,45,661,46510.34842810612,69,0,22,4,1,1,1,1,271.72915254698813,0.24926409362044732,1
CUST13345,58,Female,Yorkshire,35,695,30154.531963511225,9,0,4,2,1,0,1,0,151.33671299954173,3.4425971084658116,0
CUST13346,53,Female,South_East,42,625,50518.003608789935,6,0,22,1,1,1,1,0,584.3553494605176,25.28733213003065,0
CUST13347,68,Female,Wales,4,655,34598.60001557845,0,0,3,2,1,1,1,0,112.52945370328533,5.101730601683327,0
CUST13348,41,Male,London,17,789,46533.108798164314,0,0,21,5,1,1,1,0,60.37031181039252,4.076564580393968,0
CUST13349,61,Male,Wales,16,710,85834.68798312877,4,0,6,2,1,1,1,0,281.3610034432947,2.4952111493940126,0
CUST13350,21,Male,Yorkshire,33,471,20706.54707111429,5,0,15,2,1,1,0,0,245.0303019998,4.696468117621782,1
CUST13351,28,Female,Scotland,118,506,45654.839757877184,1,0,20,5,1,0,1,1,84.3157034325343,10.263488663092776,0
CUST13352,45,Female,East_Midlands,62,648,58386.34378508185,4,0,7,2,1,1,1,0,48.605197336530296,6.720657282726633,0
CUST13353,58,Male,North_West,49,682,25415.646301531913,5,2,5,1,1,1,0,0,153.42256448717407,3.2631286611083437,0
CUST13354,37,Male,North_West,78,485,46418.561185368235,0,0,19,3,1,1,0,0,317.26283033050595,6.150790339861157,1
CUST13355,59,Female,South_West,48,694,32387.660137901534,3,0,19,5,1,0,0,0,99.3466272931663,7.675767812080013,0
CUST13356,42,Female,East_of_England,76,448,41701.928535922765,7,1,17,4,1,1,0,0,59.14266753677867,3.078893674601143,0
CUST13357,51,Male,Yorkshire,30,770,71756.74062715424,66,3,23,2,1,1,0,0,255.80896673581273,10.202445729363125,1
CUST13358,54,Female,East_of_England,68,627,50509.02560024369,3,0,17,1,1,1,0,0,107.91872943379458,5.653833383374833,0
CUST13359,42,Female,South_West,16,483,25747.581985409313,45,0,20,4,1,0,1,0,93.57126558294915,4.371531576303629,1
CUST13360,53,Female,West_Midlands,79,689,34759.414285995015,0,2,19,1,1,0,1,1,75.59242904813337,10.742778774011308,0
CUST13361,18,Female,Yorkshire,11,732,36653.795492218596,5,0,15,3,1,0,0,0,190.5956910871078,9.90806519733171,0
CUST13362,30,Female,Scotland,69,657,31949.24788556196,3,0,2,4,1,1,0,1,104.83363947508468,10.110102382597677,0
CUST13363,71,Female,South_West,60,786,52113.855945033385,9,0,20,2,1,1,0,0,121.0599415327349,5.282085762627325,0
CUST13364,37,Male,South_East,91,637,38796.4498369763,1,0,16,3,1,1,0,0,104.28332206857286,7.77753722171674,0
CUST13365,51,Male,South_East,86,691,35335.377345286004,6,0,26,1,1,1,1,1,292.91039886863666,10.945136473031951,0
CUST13366,32,Female,West_Midlands,91,457,27807.25176150828,1,0,6,2,1,1,0,0,148.66284049842415,0.5699286078462473,0
CUST13367,26,Female,South_East,97,775,77506.41740499526,4,0,21,5,1,1,1,0,207.43119993423934,11.89773623662118,0
CUST13368,21,Male,South_East,109,699,26028.28655559667,2,0,17,1,1,1,1,0,293.84814978993825,1.358905973852646,0
CUST13369,23,Female,East_Midlands,111,738,35344.56942546825,3,0,21,5,1,1,1,0,193.2167526516667,13.675445093050447,0
CUST13370,28,Female,North_West,92,596,19937.8012974944,4,0,12,1,1,1,0,0,87.89204227322823,10.63849633316619,0
CUST13371,64,Female,Scotland,26,520,66591.27769536813,6,0,21,5,1,0,1,0,92.98657020121382,1.7616930030484592,0
CUST13372,27,Male,Scotland,50,619,33076.69453566364,33,0,8,5,1,1,0,0,421.3881880788117,4.475645412057505,1
CUST13373,73,Female,West_Midlands,73,669,50673.932480190575,51,0,21,2,1,0,0,0,150.60030025653117,3.044950692680975,0
CUST13374,52,Male,West_Midlands,55,692,46416.952373799795,2,0,24,4,1,0,0,0,31.96515050172033,5.345051982651534,0
CUST13375,55,Male,South_East,3,701,40307.10021091166,161,0,20,3,1,1,1,0,250.76678571018647,3.1627452744613107,1
CUST13376,40,Female,East_Midlands,47,632,33240.879811320825,3,0,13,3,1,1,1,0,174.2681810799741,2.4349431293334107,0
CUST13377,50,Female,East_Midlands,31,475,57755.458370022425,16,4,6,5,1,1,1,1,104.0638321737762,10.691372023247947,0
CUST13378,37,Female,South_East,110,732,47107.6262758771,41,0,18,2,1,1,0,0,50.58027753364541,1.3631197000605817,0
CUST13379,37,Male,Scotland,16,760,53625.13014217044,3,1,29,2,1,1,1,0,143.86586448374857,0.9098620564999558,0
CUST13380,67,Male,East_Midlands,5,725,24877.07750940908,11,0,16,4,1,1,0,1,38.25409500206703,5.461578588503756,0
CUST13381,34,Female,North_West,30,678,22902.10380736663,109,0,6,4,1,0,1,0,228.59234060725353,2.4010034104793325,0
CUST13382,39,Female,North_West,111,771,17633.616872337116,0,0,19,4,1,1,1,0,126.61274820763474,7.328810031615784,0
CUST13383,23,Male,South_East,103,774,35513.13824279251,2,0,33,4,1,1,0,0,177.2960073668718,12.17361380881014,0
CUST13384,60,Female,North_West,2,688,83991.7158267776,3,1,18,4,1,1,0,0,154.218621390807,2.066577531955775,1
CUST13385,33,Male,Wales,113,516,57178.10541339339,0,1,26,3,1,0,0,0,156.5521075272856,0.8111529433714719,0
CUST13386,25,Male,North_West,94,439,45588.8123797687,7,0,16,2,1,0,0,0,234.31001469722293,9.516554946327606,0
CUST13387,26,Male,West_Midlands,42,742,36854.611979127396,42,0,19,5,1,0,0,1,65.58200119734788,0.3736868694558482,1
CUST13388,51,Female,East_Midlands,101,696,26816.415307375442,64,0,4,5,1,1,1,0,27.216777992950547,2.3708435683006233,1
CUST13389,36,Female,Scotland,29,492,46774.5538144924,12,0,8,5,1,0,1,0,106.89390861094788,3.1508397516325926,1
CUST13390,39,Male,North_West,49,630,41618.22688307029,5,0,21,1,1,1,1,0,291.42768083124554,6.09899694999921,0
CUST13391,38,Female,South_West,90,692,50943.229700066535,1,0,6,3,1,0,1,1,134.4476436639081,11.695269181684335,0
CUST13392,28,Male,North_West,16,669,19692.127339583552,8,0,25,4,1,1,1,0,260.20285994101994,2.2332494988023495,0
CUST13393,73,Male,East_of_England,115,687,18093.712075301442,82,0,17,4,1,1,1,0,58.4296398265617,3.155182195382555,1
CUST13394,49,Female,Yorkshire,9,714,25426.5148713041,3,0,24,4,1,1,0,0,65.01334012128004,9.050280784211548,0
CUST13395,45,Male,East_of_England,37,728,31074.162700249515,8,0,23,1,1,1,1,0,156.2941018041861,5.51184359321052,0
CUST13396,37,Male,South_West,16,734,27146.971047424213,9,2,22,1,1,1,1,0,58.93463962894428,1.8605509594806486,0
CUST13397,24,Female,East_of_England,50,734,26977.456136480214,8,0,25,2,1,1,0,0,102.56932219237312,4.669806520311574,0
CUST13398,72,Female,South_East,28,730,61270.73489668107,3,0,17,3,1,1,0,0,358.4900703587769,1.0707806256025456,0
CUST13399,45,Male,West_Midlands,43,451,36986.75630471415,5,0,13,2,1,1,0,0,30.421014813662797,5.363877128417172,0
CUST13400,31,Female,East_Midlands,74,721,50535.83930770213,3,0,6,4,1,1,0,0,238.3237432821348,3.421216750203465,0
CUST13401,71,Female,South_West,63,552,34279.0403074588,3,0,24,2,1,1,1,0,241.1522414141155,4.935149771990682,1
CUST13402,62,Male,London,10,739,38990.95336848675,0,0,1,4,1,1,0,0,75.03874835747129,8.311604392385401,0
CUST13403,23,Male,Scotland,7,652,63364.86012141352,0,0,19,1,1,1,1,0,195.27636905639852,1.0500515393533671,0
CUST13404,69,Female,South_West,37,701,57872.45358189761,2,4,17,2,1,0,0,1,92.38698695900341,4.916081208885253,1
CUST13405,58,Female,East_of_England,57,743,31510.857137052408,89,0,6,5,1,1,1,1,105.35773537824846,1.0923213932109703,0
CUST13406,23,Female,London,75,680,59299.07215989585,0,0,17,4,1,0,0,0,89.76518018202076,3.469751606252718,0
CUST13407,43,Female,Scotland,94,440,28726.903045574603,31,2,25,5,1,0,1,1,60.20042386315138,1.326956224828769,0
CUST13408,46,Male,East_Midlands,26,711,32144.637467155,34,0,3,5,1,1,1,0,35.678562822283595,6.202873316212351,1
CUST13409,50,Female,East_Midlands,28,544,44864.4330142823,0,0,17,5,1,1,1,0,87.53712192869817,7.216863636514193,0
CUST13410,47,Male,South_West,66,714,24009.389076430132,3,3,13,4,1,1,0,1,60.6439221523063,2.6108749528877366,0
CUST13411,66,Male,North_West,18,785,30682.42157553326,9,0,21,2,1,1,0,1,367.6940560848043,3.2363117471540215,1
CUST13412,29,Male,East_of_England,23,636,24202.374995508442,51,0,20,3,1,1,0,0,13.687552458995949,4.027181562583914,0
CUST13413,40,Male,Wales,40,552,29443.720933343604,95,6,19,5,1,1,0,1,232.93148989483268,3.321617901337687,1
CUST13414,66,Male,East_Midlands,44,400,30488.219682437208,17,0,6,5,1,1,0,0,54.84096260345507,3.6785330109475884,1
CUST13415,50,Female,Wales,112,604,36251.88225590584,10,0,21,1,1,1,0,1,151.08045435720555,4.629084618350231,1
CUST13416,58,Male,Scotland,22,607,41199.98310127514,9,0,27,1,1,1,1,0,291.41626664775646,4.02625178778091,0
CUST13417,44,Female,Scotland,65,720,18833.557177013892,7,0,16,1,1,0,0,0,145.56600839548173,8.749246867559446,1
CUST13418,29,Male,Wales,39,711,56018.158870017774,2,0,25,1,1,1,0,0,69.63817720661557,3.374147928554066,0
CUST13419,24,Female,Wales,95,685,34788.89144843589,110,0,23,2,1,0,1,0,39.115421999608195,5.333515675998983,0
CUST13420,29,Male,North_West,28,708,59417.21459777719,1,0,27,4,1,1,1,1,158.04595491247665,4.204709535005441,0
CUST13421,21,Male,East_of_England,16,684,15178.426838334246,53,0,27,4,1,1,1,1,91.93253592443433,2.9690174515072765,0
CUST13422,41,Female,Yorkshire,111,721,44609.595609994685,65,0,19,5,1,1,0,1,240.75060615073102,5.737624448838522,1
CUST13423,22,Female,Scotland,45,671,34662.60646977499,1,0,7,4,1,1,1,0,35.080732201039154,2.7255150958064522,1
CUST13424,31,Male,West_Midlands,90,663,37739.56745636308,0,0,22,2,1,1,1,0,24.88519181567242,1.6923624873417826,0
CUST13425,57,Female,South_East,94,734,23056.00359099324,4,0,21,5,1,1,1,0,193.70265748018852,7.661268906202357,0
CUST13426,74,Male,South_West,87,529,30938.406038661444,9,0,24,5,1,1,1,0,222.57994351253973,16.669276991369017,0
CUST13427,32,Male,South_West,25,710,28746.036160746124,35,0,23,4,1,1,1,0,225.19130383271136,3.822212971073707,0
CUST13428,42,Male,North_West,9,762,31971.970967021174,93,0,10,1,1,1,0,0,237.29886460721715,10.954433022453667,0
CUST13429,33,Male,East_Midlands,53,657,38780.68631310153,31,0,8,2,1,0,0,1,151.07641046128376,8.725660614513602,1
CUST13430,46,Male,Wales,106,667,46715.948216482604,6,0,23,1,1,1,0,0,74.61124780110072,4.52241560818401,0
CUST13431,73,Male,North_West,113,560,76311.34733742672,41,0,20,4,1,1,1,0,96.99654434277527,4.642070849866499,1
CUST13432,35,Male,London,13,530,31896.399162728303,7,0,18,1,1,1,1,0,319.319444257293,6.386122923214625,0
CUST13433,67,Male,North_West,48,636,67896.8572658114,4,1,15,5,1,1,1,0,94.6365005850439,2.7658036765631238,0
CUST13434,69,Female,South_East,35,478,55219.29984484809,39,0,24,5,1,1,1,0,76.67809096888146,6.081729666441884,1
CUST13435,19,Female,London,106,502,34735.85478132675,10,0,5,4,1,0,0,0,164.31561640239758,1.8967942200757486,0
CUST13436,47,Male,Scotland,78,742,21215.797563258035,4,2,24,1,1,1,0,0,322.9170932672182,1.5336821297622767,0
CUST13437,58,Male,London,48,487,44672.838172139265,11,0,3,4,1,1,1,0,122.50023049453965,9.09010484677879,0
CUST13438,21,Female,North_West,111,757,23344.405721591807,96,0,2,1,1,1,0,0,38.861185236607675,4.51724969917051,0
CUST13439,25,Female,Wales,57,491,55146.77715076758,9,0,19,5,1,1,0,0,89.26721265362981,7.990178056170617,1
CUST13440,20,Male,Yorkshire,94,483,41041.527936918246,5,0,22,3,1,1,0,0,123.1627988282844,2.6819010688153515,1
CUST13441,19,Male,North_West,39,697,33001.711597235786,5,0,20,2,1,1,0,0,86.49590676958574,5.4741707494555,0
CUST13442,69,Male,London,39,744,35045.028830038624,6,0,26,5,1,1,0,0,387.9902351122557,1.298164582262814,0
CUST13443,31,Male,East_Midlands,101,757,32267.701185192916,1,0,19,3,1,1,0,0,450.847675396651,8.238550007603306,0
CUST13444,33,Male,Scotland,115,491,30859.781421273605,16,0,19,1,1,0,0,0,68.3075494220988,1.4584124275854038,0
CUST13445,62,Female,East_of_England,106,696,20778.251183488825,9,3,16,3,1,1,0,1,78.8832171442238,5.507971460799529,0
CUST13446,61,Female,London,98,536,53955.90245754461,14,3,14,3,1,1,1,0,161.23858172621337,10.092962464172528,1
CUST13447,31,Female,South_West,7,457,22937.111219996816,4,0,6,2,1,1,0,1,54.72875469505993,1.5174622411989882,1
CUST13448,62,Male,South_East,106,735,17866.044329563432,119,0,17,5,1,1,0,1,189.14706858262227,4.675112050975119,1
CUST13449,24,Male,East_Midlands,81,656,26559.269622848922,30,0,25,3,1,0,0,0,194.14132897029322,9.140264355921454,1
CUST13450,56,Female,South_East,85,729,107058.77349744689,30,0,17,5,1,1,1,0,168.29302896199195,6.225325176944253,0
CUST13451,45,Female,South_West,7,679,48122.37589716364,102,0,20,1,1,1,0,0,91.84293003165786,5.064028336178258,0
CUST13452,19,Female,West_Midlands,63,761,52896.479212212435,4,3,22,3,1,1,0,1,252.31245091237048,3.3592268348122194,0
CUST13453,22,Female,East_Midlands,57,644,16004.750318868366,2,0,31,4,1,1,1,0,26.05946797315102,0.7462172281011654,1
CUST13454,60,Female,London,67,759,30710.831806595892,4,4,11,1,1,0,0,1,55.17068196812556,1.6930594620703827,1
CUST13455,60,Female,London,74,776,53988.23573374959,48,0,18,1,1,0,0,1,149.6101038610886,7.993409759651925,0
CUST13456,74,Male,East_of_England,29,761,43165.673149981,48,0,28,2,1,1,0,0,66.99811333872597,1.0127275627929455,0
CUST13457,66,Male,Scotland,115,468,88701.36889487691,5,0,19,5,1,0,1,0,98.17390463502778,8.199344394518773,0
CUST13458,22,Male,South_West,6,603,44363.84403152687,68,0,15,3,1,1,0,0,302.88383490187385,2.5072781285839003,0
CUST13459,27,Male,Wales,61,495,25532.371417028862,4,0,23,5,1,1,1,1,170.56359668402328,2.5814121625829496,0
CUST13460,32,Male,East_of_England,81,739,15000.0,0,0,18,4,1,0,1,0,152.97142300554597,5.47361192561271,0
CUST13461,52,Female,East_of_England,98,797,33457.15142113185,0,0,27,3,1,1,1,1,50.7395473671785,2.4522365732928693,0
CUST13462,45,Male,Yorkshire,99,729,31317.093319058295,57,1,16,5,1,1,0,1,169.61055860615016,20.487388269868614,0
CUST13463,31,Male,South_East,55,515,50912.35074676479,4,0,5,2,1,1,1,1,111.73756722447298,2.1032880600927766,0
CUST13464,38,Female,North_West,31,692,29773.129599238615,7,0,23,5,1,1,0,0,497.111158905156,3.436134003400312,0
CUST13465,46,Female,South_West,48,790,21368.05952081243,130,0,14,4,1,0,0,1,162.84589547237175,4.291791473141665,0
CUST13466,72,Female,East_of_England,60,771,21736.715873355155,140,0,19,2,1,1,0,0,90.0112116397828,5.477826217197465,1
CUST13467,26,Female,South_West,44,768,78025.83706761448,0,2,22,5,1,1,1,1,469.59876633520554,3.253778641146528,0
CUST13468,42,Male,West_Midlands,92,400,42774.8374966457,1,0,19,2,1,1,0,0,163.1971563393788,1.9169092241372123,0
CUST13469,60,Male,Wales,70,700,15000.0,0,0,29,4,1,1,1,0,119.40077498459279,4.30012055120922,0
CUST13470,21,Female,South_East,13,678,24041.744271256823,1,0,27,4,1,0,1,0,102.87228232097226,2.6850236081133776,1
CUST13471,20,Male,London,44,562,75415.62379940704,1,0,24,5,1,1,1,0,228.21464941069814,12.487539573968995,1
CUST13472,22,Male,North_West,3,733,61452.92905258383,32,0,4,3,1,0,1,0,222.06183421568767,3.2191897367739477,0
CUST13473,54,Male,West_Midlands,109,691,20640.886024547057,100,0,25,4,1,0,0,0,38.366878990724544,12.51209218724535,1
CUST13474,26,Female,South_East,14,592,34906.94744606361,48,0,18,3,1,1,0,0,138.419908317476,7.99424885582669,0
CUST13475,52,Male,South_East,62,415,53923.534320026425,11,1,33,1,1,1,1,0,194.66510904869284,3.145478029975586,1
CUST13476,23,Female,South_East,73,697,28190.325676974135,5,3,2,2,1,1,0,1,57.97823524312513,8.56491005750511,0
CUST13477,41,Male,West_Midlands,94,523,77033.05162764326,103,0,1,1,1,1,0,0,75.71511542383023,1.0655876933181727,1
CUST13478,62,Male,North_West,72,702,35403.41356778293,119,0,22,3,1,0,0,0,377.72404764168493,2.692556392095043,0
CUST13479,68,Male,East_of_England,4,770,35153.06064042068,7,0,23,4,1,1,1,0,113.63751861560301,2.777559169307846,0
CUST13480,33,Male,South_East,49,643,40149.84575627023,0,1,23,2,1,0,0,1,218.3180422336973,0.4376525989765296,0
CUST13481,51,Female,South_East,62,500,44911.6364155883,67,0,21,2,1,1,0,0,391.0728405260674,9.09934853841272,1
CUST13482,24,Female,East_of_England,102,618,38297.23768799048,15,0,11,3,1,1,1,0,75.41356984793691,3.271611063996158,0
CUST13483,66,Male,London,2,749,20607.842224268654,38,0,20,3,1,1,1,0,46.46549651561093,20.583291015059263,0
CUST13484,67,Female,London,75,600,43998.873594804485,3,0,19,5,1,1,1,1,211.2054167041774,11.138978282173735,0
CUST13485,36,Male,West_Midlands,117,487,32237.414073774202,1,0,21,1,1,1,0,1,38.91509553594171,3.147562134170205,1
CUST13486,61,Female,Scotland,70,623,53444.29147183332,42,0,4,5,1,1,1,0,137.87187569257517,3.94241673017901,1
CUST13487,53,Female,Yorkshire,88,525,49653.15027174906,5,0,20,4,1,0,1,0,315.5905610685801,9.487865881078235,1
CUST13488,27,Male,Yorkshire,98,538,49085.73113357352,2,3,21,2,1,1,1,0,18.032071518908765,3.642976165714231,0
CUST13489,59,Male,Scotland,49,612,51569.40507706805,0,2,26,5,1,1,1,0,49.48248550466817,1.9386455098700015,0
CUST13490,51,Female,East_of_England,13,655,68869.83409545799,3,0,22,4,1,1,1,0,46.943013266206826,4.259612762704669,0
CUST13491,44,Female,East_of_England,87,751,41809.530015282086,0,0,17,4,1,1,1,0,292.9584294925975,3.7409185412828396,0
CUST13492,32,Female,South_East,5,755,28288.391436468242,4,0,26,4,1,0,1,0,244.94988958689171,4.388864762754338,0
CUST13493,25,Male,South_East,91,698,24640.524500713567,3,0,20,3,1,1,1,0,125.12490796414134,6.907057797480163,0
CUST13494,31,Female,Wales,91,746,31891.867488272055,3,0,29,5,1,1,1,0,319.90519545338736,2.507032914476206,0
CUST13495,59,Male,North_West,17,537,95602.68079760304,4,0,26,1,1,0,0,0,77.92835959413686,3.9146301236168233,0
CUST13496,52,Male,North_West,43,665,45611.83790993613,171,5,14,4,1,0,1,0,82.89921824015622,1.389917623894271,1
CUST13497,72,Male,Wales,26,709,60674.02069620632,3,0,26,2,1,1,0,1,54.22880863034191,2.4340219255874422,0
CUST13498,36,Male,London,72,676,53289.203645236994,39,1,7,2,1,0,1,1,4.342510197022273,2.0128176596723444,1
CUST13499,54,Female,Scotland,15,554,55083.90797164575,4,0,21,5,1,1,1,0,77.29090159458335,2.0058643137913124,1
CUST13500,50,Male,Scotland,65,782,35412.27365557307,4,0,22,1,1,0,0,0,166.58561413044,3.4495896337990932,0
CUST13501,40,Male,South_West,28,522,42302.0765850169,67,0,13,4,1,0,1,1,43.9065549433019,4.918798257267524,0
CUST13502,46,Male,North_West,84,650,29769.85980498575,42,0,21,1,1,1,1,0,86.23316657104273,2.0667189164232265,0
CUST13503,60,Male,London,88,661,48714.91302342669,72,1,9,1,1,1,1,0,198.90438177369427,1.6932445182225695,1
CUST13504,58,Male,Yorkshire,72,693,52593.72514267311,2,0,23,5,1,1,1,0,235.58669486899305,6.853663236813921,0
CUST13505,58,Male,Wales,50,640,31426.6820538971,6,0,2,2,1,1,1,1,56.38003713044683,5.688779992159554,0
CUST13506,37,Male,Wales,20,696,35447.67978670272,1,3,19,4,1,1,0,0,174.0495387322233,2.796337454657279,1
CUST13507,70,Male,South_West,12,702,32738.63153913866,0,1,16,1,1,1,1,1,142.5076029790681,2.04385850566006,1
CUST13508,31,Male,Yorkshire,106,620,21490.354955112412,11,0,22,1,1,0,1,0,52.60462157049037,1.8088920457118098,0
CUST13509,48,Male,West_Midlands,105,720,57501.80558031849,5,0,7,2,1,1,1,0,51.786976015143594,4.103250847651079,0
CUST13510,35,Male,West_Midlands,52,661,53549.34994858489,101,0,21,4,1,1,1,0,61.45089964760633,5.158628300542983,0
CUST13511,38,Female,East_of_England,55,674,33299.6033107096,1,4,19,3,1,1,0,0,175.1517930547251,4.87631454063745,1
CUST13512,29,Female,East_of_England,96,697,52335.258404736545,74,0,22,2,1,1,0,0,37.978618528940515,8.600002193227645,0
CUST13513,21,Female,Wales,18,738,48402.538230701204,2,0,22,4,1,1,0,0,203.63065973244446,5.498952725099456,0
CUST13514,58,Female,West_Midlands,58,801,23534.972414379452,5,0,24,1,1,1,1,0,152.07055435666672,5.818464445061416,0
CUST13515,70,Male,West_Midlands,74,762,15000.0,68,2,20,5,1,1,1,0,180.12201784484316,1.1502987634189008,0
CUST13516,44,Male,South_East,91,719,58602.348284071086,6,0,17,3,1,1,1,0,123.66809124808792,8.311225854710674,0
CUST13517,64,Male,Wales,78,607,17960.795122553354,5,5,24,1,1,1,0,0,191.71943728638314,2.535731079203116,0
CUST13518,54,Male,London,103,720,37918.84103988997,1,0,14,4,1,1,0,1,251.37692548896322,10.226233092690629,0
CUST13519,21,Female,London,73,668,30103.81930099422,1,1,20,1,1,1,0,1,88.77727548616637,2.4004193210554066,0
CUST13520,19,Male,Yorkshire,53,463,22320.579487889485,4,0,13,3,1,1,0,0,137.88298912264938,5.797153956091865,0
CUST13521,67,Male,North_West,41,675,42819.03632084679,36,0,22,2,1,1,1,0,100.6703150649779,1.467230445669987,0
CUST13522,57,Female,Scotland,26,639,28613.562349352513,21,3,25,1,1,1,0,0,227.4455648343112,0.3960784005897203,1
CUST13523,48,Female,Yorkshire,90,740,40164.88276166586,21,0,21,2,1,1,1,0,72.48014262480883,4.56486154231015,0
CUST13524,45,Male,East_Midlands,107,502,36011.624062646115,34,0,18,5,1,1,0,1,189.00146527228515,3.83071438730555,1
CUST13525,73,Male,North_West,73,726,29048.34034640353,1,5,17,1,1,0,1,0,60.23066159800052,8.18530873833344,0
CUST13526,22,Male,Yorkshire,32,669,29466.422134135093,11,0,6,1,1,1,1,0,146.35604633983166,7.477546494674124,0
CUST13527,35,Female,Scotland,11,648,39190.2128651764,5,0,19,1,1,1,1,0,108.97742532225551,3.7491141675245747,0
CUST13528,50,Male,East_Midlands,69,664,18535.898240609906,0,0,24,1,1,0,1,1,84.21034583987398,3.2296379487739997,0
CUST13529,18,Male,Yorkshire,9,734,28258.093207844355,31,0,2,2,1,0,0,0,115.5909339901579,12.731609701798504,0
CUST13530,73,Female,Yorkshire,34,708,34043.59671449295,58,0,17,4,1,0,0,0,348.7103874457088,6.310781429774042,1
CUST13531,26,Male,Scotland,32,701,38013.626542795704,9,0,20,5,1,1,0,0,217.48858313108852,4.1489330153251665,0
CUST13532,73,Female,East_of_England,37,691,54323.81739640904,146,0,3,2,1,0,1,0,127.79586720179596,2.860073091985873,1
CUST13533,50,Male,London,57,669,40208.82044835513,0,0,26,3,1,1,1,0,61.56271969440611,6.320609265447875,0
CUST13534,50,Male,West_Midlands,29,503,118666.2165943001,0,0,13,5,1,1,0,0,163.13526071502324,4.533116004911596,1
CUST13535,72,Male,East_Midlands,79,714,23279.808391337196,32,0,18,5,1,1,0,0,66.05760951544082,4.34746442033388,1
CUST13536,44,Female,Wales,112,546,45694.7343460416,4,0,20,1,1,1,1,0,240.1517919321226,2.929522598526539,0
CUST13537,26,Male,South_East,101,519,31234.178141882843,122,0,13,2,1,0,1,0,348.10523928852064,6.089710714488062,0
CUST13538,48,Female,Yorkshire,7,773,47117.47058387849,42,0,24,3,1,1,0,0,11.42701614353284,2.156421952341793,1
CUST13539,50,Female,East_Midlands,112,801,44716.24393968522,10,0,11,4,1,1,0,1,181.84775634330472,3.090241742741924,0
CUST13540,70,Female,London,82,679,23052.483265248695,149,0,13,3,1,1,1,1,227.65102025118213,3.7025928428152897,0
CUST13541,42,Female,East_Midlands,41,460,37397.17496701712,8,0,17,4,1,0,1,0,282.6140925344416,6.155145249418047,1
CUST13542,49,Male,London,112,688,51574.69586480603,8,3,14,3,1,1,1,0,80.61181247227934,10.431026673987411,1
CUST13543,33,Female,Wales,82,417,23376.668241821153,1,1,21,5,1,0,1,1,385.6760281700728,3.136574495365192,0
CUST13544,57,Male,London,8,699,52029.30482726875,11,0,25,5,1,1,0,1,127.64056362712473,4.487139179288671,0
CUST13545,61,Male,Yorkshire,30,683,49928.87536785732,4,0,15,5,1,1,1,0,114.35102153315594,4.660917104672056,0
CUST13546,64,Female,South_East,43,707,30218.8919440817,96,0,1,3,1,1,1,0,89.52184052674701,5.737921117412964,0
CUST13547,61,Female,Scotland,92,654,49693.01876183141,9,0,23,5,1,1,1,1,123.49598505260366,13.072031428984685,0
CUST13548,33,Female,Yorkshire,32,664,28192.1037444838,11,0,11,5,1,0,1,0,50.834001582186595,2.7653041530265927,0
CUST13549,53,Male,Wales,80,706,65239.025330825825,3,0,6,1,1,1,1,0,42.69838797539078,2.263816809606816,0
CUST13550,18,Female,Wales,102,732,66478.19218652506,11,0,4,4,1,1,0,1,218.89696658806582,3.2556689083148593,0
CUST13551,62,Female,South_East,15,670,40185.98284676077,33,1,17,2,1,1,0,1,99.25509741712452,2.2390542994696854,1
CUST13552,55,Male,North_West,6,706,42508.92487854818,174,0,20,3,1,0,1,1,201.75826085197082,6.336164765383843,0
CUST13553,24,Male,Wales,117,488,45942.954891798174,2,0,3,4,1,1,0,0,189.74003230834995,3.32307404056859,1
CUST13554,23,Female,West_Midlands,46,673,53909.91394542912,5,0,3,3,1,1,1,0,155.5481688907263,4.196763456573537,0
CUST13555,38,Female,Yorkshire,108,406,29391.548091459226,13,0,16,4,1,1,0,0,104.2888379715576,1.5098821264990756,0
CUST13556,26,Female,Yorkshire,75,755,59897.57094028356,8,0,10,1,1,1,0,1,141.4607501566987,6.007964880681299,1
CUST13557,32,Female,Yorkshire,111,632,42810.06025196833,2,2,25,1,1,1,1,0,183.54151176033776,0.768670698524902,0
CUST13558,54,Female,Scotland,55,722,45013.99189663467,15,3,21,3,1,0,1,0,122.20081454896537,5.997630399048585,0
CUST13559,59,Female,North_West,15,464,16053.880873646956,4,0,5,3,1,1,1,0,242.5963037523549,5.181819732490332,0
CUST13560,57,Male,West_Midlands,2,670,30682.78662599034,0,0,21,1,1,1,1,0,392.6011603920812,14.995068234151956,0
CUST13561,37,Male,London,113,792,45039.10593128311,0,3,3,2,1,1,1,0,317.0160460105939,1.6974886531922808,0
CUST13562,56,Female,West_Midlands,115,679,34000.24416045045,76,0,27,3,1,0,1,0,151.13116323509513,13.864756414713298,1
CUST13563,45,Male,Wales,51,706,33872.364845161974,1,6,14,4,1,1,1,0,271.71165389472696,5.788921316535354,1
CUST13564,43,Male,Scotland,4,526,29209.97633585235,30,1,23,5,1,1,1,0,222.7920746443114,10.921194871064488,1
CUST13565,73,Male,East_Midlands,4,414,27737.30759421936,13,4,17,5,1,1,1,1,47.88728489354748,6.4782545421800215,0
CUST13566,66,Female,Wales,70,767,45685.83342170798,68,0,19,4,1,1,1,1,201.98746431547582,4.059835523555816,1
CUST13567,58,Female,East_of_England,67,713,29060.583892411498,7,4,17,5,1,1,1,0,223.7094272386308,0.846891414460531,0
CUST13568,21,Male,South_West,107,471,26319.952087758167,4,0,17,1,1,1,1,1,88.7001862538771,3.0622965895841565,0
CUST13569,53,Female,West_Midlands,98,736,44937.10232228731,59,0,20,1,1,1,1,1,172.27628659014573,6.219256056656032,0
CUST13570,72,Male,Wales,99,552,35010.73471402208,66,0,17,1,1,1,1,0,225.288469072041,11.407391326235302,1
CUST13571,36,Male,East_Midlands,98,760,28931.149710838312,46,0,7,4,1,1,1,0,124.54389140164098,3.5605730379959315,1
CUST13572,66,Female,London,71,474,33075.62463231125,72,0,3,3,1,1,1,0,240.1751346833711,3.6951377862865225,1
CUST13573,67,Male,London,61,528,28207.89721698693,7,2,22,3,1,1,0,1,79.9934528322073,3.6315139171970374,0
CUST13574,61,Male,South_West,86,724,21907.859141815803,10,0,29,4,1,1,0,0,134.4040514863811,3.730111651052688,1
CUST13575,72,Female,Wales,46,661,37290.65528687365,1,0,11,3,1,1,1,0,292.21020908522297,3.9889674898784486,0
CUST13576,20,Female,East_of_England,32,682,45466.30072006299,2,5,19,3,1,1,1,1,272.0403618206927,3.1574593613435367,0
CUST13577,66,Female,West_Midlands,101,715,56038.66051234733,7,0,15,3,1,1,1,0,97.21092680746578,5.228780755789629,0
CUST13578,26,Male,South_East,108,688,41113.411573963,87,7,29,2,1,1,0,1,32.733521486162466,5.61668023969382,0
CUST13579,42,Male,Scotland,7,722,28536.58929451549,10,0,15,2,1,1,0,0,109.83046518430233,4.445167033403171,0
CUST13580,47,Female,Scotland,97,755,38869.3487183646,110,0,15,5,1,0,1,1,150.85694110185014,4.0737392353800175,1
CUST13581,65,Male,North_West,106,707,43868.92976011965,7,0,16,2,1,1,0,0,141.87246540984694,6.412843271086538,0
CUST13582,69,Male,South_West,33,677,31767.156698204482,52,0,15,5,1,1,1,0,99.0733080699355,5.393356128066323,1
CUST13583,33,Female,London,81,617,28012.77733680639,135,0,5,5,1,1,0,0,231.003861083527,12.074017840580517,0
CUST13584,57,Male,Scotland,102,651,70852.23297719071,2,0,20,5,1,1,1,1,107.36039336309577,7.46195311563747,0
CUST13585,25,Male,Yorkshire,18,724,25543.15377737891,148,0,16,5,1,0,1,0,62.710191307625536,4.1911692177101925,1
CUST13586,66,Female,West_Midlands,81,632,39492.160289985884,14,0,19,3,1,1,1,1,118.09947657211323,1.6783943714608907,0
CUST13587,29,Female,East_of_England,56,498,39761.74819838908,9,1,18,3,1,1,1,0,160.6562149983402,17.474448234263292,0
CUST13588,36,Male,North_West,42,758,30817.745101482382,94,0,28,2,1,1,1,1,182.1454372726548,1.5429042151162997,0
CUST13589,51,Male,Yorkshire,48,665,26887.568780223242,11,0,22,1,1,0,0,0,406.72478167691685,5.50407283016881,0
CUST13590,48,Male,Scotland,12,462,30228.374625352586,14,0,25,4,1,1,0,0,161.2907209954876,1.948102162117746,0
CUST13591,32,Male,East_Midlands,53,676,27852.26675918781,0,4,15,5,1,1,0,0,97.4117608412923,5.385109180466184,1
CUST13592,69,Male,West_Midlands,14,476,22250.931490463096,56,0,25,5,1,1,1,0,194.5909003401138,2.548695852161345,1
CUST13593,48,Female,North_West,94,677,43834.39179050843,3,2,17,5,1,0,0,0,48.42364247517055,4.450002334344435,0
CUST13594,38,Female,Yorkshire,31,759,98830.44006345201,7,2,24,3,1,0,1,1,75.58300649551416,2.322118988315616,0
CUST13595,43,Male,London,79,733,29592.673055086794,16,0,19,4,1,1,1,0,119.89219875111795,2.1765427702313627,0
CUST13596,47,Male,Yorkshire,115,631,31874.67771501511,77,0,21,3,1,0,0,1,63.424212661874265,2.0081021805640136,0
CUST13597,51,Male,Scotland,3,739,47556.19382849497,2,4,25,3,1,1,0,1,88.2004439048403,2.5422011396060924,0
CUST13598,66,Female,West_Midlands,67,672,42522.78284334898,3,3,17,2,1,1,1,0,76.67072414443284,11.648894234525574,0
CUST13599,29,Male,South_West,36,789,25455.168218344697,2,0,20,1,1,1,0,0,85.31040701494078,5.2396062167701505,0
CUST13600,68,Male,Scotland,26,702,33758.21705394754,73,0,21,1,1,0,1,0,155.62653382750898,3.264950130096241,0
CUST13601,25,Female,North_West,43,518,23656.4805458625,79,0,21,1,1,0,1,1,184.93819891603144,2.4419651809785377,0
CUST13602,47,Female,Yorkshire,37,786,56945.982720243555,0,0,18,1,1,1,1,0,74.55856579353552,5.98908761323873,0
CUST13603,24,Male,East_of_England,11,789,18496.547000320505,52,2,20,5,1,0,1,1,109.86811014091005,3.424285456647172,1
CUST13604,48,Male,West_Midlands,74,647,27585.35726922821,2,0,13,5,1,0,1,0,148.28948398193438,8.05730018729458,0
CUST13605,23,Male,North_West,94,658,41535.77403607261,13,0,10,5,1,1,1,1,134.22756172374957,4.727919527098126,0
CUST13606,32,Male,East_Midlands,79,649,53416.14963971213,102,0,25,1,1,0,0,0,129.24907469907083,2.919307249917546,0
CUST13607,19,Male,Wales,86,643,119981.2581233343,4,1,4,2,1,1,0,1,126.14737278787564,7.676205246576812,0
CUST13608,21,Female,East_of_England,96,695,44232.364075172074,7,0,18,1,1,0,1,1,63.11325245404266,3.1499162286922933,0
CUST13609,46,Female,East_Midlands,24,477,32024.429468308892,33,7,16,1,1,0,1,1,207.23206020262123,6.49023748382616,1
CUST13610,49,Male,North_West,5,667,26966.658019728347,1,0,19,5,1,0,1,0,85.87137462347543,6.105172362761678,0
CUST13611,41,Female,North_West,119,757,79212.09837115614,1,0,19,5,1,0,1,0,57.92587807339196,6.788701829325263,0
CUST13612,38,Male,East_Midlands,119,794,21574.89953046394,42,0,23,3,1,1,1,1,35.22703978413002,4.839855741652023,1
CUST13613,27,Female,South_West,110,631,74792.28734922507,3,0,6,4,1,0,1,0,159.13544584027713,11.153909719907187,0
CUST13614,34,Male,South_West,52,480,18123.092122559552,37,0,25,2,1,1,1,1,123.84640184726496,6.536174671033984,0
CUST13615,36,Female,Yorkshire,118,656,94991.7104749838,58,0,15,5,1,1,0,0,263.8867387136034,3.8581222922814624,0
CUST13616,42,Male,South_West,86,685,27623.62150733091,40,0,20,5,1,1,1,0,375.2107265000575,4.042115174353398,0
CUST13617,26,Male,Scotland,47,724,26938.650772342316,2,0,15,5,1,1,0,0,55.19869591389591,4.433218949897034,0
CUST13618,64,Female,Wales,2,679,42630.67728194336,12,0,23,3,1,0,0,0,171.77070031765786,11.068457498787751,0
CUST13619,50,Female,West_Midlands,42,740,47002.39170998075,9,1,7,3,1,0,1,1,124.06958412911379,13.748331013888318,1
CUST13620,38,Male,London,14,481,24094.727892125666,73,2,21,3,1,0,0,0,179.08204161406582,0.4521883644999044,0
CUST13621,72,Female,South_West,38,719,49173.65971981935,5,0,21,1,1,1,1,0,205.05093854270277,1.5874618738740907,0
CUST13622,56,Male,West_Midlands,2,726,36551.11963929527,3,0,20,4,1,1,1,1,60.53345134517526,1.5568708092489847,0
CUST13623,74,Male,Scotland,100,677,24675.725747869677,51,0,9,5,1,1,0,0,260.9352664283425,2.247366933337419,0
CUST13624,25,Male,East_Midlands,23,640,73564.07552363773,0,0,15,3,1,0,0,0,139.30301934067145,3.425759471304375,0
CUST13625,26,Female,Yorkshire,102,671,18468.047580064613,0,0,21,1,1,1,1,0,273.0833004569541,4.779974396343681,0
CUST13626,24,Female,East_Midlands,55,600,29396.55167215011,104,1,16,5,1,0,1,0,251.01647282022455,6.074675495100399,0
CUST13627,59,Male,Wales,64,510,44373.67733175983,52,0,20,3,1,0,0,0,67.17093450684467,2.617956173527593,0
CUST13628,41,Female,London,89,442,34333.79378859598,3,0,17,4,1,1,1,0,54.74394529166511,3.39752388461306,0
CUST13629,47,Male,South_East,26,769,19356.188422794196,44,0,15,4,1,0,1,0,224.8425328915837,7.588029681500268,1
CUST13630,28,Female,East_of_England,107,729,15000.0,1,0,17,2,1,0,1,0,109.10309218246044,6.773856012327157,0
CUST13631,25,Female,East_Midlands,81,702,38260.45455224725,40,1,4,5,1,1,1,1,216.1008650578828,7.393677257231003,1
CUST13632,42,Male,East_Midlands,7,695,34130.86025914094,9,5,15,1,1,1,1,0,60.445067061321915,1.8648219677579956,0
CUST13633,47,Male,West_Midlands,78,698,29029.971124341904,5,1,5,5,1,1,1,0,192.4628906461951,3.8027672162300292,0
CUST13634,56,Male,South_East,82,676,16252.27008975665,11,0,25,2,1,1,1,0,164.8300078478735,9.070594461841925,1
CUST13635,67,Male,Yorkshire,31,764,34606.186383630855,4,4,16,4,1,1,1,1,79.6411379267124,6.000929332370227,0
CUST13636,60,Female,Scotland,11,637,20589.973920639655,64,7,17,4,1,1,1,0,193.09533497306026,2.355479518673128,0
CUST13637,57,Male,Scotland,16,505,35213.195833834565,91,0,21,4,1,1,1,0,108.10932340464622,5.0483108584234095,1
CUST13638,53,Female,North_West,58,693,25484.66252376626,59,0,23,5,1,0,1,0,126.02869054559157,3.976809353577806,0
CUST13639,59,Female,Scotland,67,768,32464.025056490704,7,0,13,5,1,1,1,1,85.93055173597114,5.235718258902997,0
CUST13640,35,Male,South_East,71,512,28276.25682253596,16,0,24,4,1,1,0,0,358.4638699731987,2.8910732656677314,0
CUST13641,45,Female,Scotland,64,686,44574.579952089334,2,3,26,4,1,1,1,1,64.66420223450514,8.012452511404698,0
CUST13642,34,Female,Yorkshire,89,475,21881.511174582334,11,0,23,3,1,0,0,0,47.04251763074075,2.432632287757226,0
CUST13643,27,Female,North_West,17,784,19540.924621134975,30,0,24,4,1,1,1,1,50.439041923939655,2.930378537869463,0
CUST13644,65,Female,South_West,19,751,57635.27791737557,4,0,22,2,1,1,0,0,105.61126710158891,2.9411775612454587,0
CUST13645,42,Female,South_West,55,717,55336.821419949905,0,0,12,1,1,1,1,0,165.60466434804053,0.9505257849279809,0
CUST13646,42,Female,Scotland,60,795,27288.13845760142,5,0,21,5,1,1,1,0,70.19263041464598,2.466826219877606,0
CUST13647,53,Female,South_West,36,744,65726.51832687246,101,0,19,5,1,1,1,1,349.8758527342531,2.2562065761083256,0
CUST13648,30,Male,Scotland,97,706,27621.18212035721,2,0,22,1,1,1,1,1,108.8922884147729,4.952116939635648,0
CUST13649,55,Male,East_Midlands,90,683,21771.673914079936,6,0,18,2,1,1,1,1,166.1170539587355,7.719177076434623,0
CUST13650,18,Female,North_West,59,798,36878.847891679296,45,0,21,1,1,1,1,0,300.81328028617634,2.4565687677816013,0
CUST13651,50,Male,East_of_England,102,705,47593.33022697932,6,0,17,5,1,1,1,0,50.951989797163506,4.098340958698615,0
CUST13652,61,Male,West_Midlands,11,685,50821.09661249703,0,1,17,5,1,0,1,1,14.719669158097009,2.678158175158443,0
CUST13653,21,Female,London,8,684,32458.68630137051,0,0,19,3,1,0,0,1,91.09567055561999,10.304432432444576,0
CUST13654,59,Female,Yorkshire,69,689,40873.557998573124,275,0,19,4,1,0,1,0,77.52021803205831,11.295339980985633,1
CUST13655,57,Male,South_West,45,738,15000.0,43,0,22,3,1,1,0,0,93.8169309157779,0.3466002745012694,0
CUST13656,25,Female,South_East,31,706,16413.495285019966,83,0,7,1,1,0,0,0,119.91443508364942,17.198428289787348,0
CUST13657,73,Male,Yorkshire,97,494,33392.59555891504,0,0,5,5,1,1,1,0,123.99162183387611,6.211351295179515,0
CUST13658,54,Male,Yorkshire,100,492,44678.51974826275,53,0,23,2,1,1,0,0,49.49865153126248,1.661847979520549,1
CUST13659,40,Male,East_Midlands,99,681,39165.00577062147,6,0,24,3,1,1,0,0,94.78408472942174,1.117620365405601,1
CUST13660,19,Female,Scotland,106,733,84814.47334496872,13,0,4,2,1,1,1,0,308.9709152626481,3.1046669856637776,1
CUST13661,36,Male,East_of_England,109,740,99016.30912950047,35,0,19,1,1,0,1,0,163.59835887506975,3.319877600953856,1
CUST13662,62,Male,Scotland,95,467,25938.82220830755,0,0,4,3,1,1,1,0,86.45084631548274,8.648590037153664,0
CUST13663,20,Female,North_West,17,527,50838.71532357789,96,0,19,1,1,1,0,0,18.212568577441086,8.039017361501754,0
CUST13664,46,Male,East_Midlands,45,682,17926.090108795157,111,0,5,1,1,1,0,1,212.39604272533734,7.891629799586493,1
CUST13665,67,Male,Wales,70,746,69694.08152025215,0,0,21,4,1,0,1,1,222.42105329921947,5.440790995515141,0
CUST13666,45,Female,East_Midlands,73,510,38156.95424163224,0,0,29,5,1,1,0,1,67.4956746292216,3.071770200539741,1
CUST13667,64,Male,Yorkshire,98,801,48851.00298537495,13,0,4,2,1,0,0,0,155.54687545279882,16.444504309031515,0
CUST13668,57,Male,North_West,52,662,30610.1601575577,0,0,26,3,1,1,1,0,62.793153573332916,1.8664236233621363,0
CUST13669,25,Male,West_Midlands,20,478,18942.417479422245,0,0,1,1,1,1,0,0,113.98480883649559,4.043329584301801,0
CUST13670,40,Female,South_West,110,616,35446.52817187431,1,0,5,2,1,1,1,0,45.50975379127258,0.39364920903403233,0
CUST13671,42,Male,Yorkshire,24,802,31540.42082851104,0,0,24,3,1,1,1,0,124.18424761065677,1.775276829031954,0
CUST13672,52,Male,East_Midlands,40,798,24494.329657962506,55,0,2,3,1,1,1,0,171.31004420027216,1.9260529511177824,0
CUST13673,22,Female,London,40,659,15000.0,5,0,18,4,1,1,1,0,102.2118591126032,4.550217320215105,0
CUST13674,23,Female,Wales,15,725,50757.42326692922,6,0,24,5,1,1,1,0,53.45265608971629,8.852178305041727,0
CUST13675,29,Female,London,84,727,66188.98221983905,20,2,17,3,1,1,1,1,98.6959107131948,9.030791079415776,0
CUST13676,36,Female,North_West,9,618,70465.8589120816,5,0,19,5,1,1,0,0,132.4361600445648,1.443061172638099,0
CUST13677,60,Female,West_Midlands,107,620,19641.953488499523,4,0,22,5,1,1,1,0,76.50954380069953,9.208674809950287,0
CUST13678,19,Female,London,34,674,32600.981033928743,78,0,25,4,1,1,0,1,77.76829579896992,3.0064726568973557,0
CUST13679,44,Female,East_of_England,15,708,38870.298871342115,71,1,18,2,1,1,1,0,44.065950865048585,5.219501619347662,0
CUST13680,65,Male,West_Midlands,52,669,99041.52066840076,16,0,20,5,1,1,1,0,180.98342815423533,9.815961928576352,1
CUST13681,42,Male,Yorkshire,97,749,24735.44383969285,0,0,16,1,1,0,0,0,124.38115921939414,8.108646876016705,0
CUST13682,61,Male,North_West,57,678,31745.43954529585,3,0,19,3,1,1,0,0,132.04158666979708,1.6271544753619516,0
CUST13683,57,Female,South_East,102,728,34338.1488465047,8,1,17,4,1,1,1,0,78.33093284055902,2.2155279971207658,0
CUST13684,46,Female,East_Midlands,42,716,28567.420707218564,0,0,25,4,1,1,0,0,158.4562136555511,3.661538936194045,0
CUST13685,63,Male,Scotland,97,708,43201.92287124185,9,1,14,4,1,0,0,0,102.852373496198,4.039063401289202,0
CUST13686,30,Male,Wales,45,468,29096.083262488977,56,0,24,2,1,0,1,0,331.8481268873671,2.1121519270066376,1
CUST13687,21,Male,East_of_England,24,499,52614.43071550462,2,0,19,2,1,1,0,1,75.84456163981542,4.258681283352174,0
CUST13688,69,Male,Scotland,105,588,15824.564715784054,4,0,28,3,1,0,1,0,269.709897540738,5.750856286120926,0
CUST13689,30,Male,North_West,94,667,26144.915435164574,3,0,25,3,1,1,1,0,51.71401622919151,8.859376982329003,0
CUST13690,36,Male,Yorkshire,65,650,37021.76695056867,11,4,15,2,1,0,0,0,118.62570816621782,7.115713913754841,0
CUST13691,45,Male,East_Midlands,31,752,28967.033330029575,97,0,18,5,1,1,0,0,98.98070668389039,3.426189208700339,1
CUST13692,24,Male,South_West,107,641,47881.513515919825,1,0,4,4,1,1,0,0,10.361311691015375,4.60488775595916,0
CUST13693,71,Female,Yorkshire,30,661,27388.46902287176,7,0,14,1,1,1,1,1,125.35753663704716,3.2108205910190697,0
CUST13694,56,Male,West_Midlands,71,672,31305.83403210906,1,0,16,4,1,0,0,1,336.92625118846126,5.780419233024327,1
CUST13695,69,Female,East_of_England,28,732,25268.611952127536,11,0,1,5,1,1,1,0,211.88148387689193,1.757143001445057,1
CUST13696,40,Female,South_West,96,480,16115.483763359145,0,0,12,4,1,1,1,1,80.69273148149188,8.50329532812165,1
CUST13697,57,Female,East_of_England,14,670,19162.25511624343,78,0,19,4,1,0,1,0,151.00318309797268,2.6776868317442952,0
CUST13698,72,Male,South_East,75,527,57934.16548047341,72,0,18,1,1,1,0,0,111.70800351324091,7.829450767616574,1
CUST13699,55,Female,Scotland,25,515,28432.120374287402,5,0,13,1,1,1,1,0,85.22160242529941,10.29178887687037,0
CUST13700,59,Female,Wales,93,681,29745.021750381147,65,0,23,1,1,1,0,0,401.19183355470767,7.441074862868488,1
CUST13701,59,Male,Wales,113,663,37247.15634149214,5,0,5,2,1,0,0,1,32.946792492751825,7.485872724709537,0
CUST13702,56,Female,East_of_England,86,478,29963.08789739028,1,0,20,4,1,1,0,0,313.07453847971095,5.529459775528127,0
CUST13703,53,Female,South_West,5,691,32249.13711382907,1,0,4,1,1,1,1,1,366.08076063264554,5.070234817476365,0
CUST13704,48,Male,South_East,92,721,63995.098742552844,35,0,16,3,1,0,1,0,135.19425731454436,9.25554568220671,0
CUST13705,72,Female,East_of_England,65,723,49395.649462942034,92,1,15,5,1,0,1,0,88.72055548923568,9.711621066774919,1
CUST13706,61,Female,West_Midlands,87,465,18846.13308343069,1,0,13,2,1,1,1,0,176.29247104531734,6.0577614271494715,0
CUST13707,27,Male,North_West,90,771,50839.5845828682,1,2,12,2,1,0,1,0,92.51579944592709,0.18775376976451832,0
CUST13708,66,Female,Wales,60,474,32473.87923268624,80,0,5,3,1,0,0,1,82.99339497893993,4.832340290171522,0
CUST13709,18,Male,Wales,79,813,36566.223457408974,0,3,18,4,1,1,1,0,287.2921526520262,1.5201111166487602,0
CUST13710,56,Female,East_Midlands,16,714,35361.03207137376,5,6,23,4,1,1,1,1,196.55775064037527,5.008847162062694,1
CUST13711,59,Female,Yorkshire,103,459,80199.55637892158,79,0,14,4,1,1,1,0,610.7700160312098,9.727290463617969,1
CUST13712,62,Male,Wales,63,438,51833.62209785112,0,1,16,4,1,1,1,1,44.561108016569094,5.8604647645628996,1
CUST13713,63,Male,Yorkshire,119,681,41002.62978368833,1,0,22,1,1,1,1,0,311.0309790875146,6.193929806255448,0
CUST13714,69,Female,Scotland,43,472,27248.371149551393,3,0,16,2,1,1,0,1,423.1871759217769,1.3078311842695194,1
CUST13715,22,Male,East_of_England,99,674,76748.70582113211,45,0,21,4,1,1,0,0,105.4939551617023,4.956865435283021,1
CUST13716,47,Male,East_of_England,49,535,25777.344400317535,5,3,15,1,1,1,1,0,113.86131615890669,14.916317417509026,1
CUST13717,20,Male,South_East,33,700,73230.24846995794,2,0,21,4,1,1,1,1,146.88617318075154,7.54091563619236,0
CUST13718,49,Male,South_West,54,659,27541.842990526562,5,1,21,1,1,0,1,0,130.18254204460607,4.694188579703427,0
CUST13719,66,Female,Yorkshire,18,731,22756.531820562177,2,0,7,4,1,1,0,1,132.21927687630154,2.1186849608186895,0
CUST13720,46,Male,Wales,58,670,43486.38343773506,7,0,20,5,1,0,1,0,363.9221979394302,2.653904445158688,0
CUST13721,23,Female,South_East,72,699,24009.49842139406,30,0,22,3,1,0,1,0,435.609794591855,3.1197733924001296,0
CUST13722,18,Male,East_of_England,12,702,31683.838360878417,94,0,3,1,1,1,1,1,102.19544086003471,6.537522492705753,0
CUST13723,32,Female,Yorkshire,9,694,41652.85159499033,4,0,6,3,1,1,1,0,140.55742422438146,2.33848313576233,0
CUST13724,72,Male,East_Midlands,82,709,73284.6512165978,54,0,24,1,1,1,0,1,160.900546169969,2.957349178609828,1
CUST13725,35,Male,West_Midlands,44,661,35791.781984836976,1,0,24,3,1,1,1,1,300.1765933383626,3.70396710287489,0
CUST13726,65,Female,South_West,80,655,17874.661871891793,1,0,26,5,1,1,0,1,240.08949549610782,10.98902339560356,0
CUST13727,18,Female,East_of_England,81,708,46424.82633122188,8,0,14,1,1,1,1,0,345.7216040961281,4.824738523303317,0
CUST13728,18,Male,Wales,78,730,42389.60541620435,43,0,7,1,1,1,0,0,107.30487051139264,4.429654651996117,1
CUST13729,21,Female,London,100,605,33177.20316135831,0,0,7,2,1,0,0,1,80.65769018018032,1.5358931463567604,0
CUST13730,19,Male,East_of_England,113,682,97872.10015552337,0,0,5,5,1,1,1,1,306.61648372356353,5.63173450211522,0
CUST13731,55,Female,South_East,53,615,55386.44513381687,45,0,24,3,1,1,1,0,411.02382825833377,5.770408286456384,0
CUST13732,48,Female,Yorkshire,71,409,52690.89848945847,2,0,11,4,1,1,1,0,256.29802371105916,0.8196673536260474,0
CUST13733,30,Female,North_West,80,824,16717.364258414644,6,0,0,1,1,1,0,0,371.3705791435336,7.049441395790838,0
CUST13734,31,Male,Scotland,93,716,41504.220191549364,137,0,3,1,1,1,1,0,35.6687675041667,3.1557389161611535,0
CUST13735,19,Female,South_East,84,464,21939.69408906113,42,0,17,1,1,1,1,0,303.15152683796094,7.69488939248398,1
CUST13736,45,Female,East_of_England,53,702,60219.520588561514,2,0,13,5,1,0,0,0,68.62925990187169,5.134841278038378,0
CUST13737,73,Male,Scotland,14,697,26478.87554529407,58,0,24,2,1,1,1,1,125.75788053926728,5.33522484391615,0
CUST13738,61,Female,London,105,661,42017.54927333609,1,0,19,1,1,1,0,1,108.7693692143301,6.433798838358681,0
CUST13739,25,Female,East_of_England,99,702,54306.14086202036,121,2,27,3,1,1,1,1,108.09317636388626,1.478825672734827,0
CUST13740,65,Female,Yorkshire,70,495,23884.896709890552,3,0,19,5,1,0,0,0,49.42581646491044,1.0994559938481294,0
CUST13741,19,Female,West_Midlands,79,744,22303.929493490406,23,0,12,5,1,1,1,1,119.07037944344341,9.8787846700546,0
CUST13742,55,Female,North_West,114,628,50502.65398533173,0,0,4,5,1,1,1,1,219.37777963087777,7.539212288244909,0
CUST13743,34,Male,West_Midlands,10,484,15000.0,288,0,16,5,1,1,0,0,44.179516496011395,2.7284696820224372,0
CUST13744,55,Male,Yorkshire,28,721,34564.19840983095,111,0,25,3,1,0,1,0,101.95017223681256,1.015164386315967,1
CUST13745,66,Female,South_West,43,534,73104.8403668826,3,1,22,1,1,1,1,1,120.31940318327959,3.889660961616506,0
CUST13746,53,Female,West_Midlands,75,774,47789.63994948947,2,1,4,4,1,1,1,0,64.17582504318648,5.239581646822278,0
CUST13747,35,Female,Scotland,57,597,45467.84215500068,5,0,29,4,1,1,1,0,65.43818390222202,2.523318228210104,0
CUST13748,37,Female,West_Midlands,7,676,35499.098063323734,0,5,4,1,1,0,1,0,29.800571599318225,3.395649657447138,0
CUST13749,36,Female,West_Midlands,62,675,43518.087098419994,5,0,24,1,1,1,1,1,60.76163329463319,12.206715068794068,0
CUST13750,40,Female,Yorkshire,77,624,48864.7121015613,0,1,27,4,1,1,0,0,160.59307129956093,1.7970104827044933,0
CUST13751,31,Female,East_of_England,14,649,46015.983630993695,0,0,23,2,1,1,1,0,97.33585974924956,3.206594106763018,0
CUST13752,72,Male,East_Midlands,30,742,15690.014204668541,32,0,5,2,1,1,0,0,134.65403420770022,1.7620640677394035,0
CUST13753,33,Male,Wales,10,478,53279.82294219728,52,0,11,1,1,0,0,1,50.152704844271845,3.862741255411062,1
CUST13754,19,Male,Wales,87,781,48296.61567531337,0,1,26,5,1,0,1,0,160.74888726163545,7.2515572500622145,0
CUST13755,28,Male,East_Midlands,90,641,56149.30624526908,0,0,28,4,1,1,1,0,80.69978502410417,8.152600371337765,0
CUST13756,54,Male,South_East,15,669,35171.92277445281,4,3,20,3,1,1,1,0,100.99453176147613,3.7072711977527923,0
CUST13757,59,Male,East_of_England,15,666,35756.8958935686,0,0,21,4,1,1,1,0,146.49818025967758,8.881870067148261,0
CUST13758,25,Male,Yorkshire,24,733,44867.138867496054,63,0,21,3,1,1,1,0,80.28192367337809,6.700562301560819,0
CUST13759,25,Male,London,103,740,53022.99813099828,0,0,18,5,1,1,0,0,244.87770377726113,4.155465650248481,0
CUST13760,48,Male,South_East,78,769,66830.95095102208,0,3,22,2,1,0,1,1,384.3719643906101,4.465668796488604,0
CUST13761,32,Female,West_Midlands,48,744,27273.502729427113,89,1,6,2,1,1,0,0,114.64430196069912,6.534653577503258,0
CUST13762,46,Female,South_West,18,712,26061.964260804983,1,0,7,2,1,1,1,0,125.37396319203884,4.65411739598125,0
CUST13763,71,Female,London,4,681,36676.65435971731,1,0,17,1,1,1,1,0,128.35271042258194,3.9147367089806413,0
CUST13764,19,Female,South_West,20,655,34909.62276371169,3,0,15,2,1,1,0,0,117.83493845702522,1.1992502011843629,0
CUST13765,60,Female,London,75,738,55352.773863155315,116,0,17,4,1,1,1,0,156.17199607602063,4.889416322573071,1
CUST13766,72,Female,Yorkshire,59,693,32548.065070533976,7,0,23,4,1,1,1,0,101.68754253086635,10.672622809672161,0
CUST13767,19,Female,Wales,100,551,20198.38128425314,5,1,14,2,1,1,1,1,53.63613879375965,4.821528432678199,0
CUST13768,52,Male,East_of_England,43,635,24981.134175945703,60,0,24,5,1,0,1,0,203.7347493613858,0.36318765243505297,1
CUST13769,44,Female,Scotland,7,497,37040.0125015118,80,0,12,5,1,0,1,1,21.967405305359495,1.7435210400608623,1
CUST13770,67,Male,South_West,72,593,29322.616051821034,17,0,16,2,1,1,1,0,28.866711147209045,3.6202610360863186,0
CUST13771,57,Female,East_of_England,19,665,49533.03084038483,47,1,16,2,1,1,1,0,49.07499305983751,0.8240228191197291,1
CUST13772,47,Female,East_of_England,100,504,62773.73529145202,1,1,20,3,1,1,0,0,115.84782862583558,2.169410211471601,0
CUST13773,35,Male,London,116,496,36192.671878115085,38,0,34,1,1,1,1,0,163.5405458495486,1.4522444167485324,1
CUST13774,49,Female,North_West,101,540,35630.495151331146,3,0,32,1,1,0,0,1,89.44195187009404,5.738370264125464,0
CUST13775,45,Female,Wales,95,656,32535.20784003295,64,2,5,2,1,0,1,1,156.95805181230236,1.2796856942536805,1
CUST13776,47,Female,Yorkshire,3,717,36872.66868622783,1,0,4,3,1,1,0,0,81.75480160658468,10.329866745334648,0
CUST13777,70,Female,East_Midlands,11,680,30203.75239545015,69,0,24,1,1,1,0,0,345.63314041123175,2.7058787498928853,1
CUST13778,72,Male,Yorkshire,43,404,60706.61026056011,3,0,23,3,1,1,1,0,392.209824437821,1.6670835363286058,0
CUST13779,67,Male,South_West,115,701,40215.80398413969,9,0,19,5,1,1,0,0,147.85472655769263,8.35213543185005,0
CUST13780,58,Male,East_of_England,52,630,32593.86229202413,4,0,11,4,1,0,1,1,15.281520268020806,3.0545194795084614,0
CUST13781,23,Female,Wales,71,700,25609.704823717122,142,0,18,5,1,1,1,0,113.36342481138455,0.7915417632108106,1
CUST13782,43,Male,Wales,2,758,42755.1900704655,60,0,15,4,1,1,1,1,68.39342853956633,1.9245087975660513,1
CUST13783,54,Female,East_of_England,32,731,21723.235301379187,2,0,16,1,1,1,1,1,64.49129985586015,8.254772947367533,0
CUST13784,61,Female,South_West,27,626,22536.048726261677,44,3,26,3,1,0,1,0,94.78087990545532,12.503398644304193,1
CUST13785,61,Male,South_West,83,498,25962.22743956457,4,1,16,2,1,1,0,0,485.07995885129804,1.6107724215884434,0
CUST13786,49,Male,Yorkshire,23,836,37876.58590155914,63,0,18,4,1,0,0,0,135.99868760950184,2.450190087247059,1
CUST13787,60,Female,South_East,92,668,26372.022973155264,3,0,2,5,1,0,1,0,48.007859761163175,7.730246269996094,0
CUST13788,69,Female,East_of_England,14,652,21207.627224875494,0,0,26,2,1,1,1,0,11.469504490404887,1.2745932307090038,0
CUST13789,53,Female,South_East,96,717,25241.606765072953,3,0,18,3,1,1,0,1,83.22648101147594,2.7873846955333814,0
CUST13790,71,Male,Yorkshire,74,722,62441.37721180766,1,2,11,5,1,1,1,1,148.73304842596553,12.759630101899713,0
CUST13791,34,Female,West_Midlands,77,668,23258.848997826706,5,3,26,4,1,1,0,0,67.95694256528418,8.424729452000173,1
CUST13792,52,Female,Wales,50,744,76726.80287565186,98,0,31,3,1,0,1,1,94.23859053592437,1.8434649669675731,1
CUST13793,65,Female,Scotland,78,771,39428.45115266736,14,0,5,4,1,0,1,0,222.41257888331995,2.1915722102727324,0
CUST13794,44,Male,Wales,39,461,38042.312728458724,5,0,22,5,1,1,0,1,171.009628152589,27.170614411793732,1
CUST13795,18,Female,South_East,31,685,21477.93637860134,2,0,6,5,1,1,0,0,199.78995675860136,6.3060587812506865,0
CUST13796,54,Female,North_West,75,667,32741.197112540867,79,0,2,2,1,1,0,1,9.299906874189668,8.686694537298225,1
CUST13797,40,Female,South_East,29,648,33450.77276991497,204,0,5,2,1,1,0,1,165.88344330197853,11.30920902247938,1
CUST13798,48,Female,North_West,42,715,42411.33761148523,59,0,8,2,1,1,0,0,199.8912861747107,5.181163769354603,0
CUST13799,28,Male,London,22,651,19215.60732906145,0,4,18,3,1,1,1,1,129.29822029268823,4.700125157760286,0
CUST13800,67,Female,Scotland,27,700,30496.314148077967,91,0,5,5,1,1,1,1,38.31268351172517,2.300488694778236,0
CUST13801,63,Female,East_of_England,113,444,45117.633075078054,2,0,4,4,1,1,1,1,92.94337065616119,3.3175126550386524,0
CUST13802,71,Female,Yorkshire,113,724,30812.77535149063,11,0,17,1,1,1,1,0,142.38796189572636,5.503038078865593,1
CUST13803,42,Male,South_East,55,642,35475.7733215938,5,0,21,5,1,0,1,0,214.43229397375785,3.4089220677736036,0
CUST13804,31,Female,Wales,114,686,26054.093630920917,7,0,21,3,1,1,0,0,59.92489506051694,3.7908046078888558,0
CUST13805,42,Male,London,16,652,17676.437956903275,53,0,20,1,1,0,0,0,259.9619655309675,5.103929207483623,1
CUST13806,46,Male,West_Midlands,118,492,51088.3961260672,2,4,22,3,1,0,0,0,372.08531231251,2.8343287337960987,1
CUST13807,28,Male,Scotland,22,510,21812.38679554564,50,0,11,1,1,0,0,1,252.18696333090568,0.9487368564719594,0
CUST13808,62,Male,Scotland,110,504,31461.333322101567,7,0,22,1,1,1,1,0,96.96166409633767,5.521364181085351,0
CUST13809,30,Male,Wales,58,772,36922.58742355113,5,0,2,5,1,1,1,0,34.69840613867169,1.7643879075435067,0
CUST13810,39,Female,Yorkshire,87,687,61251.49317772667,44,0,24,1,1,0,1,1,94.61997488140607,8.280533236702922,1
CUST13811,19,Male,North_West,40,777,25447.003027873274,3,0,4,4,1,1,1,0,85.29080592733771,12.429242266483874,0
CUST13812,19,Male,Yorkshire,45,524,31545.836677865675,8,1,18,1,1,1,0,0,54.80300714864393,2.1533923374984996,0
CUST13813,47,Male,South_East,25,570,41189.33146117196,167,1,6,3,1,1,1,0,64.97163187830888,7.899396783410866,1
CUST13814,41,Male,London,107,677,32364.632846858665,0,3,8,1,1,1,1,0,52.46779477749243,0.2952304134621579,0
CUST13815,58,Male,Yorkshire,76,668,24142.914330549083,94,0,12,5,1,1,1,0,160.7160071113013,6.214437221738301,1
CUST13816,38,Female,South_West,23,661,28035.829906959458,0,2,4,4,1,0,1,0,238.3218295877101,12.630840227101084,0
CUST13817,42,Male,London,5,690,23265.102114021367,3,0,4,5,1,1,0,0,202.6662445512621,3.603774635962691,1
CUST13818,51,Female,East_of_England,65,443,34524.667944268826,6,0,19,2,1,0,1,0,218.7816911970925,9.793571484742746,0
CUST13819,30,Male,North_West,4,736,39613.63309178627,17,0,22,5,1,1,1,0,7.718449960835926,5.2041805472376,0
CUST13820,73,Female,North_West,22,547,34341.356114455004,0,0,24,2,1,1,0,1,214.9897104679775,2.6882043811444096,1
CUST13821,74,Female,East_of_England,30,592,21457.434824014108,159,0,18,3,1,1,0,1,90.39876573838947,6.253816039351451,0
CUST13822,41,Male,London,70,695,24317.008892529353,56,0,12,4,1,1,1,0,195.06933509339618,0.7662966555762483,1
CUST13823,55,Male,East_of_England,60,747,37139.386940428165,60,0,22,4,1,1,0,0,167.92741960166848,3.3617742347330375,0
CUST13824,71,Female,East_Midlands,35,496,22482.017114043483,2,0,14,1,1,0,1,0,95.7995107576192,7.577621222046394,0
CUST13825,27,Male,South_East,5,487,39048.36894267582,2,0,17,3,1,1,0,1,43.912866744994034,0.9716971605387621,1
CUST13826,63,Male,East_Midlands,72,640,33112.16881329846,2,0,17,1,1,1,1,1,59.33510919775416,6.861606416669317,0
CUST13827,42,Male,South_West,9,561,27102.131674932003,50,0,5,1,1,1,0,0,82.69521923921775,0.5528994253720649,1
CUST13828,59,Male,Yorkshire,34,437,21550.642142733886,38,0,4,4,1,1,0,0,157.7487509007018,3.0071593817764564,1
CUST13829,34,Male,South_West,109,412,33728.79219972557,12,3,8,1,1,0,0,1,262.95166468255366,6.7372454309987795,1
CUST13830,62,Female,London,11,738,35062.07867570532,11,1,27,1,1,1,0,0,63.8352870064559,6.477172623156337,0
CUST13831,69,Female,Yorkshire,11,465,31076.001427664927,2,2,21,2,1,1,1,1,159.53534483630006,8.996664963397684,1
CUST13832,22,Female,Yorkshire,97,663,21435.517055222568,4,0,27,2,1,0,0,1,214.74799807786127,3.213299755277368,0
CUST13833,62,Female,East_of_England,30,451,25401.151062558693,3,0,14,3,1,1,0,0,146.93794711955064,4.020932004299954,0
CUST13834,25,Female,East_of_England,40,458,63509.301342162515,0,0,6,3,1,1,0,0,143.3717739032186,7.583085585652154,1
CUST13835,72,Female,Wales,24,745,23501.303615122524,98,0,9,2,1,1,1,0,184.41307409628902,5.786011436813325,1
CUST13836,48,Female,Scotland,111,766,44099.2108457471,2,0,19,3,1,1,1,0,86.58934661985725,5.579636491845884,0
CUST13837,60,Male,East_of_England,62,713,54175.009889731526,6,0,22,1,1,1,0,0,167.06553160678172,7.222058634591429,0
CUST13838,73,Female,East_Midlands,3,643,32589.76488107423,35,1,3,2,1,1,1,0,223.55655457454046,6.831920702342869,1
CUST13839,71,Female,South_East,66,817,58760.10030584339,34,1,7,4,1,1,1,0,45.57163157572393,2.832321953096674,0
CUST13840,22,Female,East_of_England,9,678,61105.89488519133,1,0,22,1,1,1,0,1,93.3415455270973,2.652888157595925,1
CUST13841,60,Male,East_of_England,108,636,29023.34433368692,3,1,17,2,1,0,0,0,96.67144686714822,2.702617514303159,0
CUST13842,46,Male,Scotland,41,467,33496.7753636905,69,3,17,4,1,1,1,0,184.05723285805433,0.8910967497051326,1
CUST13843,47,Female,West_Midlands,111,482,39288.64786861873,60,0,22,3,1,0,0,1,11.916140551879131,1.7345711553034877,1
CUST13844,45,Female,London,85,721,30411.280558870392,2,0,20,4,1,1,1,0,398.28744199744244,5.098939608946692,0
CUST13845,20,Female,North_West,86,778,17471.21382938801,10,2,16,3,1,1,1,0,21.898491411259986,6.394300536828773,0
CUST13846,55,Female,Yorkshire,90,458,52020.203859266156,54,0,22,3,1,0,1,0,31.05555521323031,2.0075543850180484,0
CUST13847,70,Female,North_West,34,825,24433.05164823018,96,4,22,5,1,1,1,0,334.43874219383724,4.808169847429677,0
CUST13848,52,Female,South_East,33,700,49152.23752407373,4,0,18,3,1,1,0,1,87.14220693936379,6.026984769219857,0
CUST13849,63,Female,West_Midlands,66,781,17570.97256732124,90,0,6,2,1,1,0,0,76.41737961489814,1.8523762947880797,0
CUST13850,42,Male,Yorkshire,38,732,29939.003915311972,93,0,18,4,1,0,0,0,31.084874545265954,3.8761569115522,0
CUST13851,58,Male,South_West,41,715,50679.34777142038,100,0,23,5,1,1,0,0,81.29813767511367,4.05235629408655,0
CUST13852,50,Male,East_of_England,47,408,40371.41175794892,14,4,21,3,1,1,1,0,191.02587593716507,0.8936689371052373,0
CUST13853,58,Male,London,19,692,26918.621417553335,16,3,17,3,1,0,1,0,111.96627377915914,4.589241920509234,0
CUST13854,70,Male,West_Midlands,116,692,41677.27232470031,7,0,17,1,1,1,0,0,67.32396573641012,5.786131463328519,0
CUST13855,28,Male,Yorkshire,44,705,27786.66300866093,11,0,19,5,1,1,0,0,84.61662705664642,2.307757946915191,0
CUST13856,20,Female,London,83,520,32618.26812102396,7,0,24,3,1,0,0,0,35.616687648948,6.139486862014304,0
CUST13857,53,Female,West_Midlands,59,428,26458.206530238156,0,0,25,1,1,1,1,0,69.63086972719967,5.497619779761507,0
CUST13858,61,Female,East_of_England,2,750,25073.7203225361,2,0,17,1,1,1,0,1,50.10192128692744,5.754214796606393,0
CUST13859,63,Male,Wales,103,733,24926.249147157843,38,0,27,5,1,1,1,1,123.42301638415424,0.2873926280024763,1
CUST13860,68,Female,North_West,68,705,21079.14530960634,2,2,22,4,1,1,1,0,50.54246990007552,1.4543395629949774,0
CUST13861,25,Female,Scotland,73,637,82168.84530721362,3,0,24,4,1,1,0,1,23.143183908548796,2.1585965699115803,0
CUST13862,38,Male,North_West,118,740,29972.9159054511,4,0,22,5,1,0,1,1,121.07490088905361,9.32228711564291,0
CUST13863,30,Male,Scotland,100,754,49085.61832166373,5,0,17,2,1,1,1,0,77.00647550535028,2.7233064234807336,0
CUST13864,54,Male,South_West,84,469,17637.451886778963,54,0,5,3,1,0,0,0,389.9266666923028,1.3992748668188348,0
CUST13865,23,Female,North_West,54,444,42819.660967329066,2,0,21,5,1,1,0,0,24.13056970627571,2.689269891447557,0
CUST13866,74,Female,West_Midlands,57,484,27836.934168539872,11,0,5,3,1,0,1,0,99.82616806449735,9.123573469563766,0
CUST13867,30,Female,Wales,113,699,26430.248692384845,1,2,6,4,1,0,1,0,465.952377096461,2.981128580469277,0
CUST13868,60,Female,East_Midlands,76,568,22600.114162804108,48,0,24,1,1,1,1,0,148.97120029619526,3.2283706260625533,0
CUST13869,66,Male,East_of_England,59,723,41626.18463664279,2,0,28,4,1,0,1,0,52.90774779601612,1.8925604172770247,0
CUST13870,57,Male,North_West,60,663,46923.44988549566,55,4,14,5,1,1,0,0,170.69095601799904,4.712590765611253,0
CUST13871,69,Male,East_of_England,119,596,56596.55802956166,104,1,33,2,1,1,0,0,216.33551312182806,6.848098245352028,1
CUST13872,61,Female,South_East,77,659,42207.87788523505,85,1,21,5,1,0,0,0,87.67304094177835,8.523433710039379,0
CUST13873,37,Female,East_of_England,14,744,26486.46119319169,48,0,22,5,1,0,1,0,129.8399117983288,0.12460318402181156,0
CUST13874,46,Female,Scotland,74,511,97383.44144036697,4,0,9,4,1,1,1,1,126.31033919398585,3.5287564970179615,0
CUST13875,69,Male,North_West,12,413,76550.51839288033,0,0,5,1,1,1,0,1,98.31068082782599,6.108012098240976,0
CUST13876,19,Male,East_of_England,89,738,32206.193443595435,0,0,17,2,1,1,0,0,294.41921910563167,2.0649998974295425,0
CUST13877,33,Female,East_of_England,106,693,45773.41161007092,6,0,24,3,1,1,1,0,20.267430313147074,7.750584432772993,0
CUST13878,39,Female,North_West,1,728,23776.477972208253,40,0,29,1,1,1,0,0,18.978355271166627,2.5153827245501486,0
CUST13879,64,Female,East_Midlands,112,745,16032.755281223453,2,0,2,2,1,1,1,1,64.47310533456223,6.889558777807299,0
CUST13880,52,Male,Scotland,48,743,15000.0,79,0,21,3,1,1,1,0,180.88345533049485,7.826923460131151,0
CUST13881,39,Female,East_of_England,75,733,40633.66700958682,1,0,6,2,1,1,1,0,587.216901157779,3.435567876893116,0
CUST13882,44,Female,Yorkshire,58,716,64459.808602855985,3,0,22,2,1,1,0,0,84.2974105129987,11.64306852619317,0
CUST13883,18,Female,Yorkshire,5,377,19023.844134333947,2,0,18,5,1,1,1,0,195.0144898004004,7.320101083599155,1
CUST13884,30,Male,Yorkshire,15,703,45708.414719815235,3,0,17,4,1,1,1,0,95.17475962545092,5.773332323896573,0
CUST13885,58,Male,South_West,55,776,48155.96104888285,6,0,18,5,1,0,0,0,176.63174176027277,5.81982522176943,0
CUST13886,69,Male,London,101,631,49215.43091103651,2,1,29,1,1,1,1,0,157.64191414450252,4.09638133013904,0
CUST13887,65,Male,East_of_England,96,699,25737.72836391008,1,0,6,2,1,0,0,1,174.75795607393084,2.9719287890508594,0
CUST13888,52,Female,South_West,35,667,31293.721773655343,34,0,27,1,1,0,1,0,185.4852158523898,3.939358101648636,0
CUST13889,71,Male,East_Midlands,28,753,39700.59156413991,40,1,6,2,1,1,0,0,45.57055558233187,3.2885446805149448,0
CUST13890,49,Male,London,104,655,20663.985583164806,3,4,7,5,1,1,1,0,42.435481589543926,9.113910942644157,0
CUST13891,50,Male,Scotland,64,491,36007.257715855296,15,0,27,1,1,0,1,0,31.088731131991455,3.8531918152774565,0
CUST13892,65,Female,East_Midlands,84,737,68416.16951675585,5,0,19,4,1,1,1,0,253.21061953552484,1.9691844934899239,0
CUST13893,52,Female,West_Midlands,114,779,41165.29217557534,12,1,4,4,1,1,0,0,80.08034129476077,2.700101392100523,0
CUST13894,29,Female,East_Midlands,27,703,40661.326524628064,167,0,7,4,1,1,1,1,236.00963085315243,0.9103619054940943,0
CUST13895,55,Female,Wales,40,484,33261.597019637484,1,3,22,3,1,1,1,1,120.0950566749569,2.172281852719738,0
CUST13896,31,Male,East_Midlands,77,513,50174.75796054404,3,0,18,3,1,1,1,0,381.8184463306766,4.078969068674583,1
CUST13897,72,Female,East_Midlands,50,743,38367.760996772144,2,0,17,4,1,1,0,0,286.69848697323215,1.5406377777792504,0
CUST13898,57,Female,West_Midlands,58,621,33561.95325368903,112,2,19,5,1,1,0,0,168.5372068020713,3.7832777260926425,1
CUST13899,52,Male,West_Midlands,93,795,42181.233708821295,40,0,23,1,1,1,1,0,5.963725905580177,0.8942484674719828,1
CUST13900,22,Male,Scotland,32,711,26413.168065886206,3,2,16,3,1,0,1,0,55.95570699938775,2.2215357790177905,1
CUST13901,44,Female,East_Midlands,116,726,31898.464829885437,52,2,17,3,1,0,1,1,164.82091189601715,2.8597559156852586,1
CUST13902,54,Female,London,12,612,50964.062510135554,0,0,6,4,1,1,1,0,195.63982592910463,5.408133985266726,0
CUST13903,43,Female,Yorkshire,30,784,69534.25777025393,13,0,21,2,1,1,1,0,109.7874231005724,6.200382391354445,0
CUST13904,47,Male,South_East,30,528,61942.46111193661,86,0,18,3,1,1,1,1,163.2404960802936,1.4171541317590306,0
CUST13905,47,Female,Yorkshire,80,678,45750.30282222046,1,4,18,3,1,1,0,0,321.4891385998633,6.4670433801395895,0
CUST13906,50,Male,North_West,97,614,46121.41608129236,0,0,21,3,1,1,1,0,221.13885426414146,4.991156192902758,0
CUST13907,24,Female,East_of_England,94,785,29473.362969876158,2,0,21,5,1,1,1,0,101.84695424425259,3.963657006800122,0
CUST13908,32,Female,West_Midlands,68,695,24831.942452331794,0,0,26,4,1,1,1,0,318.0368090238358,1.7249432708310743,1
CUST13909,26,Female,Yorkshire,104,724,35323.43870792193,1,0,13,2,1,0,1,0,116.7394373820836,1.9640707507616462,0
CUST13910,69,Male,East_of_England,55,733,43265.51269116504,4,0,23,2,1,1,1,0,0.4828390464392283,3.002303438183021,0
CUST13911,57,Male,East_of_England,9,685,36236.09162745645,0,0,22,1,1,1,0,1,170.32088937230665,9.794848041509095,0
CUST13912,58,Male,Scotland,7,444,50145.821886318954,48,1,18,5,1,1,0,0,405.7823620807157,0.7597503159914789,1
CUST13913,22,Male,Wales,14,747,37438.22593693907,0,0,26,1,1,0,0,0,583.2058145689311,5.6789231543826935,0
CUST13914,55,Male,East_of_England,13,689,71998.5694261464,3,0,17,4,1,1,1,0,247.19611545231703,2.8198755909964284,0
CUST13915,24,Male,London,58,575,44426.09299883606,0,1,21,2,1,1,1,0,569.3457846052089,3.138867726552421,0
CUST13916,19,Female,East_of_England,80,744,26728.434434250288,2,0,17,5,1,0,0,1,300.209240028268,3.322133435358884,0
CUST13917,21,Female,East_of_England,9,766,19903.74731619897,19,0,24,5,1,1,1,0,406.955699299357,2.0213500367234154,0
CUST13918,44,Female,West_Midlands,45,815,40792.29068267414,50,0,5,1,1,0,0,0,80.81470317617907,3.83153600549941,1
CUST13919,46,Male,East_Midlands,104,844,25494.916149148492,11,0,24,1,1,1,1,0,647.3655229937642,4.331823056065901,0
CUST13920,68,Female,East_of_England,48,740,120611.61295025257,12,0,21,3,1,1,1,0,290.2764003253049,2.3949282290309966,0
CUST13921,32,Female,London,19,468,20054.552006185204,1,0,21,4,1,1,1,0,184.7027805635586,6.134020826127758,1
CUST13922,70,Male,East_of_England,8,768,22605.68176572641,6,0,16,5,1,1,0,0,166.83241588605796,3.3121221113358517,0
CUST13923,65,Male,Yorkshire,91,517,29230.918319755903,5,0,14,3,1,1,0,0,75.73153108788794,6.198475393631392,1
CUST13924,44,Female,West_Midlands,9,731,23538.09060450957,5,2,23,4,1,0,0,0,162.6124151609341,5.620864139477222,0
CUST13925,72,Male,East_of_England,108,743,35112.910987545474,16,0,2,2,1,1,0,1,171.52366784624417,5.405783686054647,0
CUST13926,57,Male,West_Midlands,109,667,27461.57895976516,5,0,24,5,1,1,1,1,273.116322155817,3.821356943416659,0
CUST13927,62,Female,London,25,752,28966.520795986427,3,0,30,5,1,1,1,0,28.546716552825618,13.124854748835837,0
CUST13928,51,Female,Wales,61,473,32217.9839896015,3,5,23,5,1,1,0,0,222.9910499882741,1.145502172395059,1
CUST13929,52,Male,West_Midlands,36,390,26474.534392721507,54,0,5,1,1,1,1,1,96.1990509311297,5.404552507080734,1
CUST13930,53,Male,West_Midlands,71,734,78291.58118297702,0,0,19,2,1,1,0,1,49.67893730132464,9.048408854515435,0
CUST13931,25,Male,North_West,73,777,23692.33026871583,5,0,19,1,1,1,0,0,198.60968715108837,4.658477409937437,0
CUST13932,41,Male,West_Midlands,27,570,42820.149383258555,95,1,2,1,1,1,0,0,196.6700573878604,6.044880217125671,1
CUST13933,42,Male,East_Midlands,46,614,40729.28089978957,4,1,7,5,1,1,0,0,106.07525953006264,4.866813954085738,1
CUST13934,67,Male,Scotland,105,729,80250.45467010494,2,0,20,4,1,1,1,0,122.19885752699182,16.303224615554118,0
CUST13935,32,Female,Yorkshire,14,703,15822.85844403763,2,1,19,4,1,0,1,1,79.78939815647801,5.0843793318256,0
CUST13936,43,Male,East_of_England,27,680,21096.532813766655,2,1,30,2,1,1,0,0,133.28711274093783,2.437809152810205,1
CUST13937,20,Female,East_Midlands,80,826,55094.03064384818,0,0,21,3,1,0,1,0,153.9142272674843,1.9000854048806404,0
CUST13938,42,Male,East_of_England,101,734,48610.68321096798,91,0,16,5,1,0,1,0,146.54635573414043,3.0943037766253116,0
CUST13939,46,Female,Wales,98,627,27916.83291370361,4,0,19,2,1,0,0,0,138.84400300217078,10.706604500282019,0
CUST13940,20,Female,Wales,45,528,46373.41398732399,1,0,24,5,1,0,0,0,294.71319590296883,10.4632897327032,0
CUST13941,40,Female,East_Midlands,35,725,20202.389593397886,6,1,18,3,1,0,1,1,42.12929075474349,11.919128206852765,0
CUST13942,38,Male,West_Midlands,100,495,27428.946587748163,3,0,6,3,1,0,1,0,217.64460354848836,3.9092159622718947,1
CUST13943,66,Male,East_of_England,71,485,47322.397764044945,63,0,24,5,1,0,1,0,27.478823859051555,1.7184800118619732,1
CUST13944,54,Female,London,110,806,26837.568592672542,0,0,20,5,1,0,0,1,185.62929202594933,3.747171705262051,0
CUST13945,32,Female,Yorkshire,9,462,22699.073198249367,50,0,26,3,1,1,0,0,320.05106457323814,1.7620522162086165,1
CUST13946,53,Female,West_Midlands,1,723,67271.54603466185,11,0,18,4,1,1,0,0,232.8417108531625,1.990309355513718,0
CUST13947,66,Male,East_of_England,11,783,28820.195678278196,0,0,26,3,1,0,0,0,128.9193203589021,4.245986378658316,0
CUST13948,64,Male,West_Midlands,113,731,35854.11859924207,1,2,27,1,1,1,1,1,103.6415329168882,5.420050533698477,0
CUST13949,51,Female,London,21,609,46778.77220771392,2,0,18,5,1,1,1,1,142.06847604960612,7.747920507985464,0
CUST13950,41,Male,East_Midlands,98,801,81934.85210806967,9,0,22,1,1,1,1,1,136.2437060930371,2.303631715330311,0
CUST13951,32,Male,London,59,815,37262.20032121064,2,0,14,3,1,1,0,1,402.4214587928602,0.9020595373699063,0
CUST13952,59,Female,London,59,467,37309.956683417164,2,7,8,5,1,1,0,0,231.76286954758305,3.330023255817587,0
CUST13953,29,Female,East_of_England,76,700,24082.1484112807,6,0,21,1,1,1,1,0,80.12916947886364,5.501158017441129,0
CUST13954,23,Female,London,15,667,41353.24661383678,81,0,20,5,1,1,0,0,143.29753146805385,6.255978178812612,1
CUST13955,28,Female,South_East,50,737,34574.92524561369,0,0,17,5,1,1,1,0,156.11898799425884,10.888154432749296,0
CUST13956,37,Male,West_Midlands,104,476,55969.88091360436,44,0,20,2,1,1,1,1,74.38775955995223,7.3674978121480175,1
CUST13957,27,Female,East_Midlands,89,662,37081.34569803844,131,3,3,1,1,1,0,1,164.12109692767694,11.726273534127394,1
CUST13958,62,Female,West_Midlands,36,629,37254.74309861709,3,0,25,5,1,0,0,0,190.53954182005174,6.0854624512181585,1
CUST13959,23,Female,London,21,639,83812.81468449064,0,0,11,4,1,1,0,0,269.06483534347285,7.553663353628272,0
CUST13960,64,Female,North_West,106,757,42848.99167600607,107,3,18,2,1,1,0,0,21.180847613618393,4.173037767540527,1
CUST13961,73,Male,West_Midlands,67,500,62558.119091895525,0,2,5,4,1,0,1,1,122.15869766892565,6.2973580122533885,0
CUST13962,59,Male,West_Midlands,94,759,45431.946039915216,8,4,12,3,1,0,0,0,177.96447236450317,5.002396198214239,1
CUST13963,42,Male,London,4,503,19572.961516129548,4,0,18,4,1,1,0,0,160.58291914325915,5.199166951774207,0
CUST13964,46,Female,East_Midlands,7,465,34434.17685177374,38,0,26,2,1,1,0,0,138.9894743887299,3.7667714724150003,1
CUST13965,58,Female,East_Midlands,110,451,29012.6739993438,1,1,11,3,1,1,1,0,159.3815602240845,5.413028707120119,1
CUST13966,46,Male,Wales,8,766,38958.39239502229,13,0,20,4,1,1,1,1,117.21487170109364,4.190270711433649,0
CUST13967,74,Male,South_East,15,652,47493.64525951987,11,0,20,2,1,1,1,1,243.72103909961277,1.3384376151648727,1
CUST13968,66,Female,London,108,588,58698.29602942138,1,0,23,5,1,1,1,1,113.16226805731061,0.3044191283329396,0
CUST13969,65,Female,Yorkshire,62,408,59796.53091595194,0,0,21,1,1,1,1,0,231.33461006512434,1.4452652288268486,0
CUST13970,65,Male,London,98,500,31982.025937669758,2,0,6,3,1,1,1,0,117.78695291186645,4.739787665918052,0
CUST13971,54,Male,Yorkshire,15,773,75667.20780429557,2,2,16,1,1,1,0,1,74.22528055091249,11.865182443304123,0
CUST13972,46,Female,Wales,31,623,23814.062949243766,1,0,23,4,1,1,1,1,5.124714402391287,6.76998626621894,0
CUST13973,51,Male,Wales,39,745,27757.10732927124,77,0,5,3,1,1,1,0,265.3809099555502,5.897978628855491,0
CUST13974,39,Male,East_Midlands,11,692,60947.90978451108,7,0,21,3,1,0,1,0,66.133650211477,1.548103132439704,0
CUST13975,35,Female,East_Midlands,59,509,46836.49475963056,136,5,1,3,1,0,1,0,145.3757059253062,5.907016783079908,1
CUST13976,46,Female,South_West,30,632,95028.19727303123,36,4,21,3,1,1,1,0,145.29015745190375,8.763349105219111,0
CUST13977,19,Female,South_East,69,531,28585.671051007386,0,0,23,2,1,1,1,0,118.56591470490946,6.670633575693224,0
CUST13978,60,Male,Wales,12,628,24378.689174040326,0,0,17,4,1,0,0,1,156.1708618514022,4.051298391754122,0
CUST13979,64,Male,Scotland,109,598,40081.544473394984,2,0,21,1,1,1,1,0,34.10404955820687,5.647796342995072,0
CUST13980,43,Female,Wales,94,743,27495.114123513144,4,0,35,1,1,1,0,0,64.41542390413629,1.8693225560313518,0
CUST13981,54,Male,London,103,451,39701.14368814149,1,1,27,2,1,0,0,0,173.5822692094404,2.812557066850455,0
CUST13982,21,Male,London,19,470,32467.659727759095,1,0,22,5,1,1,1,0,150.09564392249632,4.958066298427265,0
CUST13983,44,Female,East_of_England,53,491,36340.67350441175,6,1,22,3,1,1,1,0,70.88135002399494,5.7255621720924985,0
CUST13984,42,Male,Scotland,17,588,34752.81942261336,2,0,18,4,1,0,0,1,109.5915190362941,5.3383434975842015,1
CUST13985,24,Female,South_East,38,670,21665.155867719994,176,0,17,2,1,1,0,1,73.81170821989276,2.36913672278311,1
CUST13986,41,Female,East_Midlands,75,511,66590.98067849652,88,0,5,4,1,0,0,1,49.47063104588097,1.4091425190692999,1
CUST13987,33,Male,East_Midlands,96,685,42877.94718202301,15,2,24,2,1,1,1,1,164.54833463699748,8.749307055960871,0
CUST13988,70,Male,West_Midlands,79,763,26212.809389075257,30,0,19,2,1,1,0,0,219.8217202459897,4.527081712041968,0
CUST13989,74,Female,Wales,50,676,49190.19026265346,4,0,15,4,1,0,1,0,116.52269467004827,18.6155228954209,1
CUST13990,61,Male,London,3,635,17121.533817932606,1,0,18,3,1,1,0,0,123.99118143038649,10.582260689569829,0
CUST13991,34,Female,London,116,702,27594.583162637617,2,1,7,5,1,1,0,0,205.42483513303128,8.101044564757654,0
CUST13992,46,Male,East_Midlands,83,529,27213.12200161441,5,0,31,2,1,1,1,0,77.96410639441548,0.334381925798818,0
CUST13993,31,Female,East_Midlands,79,688,32004.36275506277,0,0,6,3,1,1,0,0,104.43289894033184,2.221785795256089,0
CUST13994,69,Female,Yorkshire,113,723,44495.51797357053,2,1,22,2,1,1,0,1,191.55361122575206,1.1741900543251562,0
CUST13995,29,Male,Scotland,20,674,41354.40503988721,19,3,16,3,1,1,1,0,58.22391329407658,10.054817292893777,0
CUST13996,47,Male,West_Midlands,19,601,40457.11805860522,9,0,22,1,1,0,1,1,176.41520611321945,2.3965029142079213,1
CUST13997,35,Female,London,28,643,34816.91985128535,78,0,19,4,1,1,0,0,393.8270185041655,3.4588386437558984,0
CUST13998,62,Male,Scotland,61,449,18099.51194999675,12,3,3,5,1,1,1,0,278.50597664348663,11.75095882983955,0
CUST13999,18,Male,East_of_England,8,431,27261.89524884817,1,0,6,1,1,1,1,0,207.60139148508085,2.0401195485843697,1
CUST14000,33,Female,South_West,115,433,47582.47598946637,7,0,29,2,1,1,1,0,39.47730358112009,6.798232204537607,0
CUST14001,30,Male,South_East,97,607,28480.460420247247,2,1,14,5,1,1,1,0,75.22511188728329,4.072843337838947,0
CUST14002,35,Female,North_West,105,792,41407.964156840695,45,0,19,5,1,0,1,0,341.54787926473995,1.33907641000677,1
CUST14003,26,Male,Scotland,42,695,35022.561056907136,5,0,22,3,1,1,0,0,63.834743951285134,2.5489777484994147,0
CUST14004,29,Male,North_West,96,700,34000.243742259016,1,4,20,3,1,1,0,0,289.4261199261505,2.3093755469005863,0
CUST14005,29,Male,Yorkshire,88,489,49780.48104865987,177,0,24,1,1,1,0,0,348.99241826970587,3.47542559613292,0
CUST14006,29,Female,London,21,765,33244.55477699576,41,4,17,4,1,0,0,1,34.91084071061959,1.9534535690113664,0
CUST14007,57,Female,West_Midlands,40,726,15000.0,92,2,12,3,1,1,1,0,71.24239907716002,11.882360981042027,0
CUST14008,26,Male,West_Midlands,45,721,38984.822333635544,50,0,27,4,1,1,1,0,55.28952477986305,2.490583227590842,0
CUST14009,34,Male,South_West,75,722,70258.21431301937,0,0,6,1,1,0,1,0,69.57315046516243,15.158824548406024,0
CUST14010,47,Female,West_Midlands,47,704,58119.57308534311,12,0,22,4,1,0,0,0,21.98589274504158,1.3187968501496294,0
CUST14011,68,Female,South_West,62,611,44834.1061495453,2,0,17,3,1,1,0,0,132.9538408012067,8.930420073242395,0
CUST14012,33,Female,East_of_England,57,729,54344.96603624082,1,5,26,3,1,1,1,1,12.004166731121238,5.249189663233231,1
CUST14013,28,Male,East_of_England,73,480,44100.22844612148,1,1,23,4,1,1,0,1,184.68807204356773,2.854331144056502,0
CUST14014,53,Male,East_of_England,88,678,27661.079448119497,0,0,16,4,1,1,0,1,100.79381179838455,2.973584870909391,0
CUST14015,69,Male,Scotland,2,588,91237.19011005732,3,0,23,5,1,1,0,0,160.37608992446246,6.712753561753555,0
CUST14016,53,Female,East_of_England,56,766,23276.004359330047,7,0,21,4,1,1,1,0,254.84269790174332,13.145707338995237,0
CUST14017,49,Female,North_West,24,720,29673.496356199692,42,0,25,4,1,1,0,0,76.33882029338194,3.593576151315732,0
CUST14018,49,Male,Wales,41,720,24067.60389898666,38,0,17,3,1,1,1,1,192.36530023722767,6.164918542227832,1
CUST14019,49,Male,East_Midlands,59,724,32385.12481000274,1,0,6,1,1,1,0,1,57.72068766088124,3.330551886964566,0
CUST14020,42,Male,South_West,36,639,23133.44107442317,54,0,16,5,1,1,1,0,353.4164684436091,2.7638627012940202,0
CUST14021,48,Female,Yorkshire,34,673,66074.46121877788,0,1,4,4,1,1,1,1,114.66874391258946,5.7824444607573415,0
CUST14022,73,Female,West_Midlands,23,733,44456.59850688528,1,1,19,4,1,1,0,0,146.09778499981232,4.101386063139537,0
CUST14023,62,Male,Yorkshire,65,675,66820.46019652026,38,5,25,1,1,0,0,0,27.260019736957158,1.2284209995868633,0
CUST14024,48,Female,Yorkshire,76,584,22570.9415422276,0,1,8,3,1,1,0,0,75.1721276313138,8.279320522056398,0
CUST14025,25,Male,Wales,107,739,28274.214510204467,73,1,15,5,1,0,0,0,136.45776046299267,5.792391708446508,1
CUST14026,25,Male,London,100,615,29764.95757049408,4,0,24,2,1,0,1,0,121.87173234770702,2.438666838840435,0
CUST14027,21,Male,London,88,482,55567.458091245564,5,0,18,1,1,1,0,0,36.35651090635204,4.958455686493212,0
CUST14028,62,Male,London,90,699,21544.34476582654,75,0,24,5,1,1,1,1,24.720876895947242,9.014051706464038,0
CUST14029,25,Male,London,29,779,26933.5228225487,5,0,19,5,1,1,0,0,107.01791794305547,6.859897030301675,0
CUST14030,37,Male,West_Midlands,114,679,29413.19752121576,2,5,6,4,1,0,0,1,63.14285487414416,2.3257447096672097,0
CUST14031,48,Female,South_West,112,713,37199.98440242402,36,1,18,1,1,1,1,0,342.5168325501429,10.599705931948433,1
CUST14032,67,Male,East_Midlands,78,670,44127.645598486815,9,0,12,4,1,1,0,0,17.356918799766934,2.5631525565619957,0
CUST14033,32,Female,Wales,61,684,45278.84981483423,23,1,19,1,1,1,0,0,230.80717475884344,0.7517282499219514,1
CUST14034,36,Female,East_Midlands,104,769,22806.29287369166,4,0,19,5,1,1,1,1,79.29271429410885,2.3485527097373247,0
CUST14035,37,Male,South_West,8,631,24310.465693400343,12,0,6,5,1,0,1,0,152.46910696049818,2.8839089904182584,0
CUST14036,23,Male,Wales,22,608,46561.207293373605,0,5,27,1,1,1,1,1,137.78470510305442,2.753167728218723,0
CUST14037,58,Female,East_Midlands,22,756,20868.76338951647,0,0,12,4,1,1,1,0,93.64310951005129,5.710733500851511,0
CUST14038,29,Female,East_of_England,39,717,31647.160012407658,10,0,21,3,1,0,1,0,115.98227048134085,1.8510734848378378,1
CUST14039,32,Male,West_Midlands,7,822,34094.536588602736,12,0,18,2,1,0,1,0,45.366650469365695,2.136781994480333,0
CUST14040,23,Female,Scotland,88,719,83622.2107595179,0,0,5,2,1,0,1,0,100.72008695291102,6.397641414516739,0
CUST14041,67,Male,Scotland,19,586,53114.10356165623,41,3,14,3,1,0,0,0,166.51726099204214,4.4935062612101015,1
CUST14042,36,Female,Scotland,85,817,39912.06419592956,2,3,25,3,1,1,0,0,170.19844532853813,2.9992359808626796,0
CUST14043,67,Female,South_West,17,718,45526.36756088003,6,4,28,2,1,0,1,0,148.4073003183377,7.596264729371481,0
CUST14044,49,Female,West_Midlands,85,494,29291.073067157973,9,6,23,1,1,0,1,0,236.71085635128426,11.577389046624273,1
CUST14045,68,Male,Wales,73,553,30208.313635986542,4,0,21,2,1,1,1,1,304.9439000659818,1.181829057480444,0
CUST14046,71,Male,East_of_England,58,612,20497.120435853103,0,0,21,3,1,0,1,0,196.53726358956183,12.101745302737365,0
CUST14047,35,Female,North_West,6,501,22285.955507420364,93,0,26,3,1,0,1,1,146.00919102096088,4.614996486847041,1
CUST14048,43,Female,East_of_England,102,703,19908.982599369163,53,0,15,1,1,0,0,0,98.62355561344116,2.1569144794450903,1
CUST14049,73,Male,Yorkshire,30,728,41433.63801090621,2,0,31,5,1,1,0,0,288.2766458082387,1.8838099997923894,0
CUST14050,22,Female,East_Midlands,114,668,29421.622305679106,1,0,21,3,1,1,0,0,302.31809382077967,0.579979946228024,0
CUST14051,43,Male,East_of_England,14,525,58714.394462763776,9,0,12,3,1,1,1,0,122.94344297369035,16.838279793799213,0
CUST14052,59,Male,Yorkshire,28,674,41773.250804552255,20,0,27,3,1,1,0,0,115.02385029601534,8.343864604322432,0
CUST14053,56,Male,Scotland,91,641,43632.8457773737,1,0,18,3,1,1,1,0,168.58432066965165,2.470584195470355,0
CUST14054,24,Male,Yorkshire,107,706,110360.44823615183,2,0,8,3,1,1,0,0,261.0293583784776,7.70339573390157,0
CUST14055,71,Female,South_East,85,733,36133.744159531314,19,0,17,1,1,1,0,1,71.0428548062261,4.597805215311852,0
CUST14056,71,Male,South_West,93,505,25148.472726405802,18,0,23,2,1,1,1,0,27.491220257228495,9.80478962131314,0
CUST14057,59,Female,East_Midlands,75,449,36642.83291618053,16,0,23,5,1,1,0,0,29.821543446047063,2.4773564643738104,0
CUST14058,19,Female,Scotland,90,658,76279.16349705507,0,0,23,2,1,1,1,0,93.24734282430907,2.956527872938375,0
CUST14059,72,Male,Yorkshire,66,470,43556.58949399688,39,4,5,5,1,0,1,1,90.23033780382451,0.7376029440746015,1
CUST14060,27,Male,Scotland,100,850,41865.91725271951,8,0,20,1,1,1,1,0,61.956809107636005,7.183856706413278,0
CUST14061,55,Female,North_West,53,740,52872.43804574545,142,0,13,1,1,0,1,0,86.60857716348653,2.2211415095669897,0
CUST14062,18,Female,South_West,108,483,42840.56859967432,2,3,25,5,1,1,0,0,375.47022704849894,1.609087477869699,1
CUST14063,25,Female,West_Midlands,90,697,37818.434181672594,4,0,1,2,1,1,0,0,68.9501167590284,3.2254962069900825,0
CUST14064,67,Female,North_West,10,671,27629.498711631502,30,0,25,4,1,1,1,0,68.04134965641124,3.3376341151885836,0
CUST14065,49,Female,South_East,85,699,83050.08190248821,37,0,18,2,1,1,1,0,46.09624379584357,2.9739042506460986,0
CUST14066,28,Male,Scotland,15,807,24127.40912109484,6,0,14,4,1,0,0,0,76.36758467156012,0.552104943826219,0
CUST14067,21,Male,East_of_England,109,696,55983.8948204377,1,1,23,2,1,1,0,1,87.97341386565442,1.2685886261575718,0
CUST14068,55,Female,East_of_England,29,643,52161.43118477243,0,1,3,1,1,1,1,0,111.29870433701856,0.803325642088888,0
CUST14069,48,Male,London,35,540,30430.64006414425,2,0,24,3,1,1,0,0,316.76902419293367,8.440072816957016,1
CUST14070,48,Female,East_Midlands,89,697,28415.456753436654,0,0,14,2,1,1,1,0,76.95430495519486,6.6518874738386735,0
CUST14071,70,Male,Yorkshire,36,629,24178.96471332965,9,0,4,3,1,1,1,0,238.5764911796691,7.269486053244686,1
CUST14072,62,Female,North_West,83,534,24249.149957820588,1,0,24,2,1,0,1,0,171.64982250866774,4.684413503286487,0
CUST14073,38,Female,South_West,29,653,45709.05339449032,1,0,27,4,1,1,1,0,238.43061590790126,2.2766409269185495,0
CUST14074,43,Male,Yorkshire,117,600,90909.5965368268,1,0,21,2,1,0,0,0,134.10174169917778,7.559111123004758,0
CUST14075,29,Male,Yorkshire,77,763,29843.547748585897,0,1,8,2,1,1,0,1,151.73534961550672,5.537211914394415,1
CUST14076,70,Male,East_of_England,44,640,56973.612873264756,4,4,17,3,1,1,1,0,78.83986360066399,6.259057032135694,0
CUST14077,41,Female,Yorkshire,72,678,33624.05165679092,2,0,5,2,1,1,1,0,164.88230758078058,1.7319035731474512,0
CUST14078,22,Male,North_West,67,784,25562.318545112397,0,0,18,5,1,1,1,1,337.6685942319609,5.599784030413337,0
CUST14079,71,Male,West_Midlands,81,757,39998.76518639102,6,0,24,1,1,1,1,0,60.92223081020172,2.2517672031432348,0
CUST14080,20,Female,Scotland,99,761,32698.645126125433,3,0,14,4,1,0,1,1,134.2487712238605,7.509272437704945,0
CUST14081,25,Female,East_Midlands,68,499,32382.076326946426,6,0,1,2,1,1,0,1,341.15403355248014,2.3028101086529174,0
CUST14082,71,Male,South_East,41,685,38322.06832374264,7,0,25,3,1,0,0,0,128.91438345701948,4.53716569539102,0
CUST14083,60,Male,West_Midlands,6,614,36761.38203412264,4,0,20,3,1,1,1,0,84.21559856812293,3.8586269288836883,0
CUST14084,74,Male,Yorkshire,5,697,42628.69881643601,1,1,5,5,1,1,0,1,123.8599146407589,1.9062577849540066,0
CUST14085,27,Female,South_West,70,664,69020.57833404499,1,0,20,1,1,1,1,0,103.53406280929026,2.9875910387244184,0
CUST14086,35,Male,South_West,46,679,41089.14796116689,30,0,20,2,1,1,1,1,139.07986324527974,2.553631830081935,0
CUST14087,30,Female,London,84,771,48431.16935502867,143,3,26,5,1,1,1,0,81.0376509201892,3.665254873162368,1
CUST14088,35,Male,South_East,30,594,44084.53409097756,2,0,21,2,1,1,1,0,154.9544383430278,6.451922248356635,0
CUST14089,72,Male,Yorkshire,79,665,33421.82004431649,0,3,9,1,1,1,1,0,85.92837822808495,1.2154181923854506,0
CUST14090,36,Female,South_East,103,639,28355.143886733,10,4,25,3,1,0,1,0,56.41627797755689,2.166952320032654,0
CUST14091,22,Male,Scotland,113,666,33583.06750358101,4,0,24,5,1,1,0,0,168.91876732016675,4.108578746781327,0
CUST14092,52,Female,East_of_England,5,782,49263.12510916086,3,0,27,5,1,1,1,0,52.22313391799802,4.372670715623955,0
CUST14093,36,Male,East_Midlands,51,511,42964.01559204079,2,0,1,1,1,0,1,0,181.954784663527,19.827003184154556,1
CUST14094,34,Female,Wales,56,685,50234.48828403765,116,0,11,2,1,1,1,0,425.90343502476304,6.427198755855505,0
CUST14095,40,Male,North_West,57,449,29985.30544520878,3,0,20,5,1,1,0,0,195.982714192228,6.364895256016018,0
CUST14096,59,Male,North_West,98,443,34182.25994114593,60,0,20,5,1,1,1,0,243.2034279773378,6.650096760253481,1
CUST14097,32,Male,South_West,3,750,24183.442605455963,10,0,15,4,1,1,1,0,61.743913588174095,0.719463718802944,0
CUST14098,73,Male,South_East,93,720,71381.15697937617,106,0,9,1,1,0,1,0,237.09080091648724,1.1146505329709087,1
CUST14099,51,Male,South_West,62,741,40538.73388348046,2,3,16,3,1,1,1,0,92.61993848658288,3.958627745737191,0
CUST14100,34,Male,Scotland,29,751,39601.20048953038,14,0,22,1,1,1,1,1,99.66266951424356,9.565637554314403,0
CUST14101,66,Male,North_West,11,674,51130.00143680297,0,0,2,1,1,0,0,1,240.68539468238788,2.386871473206199,0
CUST14102,51,Female,East_Midlands,91,704,42588.19560315922,0,2,19,5,1,1,0,1,81.51521258144729,5.3286264884977665,0
CUST14103,23,Female,East_Midlands,88,591,38936.26627221552,59,2,20,3,1,1,0,0,26.010542912473277,1.3883085958425465,1
CUST14104,45,Male,Scotland,111,488,24249.281996254325,4,1,2,2,1,1,0,0,340.08311657796247,2.265995057262021,0
CUST14105,73,Female,North_West,56,533,34633.181068772064,0,0,19,5,1,1,0,0,41.04432086252884,4.007519777809989,0
CUST14106,19,Male,North_West,81,460,42748.06767086575,4,2,10,4,1,1,1,0,178.87851963544384,15.81476911825693,0
CUST14107,30,Male,East_Midlands,32,659,36331.125952125614,1,0,26,3,1,0,0,0,185.71985316354537,1.5617798726889975,1
CUST14108,68,Female,East_of_England,115,670,36955.578425070125,7,0,22,2,1,1,0,0,101.47824714808829,3.31433746460526,0
CUST14109,57,Male,East_of_England,64,661,32152.549386111208,0,1,16,4,1,1,1,0,153.56455652363695,11.451740935351093,0
CUST14110,43,Male,Scotland,9,660,32780.817697994,3,0,13,5,1,1,1,0,98.8582680836716,2.5522904897506686,0
CUST14111,40,Female,East_Midlands,5,770,57680.68921642352,0,0,17,1,1,1,1,0,100.21334820834558,6.398549901584794,0
CUST14112,50,Male,North_West,56,648,24402.747874267574,0,0,18,5,1,1,1,1,126.97464127796054,1.5358766556449432,0
CUST14113,55,Female,West_Midlands,113,509,54303.548206305524,32,0,26,3,1,1,1,1,111.63221337853376,13.45941325267695,0
CUST14114,21,Female,London,87,707,30896.472243163873,0,3,18,3,1,1,1,0,22.129333222244714,5.156849367624571,0
CUST14115,51,Male,Scotland,102,710,45861.47746554922,3,0,3,1,1,1,1,1,220.0429461893078,6.787251773263798,0
CUST14116,58,Male,East_of_England,15,668,64121.81256053745,49,1,23,3,1,1,1,0,146.21668279699682,11.846746747517276,1
CUST14117,56,Female,Wales,39,557,29515.835888635414,37,0,7,4,1,1,1,0,53.941727395700276,1.0117148789312789,1
CUST14118,74,Male,North_West,67,642,32724.158107507727,2,1,24,3,1,0,0,0,125.28561041451373,3.9981755908731875,0
CUST14119,23,Female,London,71,680,96625.7055195668,32,1,28,2,1,1,0,0,112.22916008439225,2.261127705824023,0
CUST14120,25,Female,London,24,750,24368.298060456065,7,0,20,5,1,0,1,0,15.674972031857665,17.020213578263455,0
CUST14121,41,Female,South_West,56,629,26260.599615209147,7,0,20,3,1,1,1,0,117.12402299000752,4.842789456975522,0
CUST14122,63,Female,Yorkshire,119,541,33624.347089490904,1,0,16,3,1,0,1,0,133.28968250511397,3.4063170683341126,0
CUST14123,32,Female,South_West,63,571,38435.09461206565,0,0,18,3,1,1,0,1,110.38448895022213,4.743176566942027,0
CUST14124,21,Female,Scotland,16,680,40295.45996222901,0,0,9,1,1,1,0,1,66.78043457712702,1.5142429675139024,0
CUST14125,45,Female,West_Midlands,77,731,35222.77046424312,52,3,14,3,1,1,1,0,292.95764446491813,7.7759593656722075,0
CUST14126,26,Female,West_Midlands,95,525,42521.847313092614,6,3,22,5,1,1,0,1,121.92298303107401,1.8579164274572844,0
CUST14127,46,Male,West_Midlands,85,488,38651.308164481874,34,0,2,5,1,0,0,1,116.30699413900365,6.393502996306637,0
CUST14128,45,Male,London,116,798,58772.59160311626,2,0,25,2,1,1,0,1,294.6323031175887,1.3303822442473499,0
CUST14129,59,Male,London,110,468,27465.213711971322,2,0,20,4,1,1,0,0,125.47342296152668,0.4802953481245053,1
CUST14130,44,Female,South_East,11,618,46361.73383649478,132,2,15,3,1,0,1,1,96.22831269200938,5.0442268063627305,0
CUST14131,51,Male,London,90,606,15000.0,42,7,15,4,1,1,1,0,262.7227516063889,1.5992588781371022,0
CUST14132,68,Female,Yorkshire,29,721,32394.687822443717,6,0,7,2,1,1,0,0,67.95963605649261,2.5886879386781674,0
CUST14133,39,Male,West_Midlands,107,503,94381.91269224265,12,0,8,1,1,1,1,0,176.378390161502,3.815036620358177,0
CUST14134,55,Female,South_West,18,615,60663.51342207093,3,0,19,1,1,0,0,1,115.22891892776165,5.619732154720235,0
CUST14135,50,Female,Wales,61,746,28168.764002241012,3,1,20,3,1,0,1,0,64.6395206990585,8.056033561564663,1
CUST14136,72,Male,South_West,36,688,57888.78821432627,34,0,19,3,1,0,0,0,28.679784877004472,2.1036434046119106,0
CUST14137,63,Male,West_Midlands,70,530,117884.31927047328,6,0,19,5,1,1,1,1,352.5418537258768,3.3938230022784093,0
CUST14138,37,Male,Wales,14,659,31249.98079602619,7,0,14,1,1,0,1,1,218.08771528883383,3.8979926483127363,0
CUST14139,31,Male,Wales,81,598,39069.801813755985,16,0,23,5,1,1,1,0,57.830319182047255,4.257914748772334,0
CUST14140,71,Female,London,97,707,84042.18866541627,49,4,4,1,1,0,0,0,120.96993560226922,2.453948679095665,1
CUST14141,41,Male,Wales,89,692,17082.836353085168,13,0,22,3,1,0,1,0,67.80849211089647,1.5835822910270965,0
CUST14142,73,Female,West_Midlands,61,716,42443.95561895488,5,0,16,2,1,1,0,0,90.84079318400816,1.966560283836222,0
CUST14143,50,Female,East_Midlands,117,721,32610.2342413619,0,3,20,2,1,0,1,0,185.17417953687755,11.688162812397383,1
CUST14144,48,Female,London,90,665,31367.875809466484,62,0,6,4,1,1,0,0,149.78444735425904,12.121178407488474,0
CUST14145,20,Female,London,119,636,23863.23688564678,6,0,13,1,1,0,0,0,382.3645589205703,7.782490283846357,0
CUST14146,52,Male,Wales,20,489,29376.570876767888,102,0,16,1,1,1,0,0,143.50964239587208,6.738463944420976,0
CUST14147,70,Male,London,102,631,43798.09350762199,1,1,27,2,1,0,0,0,25.558392490570508,5.992673924988988,0
CUST14148,18,Female,South_West,113,784,20632.2186017706,0,3,4,1,1,0,0,1,207.29763825988044,2.645179496536046,1
CUST14149,51,Male,Wales,75,639,37547.02237617301,39,0,17,1,1,1,1,0,74.22885029263655,6.09609489772513,0
CUST14150,62,Male,London,51,769,38883.2330905384,138,0,29,2,1,0,1,1,109.50724401600145,2.7484645360733104,0
CUST14151,37,Female,North_West,112,536,55366.495923672424,11,0,7,3,1,1,1,0,189.50284425389034,6.883821096521285,0
CUST14152,20,Male,West_Midlands,103,648,58896.535597965114,43,3,22,2,1,1,1,1,139.67334959738878,4.977345535611121,1
CUST14153,39,Male,East_of_England,66,708,28811.59895531189,0,0,6,3,1,0,1,0,128.0744971162028,1.4201714195044521,0
CUST14154,44,Male,South_West,66,521,54747.3250996931,43,0,18,4,1,0,0,0,253.732073101419,4.796161154766124,0
CUST14155,59,Female,East_Midlands,42,697,50701.805119352655,4,1,21,1,1,0,0,0,107.84537455250509,1.0000495231801034,0
CUST14156,45,Male,Scotland,12,686,27898.640321154428,6,3,20,3,1,0,0,1,110.33006218727897,0.8397983352809878,1
CUST14157,45,Male,Wales,44,760,48545.58978326623,3,0,25,1,1,1,1,0,224.96333956512268,6.014949593991968,0
CUST14158,26,Female,West_Midlands,34,497,31382.06608014511,4,2,21,5,1,1,1,0,276.5448686853776,5.429261188108827,1
CUST14159,65,Male,Scotland,39,669,21439.740313833165,2,0,16,2,1,0,0,0,179.66544994762293,3.33601055837868,0
CUST14160,50,Male,East_Midlands,80,674,19773.474437438617,52,0,25,3,1,1,0,0,231.6030386628425,9.57971496907996,0
CUST14161,64,Female,South_East,5,683,40106.49608437207,11,3,5,3,1,0,1,0,93.72056380489978,2.596443671226825,0
CUST14162,38,Female,East_Midlands,50,749,20910.020097847584,1,2,7,5,1,1,0,0,179.82040038581934,3.4234227289269987,0
CUST14163,74,Male,Scotland,65,746,24529.79957709437,83,1,20,3,1,1,1,0,106.00304571353692,2.0485710542063043,0
CUST14164,50,Male,London,93,802,32043.63852089374,5,0,6,1,1,1,1,0,201.8647562152489,0.8482836397184536,0
CUST14165,45,Female,East_of_England,103,675,48723.789218607446,85,0,4,5,1,1,1,0,112.71565376048767,10.04223601244571,1
CUST14166,47,Female,South_East,107,704,47597.852659075696,0,0,21,3,1,1,0,0,154.72942423198694,3.4723359465746744,0
CUST14167,56,Male,Yorkshire,111,700,24547.74987949709,6,0,24,1,1,1,1,1,147.16237556277574,2.2796012212347634,0
CUST14168,23,Female,South_West,43,739,50995.077136388536,3,0,12,2,1,0,1,0,334.8471317052121,8.120909732572061,0
CUST14169,28,Female,Wales,70,637,62016.75503150932,4,0,18,4,1,0,0,0,106.78350035024422,11.248006923679801,0
CUST14170,66,Female,London,43,729,22545.916475133527,62,0,14,1,1,0,1,0,181.60463618349652,0.4270578772667487,0
CUST14171,27,Male,West_Midlands,27,631,25798.976051563674,5,0,17,2,1,0,0,1,283.5969319924434,5.738013692558139,0
CUST14172,68,Female,Yorkshire,7,710,23346.481080148835,0,0,12,5,1,1,1,0,32.392041546006475,6.1995163014360415,0
CUST14173,32,Male,East_of_England,110,532,108041.47242023503,6,0,22,2,1,1,0,1,318.7359114079607,4.835198649997289,1
CUST14174,33,Female,South_West,89,764,27864.692447878973,9,0,22,1,1,1,0,0,124.42945225711009,1.6876801538406019,0
CUST14175,59,Female,South_East,93,689,55714.614252227286,5,0,5,2,1,1,1,1,72.37439106320316,2.8740090989656224,0
CUST14176,65,Male,London,116,483,32625.279158676516,93,0,23,1,1,1,0,0,178.52194119579735,10.183058741349846,0
CUST14177,39,Female,East_Midlands,44,774,23223.561726151893,11,0,21,4,1,1,1,0,183.90947883481797,5.706675139981169,0
CUST14178,58,Female,Wales,119,689,76859.53868584789,10,2,8,5,1,0,1,0,151.94734234670952,2.986308711646352,0
CUST14179,72,Male,Scotland,52,503,27408.36999792055,1,0,13,5,1,0,0,0,74.79689579760745,7.359444848113111,0
CUST14180,62,Female,London,52,748,57056.574152015804,0,0,5,5,1,1,1,0,104.30574771831928,1.8014376647903836,0
CUST14181,62,Male,West_Midlands,93,668,32089.104106298208,27,5,23,1,1,0,1,0,49.70912957402308,3.7942597101767053,1
CUST14182,39,Female,London,6,665,22484.246181728828,3,0,18,2,1,1,1,0,173.94590770147937,4.767943549584302,0
CUST14183,28,Male,Scotland,116,651,32989.54249260945,0,0,22,1,1,0,1,1,258.4080902289073,6.344461472297166,0
CUST14184,49,Male,South_West,33,680,45175.26622164091,40,0,31,4,1,0,1,0,104.51498094483917,6.115453815488713,1
CUST14185,22,Female,West_Midlands,77,671,24564.673112039196,7,3,8,5,1,1,1,1,132.56436942494747,4.144684370793418,1
CUST14186,30,Female,North_West,99,664,35494.398616555925,26,0,19,5,1,1,0,0,18.58031572446182,4.211123394204602,0
CUST14187,41,Male,East_Midlands,36,741,64899.45909155411,5,0,22,4,1,1,1,1,154.91395248830938,6.3500530009024745,0
CUST14188,64,Male,Scotland,104,439,54949.84583234267,55,0,19,5,1,1,1,0,31.093729837882456,3.5029137717036307,0
CUST14189,28,Male,East_of_England,73,651,76681.29597622216,0,0,16,3,1,0,1,0,63.01672829226362,2.1281305809642896,0
CUST14190,51,Female,East_of_England,30,515,26595.05511230353,18,0,5,4,1,1,0,0,49.85191374124323,2.8587535764520755,0
CUST14191,66,Male,London,35,636,30817.819347772285,35,1,27,1,1,1,1,0,99.28320270892169,2.079153578235439,1
CUST14192,51,Female,South_West,117,705,59781.171893583465,2,0,16,5,1,1,0,0,18.812559768974978,2.4594515338528478,0
CUST14193,35,Female,North_West,30,681,32144.754987534834,1,0,16,1,1,1,1,0,76.59611497702785,4.700679626824713,0
CUST14194,71,Male,South_West,34,458,47217.964105871884,5,0,20,5,1,1,1,0,29.264671388573497,11.234723088589543,0
CUST14195,57,Male,West_Midlands,52,611,71978.72234706442,7,1,26,2,1,1,0,1,155.56924460508134,2.8895865293667407,1
CUST14196,68,Male,London,77,481,25708.250849236814,1,0,8,4,1,1,0,0,18.398954414239174,0.9494476094458129,0
CUST14197,58,Female,Scotland,32,741,26799.5954471543,149,0,23,3,1,1,1,0,128.88794428551793,2.359378210510519,1
CUST14198,37,Female,London,67,462,15000.0,5,0,19,1,1,1,1,1,255.64816736926284,0.7634399678270926,0
CUST14199,60,Male,Yorkshire,10,678,34729.152208221174,18,0,25,2,1,1,1,1,53.73448527502172,4.40004687928959,0
CUST14200,40,Male,South_West,61,650,23301.06386821589,2,0,20,1,1,1,1,0,149.2092695477726,1.6368961002544409,0
CUST14201,74,Female,East_of_England,36,671,21882.69569465933,1,0,18,1,1,1,1,0,160.66542016405558,5.206444498762808,0
CUST14202,29,Male,East_of_England,34,675,18388.799265545844,87,0,19,5,1,0,1,0,68.28164669733047,7.442308761711471,1
CUST14203,65,Female,West_Midlands,113,758,29130.420105544137,48,0,20,4,1,1,0,0,200.2191147767563,5.137516672052575,1
CUST14204,50,Male,Wales,57,698,112981.38364512571,1,0,21,5,1,1,1,0,150.27604600138542,3.968284154203528,0
CUST14205,18,Female,Yorkshire,3,698,33424.19993117795,4,1,20,5,1,0,0,1,461.91804373908394,7.078748083644615,0
CUST14206,74,Male,East_of_England,81,685,52585.63793974511,116,0,14,5,1,0,1,0,27.027265614117834,7.4209273202041075,1
CUST14207,54,Male,London,88,659,31600.058372086005,7,2,25,5,1,1,1,1,208.64184989095548,3.4278437581058894,0
CUST14208,40,Male,Wales,35,632,24278.669344376303,12,0,20,2,1,1,1,1,67.7341560851014,4.9279219234015175,0
CUST14209,52,Male,East_Midlands,48,458,69512.59689118511,4,0,17,2,1,1,0,0,58.81745600771835,4.7621857138574475,0
CUST14210,35,Male,Scotland,3,727,39893.45027369972,1,0,20,2,1,0,0,0,79.25669736204995,6.103902119529597,0
CUST14211,74,Female,East_Midlands,113,656,59544.2794236196,4,2,17,1,1,1,1,0,88.38153779498408,3.064001168082957,1
CUST14212,38,Female,Yorkshire,63,704,48117.156899426736,4,5,28,5,1,1,1,0,60.97846705724411,5.108972173433739,0
CUST14213,74,Female,London,65,470,41216.4721610865,10,0,20,2,1,1,0,1,175.85362603084096,1.792590308617066,0
CUST14214,26,Male,South_West,30,660,48754.74153534673,9,0,3,5,1,1,1,0,45.53267469398381,6.196900804164688,1
CUST14215,39,Female,Yorkshire,104,725,46644.00021403191,5,0,21,2,1,1,0,1,129.29342207509745,9.838696058884219,0
CUST14216,56,Male,West_Midlands,83,416,54339.41281614906,5,4,4,3,1,1,1,0,22.475762942000102,2.6979482119493854,0
CUST14217,34,Male,Scotland,67,719,20412.500460111885,2,0,25,3,1,1,0,0,99.06002151221455,3.876940911247002,0
CUST14218,66,Female,Scotland,7,601,31290.65019728634,144,3,28,1,1,1,0,1,72.67398159025277,2.5866633166273183,1
CUST14219,49,Male,North_West,4,499,36190.20269678649,1,0,18,1,1,0,1,0,189.8274430491482,1.0626470339547631,0
CUST14220,43,Male,North_West,11,690,36641.27861595559,4,1,16,1,1,0,0,0,82.85041500867136,6.0674525907309125,0
CUST14221,51,Male,East_of_England,25,642,30651.044618845302,4,0,20,1,1,0,1,0,177.23104608229403,1.994127278973147,1
CUST14222,30,Male,Yorkshire,108,719,21040.454109688122,0,2,26,3,1,1,1,0,259.9983819131108,7.706359591118481,0
CUST14223,53,Female,South_East,96,452,24884.058448517062,3,1,9,1,1,0,1,0,26.371782992015497,4.21389272538867,0
CUST14224,61,Male,North_West,12,698,27590.235758735478,0,0,21,3,1,1,0,0,53.83360949182952,5.800266417916759,0
CUST14225,74,Female,Wales,15,531,30249.726964324822,0,2,23,5,1,1,1,1,125.06370752322819,11.526686167513764,1
CUST14226,50,Female,West_Midlands,113,670,29689.03578645184,0,0,15,4,1,0,1,0,227.85882918904662,2.751241349741929,0
CUST14227,36,Female,Yorkshire,46,720,17288.224363255064,0,0,20,3,1,1,1,0,139.03283238383585,4.417258819834196,0
CUST14228,68,Female,Scotland,64,769,30055.32678644928,0,0,21,2,1,1,1,1,148.99414799150344,8.409385288986448,0
CUST14229,27,Female,Wales,75,567,63903.64599869323,12,0,21,1,1,0,0,1,148.71876586023984,3.915845735180627,1
CUST14230,48,Female,North_West,96,473,35722.16712310284,1,3,6,1,1,1,1,1,49.37780127754723,3.1163317532395842,1
CUST14231,67,Male,East_of_England,20,697,59148.92280024154,10,0,24,5,1,1,0,0,94.4333852661037,12.758235608008064,0
CUST14232,40,Male,Scotland,62,666,25670.94889423331,0,0,2,3,1,1,0,0,109.46101343528112,3.2471367651812466,0
CUST14233,29,Female,Scotland,6,645,47414.19033166664,0,0,19,4,1,1,1,0,240.70864563369324,5.244958774502811,1
CUST14234,23,Male,East_Midlands,115,567,44293.835707968676,6,0,35,4,1,1,1,0,42.58658110130228,5.578257517834276,0
CUST14235,27,Female,South_West,31,769,19724.910676005817,1,0,14,2,1,0,1,0,12.092337423818353,7.231551615900837,0
CUST14236,53,Female,South_East,99,736,41782.1307142236,41,0,18,2,1,1,0,1,156.24155943524693,2.044062295133107,0
CUST14237,70,Male,Yorkshire,11,527,37348.56452737872,0,0,21,3,1,0,1,0,281.3824931001192,1.3470465477211515,0
CUST14238,18,Female,Wales,14,514,50725.86250995314,15,0,18,3,1,1,0,0,149.56026596789778,10.61340243978335,0
CUST14239,69,Female,West_Midlands,18,681,28179.212605788605,1,0,22,5,1,0,0,0,261.44011294839174,10.43202471811246,0
CUST14240,22,Male,West_Midlands,12,626,41545.83821999078,47,0,13,4,1,1,0,1,371.30464922706534,0.6426603457068376,0
CUST14241,68,Female,East_Midlands,90,720,23709.327501388605,110,0,5,5,1,0,1,0,138.03158262329836,1.5217095514914933,1
CUST14242,72,Male,South_West,40,657,22445.562324309765,2,2,18,4,1,0,1,1,119.74587215610845,2.5160230910048225,0
CUST14243,48,Female,East_Midlands,102,692,41088.625067417524,7,0,6,1,1,1,0,0,124.99802176218385,8.641694775959355,0
CUST14244,44,Female,East_of_England,2,645,61553.211419953885,0,0,4,1,1,1,1,0,115.47469077727088,10.223228673534166,0
CUST14245,58,Female,North_West,20,513,24686.733055868302,3,0,21,4,1,0,1,1,140.33291750826828,5.977743573545529,0
CUST14246,36,Male,Wales,52,755,29153.614037504118,0,0,22,3,1,1,1,0,324.3948442957368,5.404563697929916,0
CUST14247,61,Male,East_of_England,7,684,32536.96942257303,73,1,21,5,1,1,1,0,187.6708051804907,7.5341437088198004,1
CUST14248,44,Female,West_Midlands,25,577,29939.06306892556,10,0,22,3,1,1,0,0,131.99128725495072,1.0611537445756571,0
CUST14249,68,Female,North_West,20,516,64201.4663936563,7,0,30,5,1,1,0,1,248.7517344491496,4.7954005123087216,0
CUST14250,42,Male,West_Midlands,49,739,43094.1804974903,9,0,23,5,1,1,1,0,78.74588101455348,6.139208890384361,0
CUST14251,63,Female,North_West,54,654,27040.912908376657,1,0,4,1,1,1,1,0,155.4867126072857,2.1008457939284533,0
CUST14252,70,Male,Scotland,72,819,21431.05505751171,3,0,22,5,1,0,1,0,211.40301646761665,5.447071832628549,0
CUST14253,51,Female,Wales,21,431,65456.52983486129,12,0,22,2,1,0,1,0,144.8013374058266,2.9555912211498576,0
CUST14254,47,Female,East_Midlands,49,698,34976.68792528223,0,0,8,2,1,1,1,0,97.88996093676306,5.023449181170215,0
CUST14255,42,Male,Wales,54,714,32708.843082910305,47,1,15,3,1,1,1,0,123.32786012709191,4.616532054407811,1
CUST14256,60,Male,East_Midlands,37,768,72334.45191030011,20,0,30,5,1,1,0,1,178.55175413445798,1.8261479978339235,1
CUST14257,66,Male,East_Midlands,16,699,27991.71771377363,3,0,19,1,1,0,0,0,48.517425147355084,1.5160589655816756,1
CUST14258,26,Male,East_of_England,24,693,28578.208863560085,35,0,11,2,1,1,0,0,183.8669068336355,8.950913166957715,1
CUST14259,72,Male,North_West,50,512,37335.37823622545,6,4,3,1,1,1,0,0,62.62484056764142,2.4697755809543147,0
CUST14260,37,Female,North_West,90,673,73061.75699633027,148,0,31,1,1,1,0,0,182.11535445746227,7.863461651216372,0
CUST14261,46,Male,Wales,56,693,19572.151754186947,3,0,15,4,1,0,1,1,38.18862824265115,4.298619401927033,0
CUST14262,21,Female,East_of_England,6,659,40071.49995082118,33,0,19,4,1,1,1,1,104.71813567748866,4.113341493069055,0
CUST14263,69,Male,Scotland,37,744,33771.406147158705,0,1,25,1,1,0,1,1,139.2644677235803,5.746799430205939,0
CUST14264,65,Female,Yorkshire,97,558,16261.344872982858,4,0,17,5,1,1,1,0,187.05553267725918,2.6145612146514208,0
CUST14265,57,Female,East_of_England,1,685,33595.62871515162,11,0,21,5,1,0,0,1,64.37578135989088,1.1359495957654127,0
CUST14266,54,Female,London,26,695,43077.43776683462,37,0,20,3,1,1,1,1,78.72866396418611,6.892054579100137,0
CUST14267,20,Female,Yorkshire,85,609,24639.93594435437,64,0,21,5,1,1,1,1,217.88190236848104,11.35257870916734,1
CUST14268,57,Female,East_of_England,100,639,45747.32448623983,2,0,19,2,1,1,0,1,95.31009280486121,1.6519997717611188,0
CUST14269,49,Female,South_West,18,689,41953.4095521879,34,0,25,1,1,1,1,1,92.76464561547205,5.5440745335573896,1
CUST14270,24,Male,Yorkshire,70,664,25526.465237026638,3,0,10,5,1,1,0,0,241.6989275846129,3.0694102781934927,0
CUST14271,18,Female,South_East,42,608,19952.420305089992,2,1,29,2,1,1,1,0,100.22884070333237,0.8138219194736106,0
CUST14272,46,Male,East_Midlands,69,684,52326.25960688125,1,3,6,5,1,0,0,0,309.4372494632725,1.425960219774376,0
CUST14273,21,Male,London,36,678,39220.14384010894,0,0,6,4,1,1,0,0,43.45052842788255,3.1377179494823864,0
CUST14274,69,Male,London,108,665,27134.875092873834,23,0,15,4,1,1,1,1,167.86057017534816,9.056777378332853,0
CUST14275,49,Female,London,117,722,45824.58026499896,3,0,18,5,1,1,0,0,251.5550062737916,1.114347668777082,0
CUST14276,28,Female,West_Midlands,28,724,28403.05726334258,36,2,9,5,1,1,1,1,71.64994416886616,11.338767412837047,0
CUST14277,21,Female,Scotland,63,704,67544.3303403407,38,0,22,3,1,1,1,1,215.46724867140517,4.726652468399478,1
CUST14278,71,Female,East_of_England,96,492,18209.829433237745,42,1,1,4,1,1,1,0,217.01807870128357,4.148388312082543,1
CUST14279,27,Female,West_Midlands,97,496,33540.36011295507,74,4,8,4,1,1,1,0,340.06646118228844,2.4547823445131414,1
CUST14280,33,Male,South_West,2,704,22787.40395101325,2,0,21,3,1,1,1,0,167.53125682988326,3.1320395854405896,0
CUST14281,41,Male,London,79,754,59719.15276288324,4,0,17,4,1,1,1,0,43.093818356883894,6.641930788947295,0
CUST14282,18,Female,East_Midlands,102,800,38497.386594824886,11,0,27,2,1,0,1,0,127.68696701342563,0.7424053015698091,0
CUST14283,45,Male,London,21,750,30012.444588200393,69,0,19,1,1,1,1,1,291.021786594372,16.504485002826783,1
CUST14284,34,Male,Wales,54,702,27948.478513666552,36,0,19,5,1,1,0,0,220.76577564137656,1.379242940836508,0
CUST14285,55,Male,South_West,87,571,120369.72098439041,0,2,3,1,1,0,1,0,117.63132316501144,8.25884586595971,0
CUST14286,56,Male,London,97,644,89015.8548980235,58,0,27,5,1,1,1,0,140.98797081973538,1.5021350437528027,0
CUST14287,36,Male,Scotland,52,715,69738.9024302085,1,0,15,1,1,1,1,0,590.2028859341285,3.2765444770427283,0
CUST14288,33,Male,London,62,526,58145.69876150375,7,0,21,4,1,1,0,0,119.02466274976791,5.884785092506563,1
CUST14289,41,Female,Scotland,40,757,38348.63885474197,9,4,3,3,1,0,1,0,232.08854788228808,6.843985597841492,1
CUST14290,22,Male,East_Midlands,4,647,36117.03762893097,12,0,20,2,1,0,0,0,89.51099011031235,1.0491944460937905,0
CUST14291,34,Male,Yorkshire,27,644,45099.168788398005,6,0,3,3,1,1,1,0,51.5916521047229,3.0270124467633783,0
CUST14292,39,Female,Wales,23,789,39221.36831867406,3,0,17,4,1,1,1,0,127.18856870028453,5.630372094272688,0
CUST14293,42,Female,Yorkshire,104,776,33467.49997444582,32,0,21,1,1,1,1,0,330.8276746509682,2.7218818291176197,1
CUST14294,50,Male,Yorkshire,59,698,22157.8246661066,3,0,17,4,1,1,0,1,196.92061549188472,7.022821807452614,0
CUST14295,56,Male,West_Midlands,30,687,56451.206101232994,44,1,21,2,1,1,0,0,125.69981070133544,1.2047249614681586,0
CUST14296,61,Female,South_East,23,703,46919.41785728723,0,0,20,4,1,1,1,0,360.25156993402834,11.780591919678516,0
CUST14297,18,Female,North_West,44,527,30775.006805964418,2,0,19,1,1,1,1,1,438.6965782808852,3.380658319290097,0
CUST14298,57,Male,South_West,66,759,24037.26831457549,36,0,21,3,1,1,1,1,155.67622635622672,6.595178750159674,1
CUST14299,66,Male,Yorkshire,117,736,65992.06824822532,2,0,15,1,1,0,1,0,207.68037012777577,5.188935286310759,0
CUST14300,61,Male,London,111,684,24817.005355351048,3,0,2,5,1,1,1,1,76.63545333240285,4.293625710257317,0
CUST14301,71,Male,Yorkshire,11,747,53979.18239302501,0,0,22,1,1,0,1,1,117.201417411981,3.9171205422186843,0
CUST14302,54,Male,West_Midlands,50,777,35262.95013168838,5,0,30,5,1,1,0,0,220.1559433584386,6.774428762007143,0
CUST14303,21,Female,South_West,33,688,41144.15022553507,45,1,7,1,1,0,1,0,107.23847119853343,2.564790121817835,0
CUST14304,31,Female,London,52,705,31482.024057456492,52,2,17,3,1,1,1,1,122.92835737773834,12.521072714978773,0
CUST14305,48,Female,East_Midlands,62,532,42948.211824565304,15,0,19,4,1,0,1,0,137.85114728274797,8.469253434278023,0
CUST14306,47,Male,North_West,108,683,39269.16101160685,4,0,21,4,1,1,1,0,154.4125641116237,3.7417052668212514,0
CUST14307,34,Female,West_Midlands,91,749,45318.235881739805,3,0,7,5,1,0,1,0,85.58459456575365,12.694790347465304,0
CUST14308,55,Female,South_East,64,733,67036.71303364466,1,3,18,1,1,1,0,0,406.0018882542793,2.0514791763954845,0
CUST14309,48,Female,East_Midlands,8,522,47153.94680861851,36,0,25,2,1,0,1,0,78.56887983883695,3.250628809264632,0
CUST14310,30,Female,Scotland,40,477,21189.871975219583,3,5,23,2,1,1,1,0,269.1643822911252,7.858337479954968,0
CUST14311,65,Male,East_of_England,117,648,35616.934409638896,0,3,17,1,1,1,1,0,13.682898803158674,5.3427874330855785,0
CUST14312,55,Male,West_Midlands,22,680,22582.375114689814,89,0,21,3,1,1,0,0,70.32101463674739,1.0357523178190085,0
CUST14313,46,Female,South_West,110,672,53705.97744331436,6,0,4,3,1,1,1,0,235.68337533151126,5.77496116041213,0
CUST14314,65,Male,London,24,663,41085.62824866706,19,0,5,1,1,1,0,0,400.3231172976007,7.918559029813945,0
CUST14315,56,Male,East_Midlands,35,750,25826.96810585259,5,0,25,1,1,1,0,0,73.01375647202858,1.3516373626893443,0
CUST14316,52,Female,East_of_England,82,718,29559.872608969024,0,6,16,4,1,1,1,0,102.76726448043954,2.146981451588501,1
CUST14317,72,Male,East_of_England,23,703,27684.329363983972,0,0,25,4,1,0,1,0,147.84751971662993,2.6904772468835496,0
CUST14318,71,Male,North_West,3,683,32092.85092737422,41,3,5,4,1,1,0,0,290.1805331432663,0.8081189355388146,0
CUST14319,19,Male,North_West,97,661,46774.92421241614,0,0,20,2,1,1,0,0,164.28226582201813,11.84361283903411,0
CUST14320,45,Male,North_West,73,652,44918.90217246278,5,1,26,5,1,0,1,0,262.40714575292304,1.5939846970410034,0
CUST14321,20,Male,South_East,30,688,41658.687742385264,43,0,13,2,1,1,1,0,49.48944788569145,2.6531513600940517,1
CUST14322,52,Male,Scotland,115,489,46054.92147239379,70,5,19,5,1,1,1,0,284.7642516738801,5.145083034309854,1
CUST14323,22,Male,London,52,662,79240.00278342747,22,0,13,1,1,1,0,0,36.53160692148468,6.4535862030397535,1
CUST14324,42,Female,Yorkshire,81,701,37172.72124033177,59,0,4,2,1,1,0,1,47.894485556213425,4.136334518561707,1
CUST14325,61,Male,East_of_England,5,708,39473.082444682455,62,0,6,4,1,0,1,0,216.39953522741703,1.7900032745066117,0
CUST14326,57,Female,North_West,106,501,40553.004577143496,3,0,12,5,1,1,1,0,164.1565680694472,3.9694585271649623,0
CUST14327,18,Female,West_Midlands,1,484,21008.72791182666,1,0,30,4,1,1,0,1,361.54621125150123,16.638027615114655,0
CUST14328,33,Female,East_of_England,99,727,30572.89720539307,12,1,23,3,1,1,0,0,64.80188650772126,3.6700246088591704,0
CUST14329,18,Female,South_East,23,560,36963.696699657376,154,0,14,5,1,1,0,0,82.56012466419807,0.7436952196744195,0
CUST14330,60,Female,South_East,18,746,29922.793855121206,0,0,23,4,1,0,1,0,143.7481948726636,10.303246731554987,0
CUST14331,48,Male,Yorkshire,37,813,70639.8391527383,71,0,19,3,1,1,0,0,82.81576074065376,3.9367419928110454,0
CUST14332,36,Male,West_Midlands,27,515,31738.67831999129,3,0,24,5,1,1,0,0,140.92075953031164,3.7835791778667156,0
CUST14333,51,Female,East_Midlands,66,721,28148.972984693508,3,0,6,3,1,1,0,0,59.47488046106477,13.402572003687535,0
CUST14334,37,Male,Scotland,47,722,36377.26464154485,52,0,23,5,1,1,1,0,147.27554845441765,2.308092491605312,1
CUST14335,22,Male,London,108,748,20060.09090873605,10,0,25,5,1,1,1,0,73.02122902317475,4.686367445422509,0
CUST14336,67,Female,East_of_England,37,573,32624.115435504613,2,0,25,1,1,1,0,0,204.369670416186,6.804059795363533,1
CUST14337,29,Female,Scotland,23,650,22895.973010707163,149,0,28,4,1,0,1,1,176.21398458177882,1.1892495829467493,1
CUST14338,74,Male,North_West,26,742,28682.930657973815,2,5,21,4,1,1,0,1,250.12565326739352,3.883533211372341,0
CUST14339,40,Male,London,112,761,26292.002513218966,2,0,22,3,1,0,1,1,600.350899292425,13.059658269271754,0
CUST14340,45,Female,Yorkshire,25,739,35641.11851651786,4,0,20,3,1,0,1,0,140.90876053095766,13.561475198383988,0
CUST14341,62,Female,East_of_England,45,715,34786.42255621535,2,0,19,1,1,1,1,0,326.7539945899398,1.5872695813213278,0
CUST14342,46,Male,Wales,4,626,54832.57057021737,0,0,1,5,1,0,1,1,132.28861733480443,16.2935483928346,0
CUST14343,72,Male,Scotland,84,760,29214.691245482303,2,2,24,2,1,0,0,0,441.2864193574898,2.424718189960662,0
CUST14344,64,Female,East_Midlands,85,525,51465.17287744267,127,0,18,4,1,1,0,0,24.28794311698276,4.509605674809055,0
CUST14345,22,Female,Yorkshire,98,679,64288.61338108661,1,1,5,1,1,1,1,0,66.13544067761555,6.89269279260469,0
CUST14346,69,Female,London,119,680,31450.45428536042,3,0,23,2,1,1,1,0,129.27438929610776,5.512000272423442,0
CUST14347,36,Female,South_East,35,707,19856.271460489093,2,0,15,4,1,0,0,1,129.84796537441247,0.4643475911279805,0
CUST14348,68,Female,Wales,118,701,119774.06484645435,1,0,26,3,1,1,0,1,22.985570850248077,16.572568509697263,0
CUST14349,24,Female,East_Midlands,64,730,34400.98322577243,3,0,5,2,1,0,1,0,106.7247693301629,4.7833994527935655,0
CUST14350,25,Male,Scotland,17,621,32511.647086658828,4,0,17,3,1,0,0,1,173.19707408507452,4.114205059303116,0
CUST14351,28,Female,North_West,23,653,43293.986754035264,4,0,24,5,1,0,1,1,47.95356354148278,6.202286037538079,0
CUST14352,24,Female,East_of_England,18,729,48305.02327243527,33,0,20,4,1,1,0,1,173.1714181262743,5.613213505708118,0
CUST14353,18,Male,Yorkshire,4,728,31101.949194464363,149,0,19,1,1,0,0,0,84.44096253587733,1.4142428612528954,1
CUST14354,73,Female,South_West,17,709,26295.906088327476,157,0,8,2,1,1,1,1,198.91492570966585,8.94678120036253,1
CUST14355,56,Male,Scotland,95,621,41579.10020895825,37,0,17,5,1,1,0,0,257.81083726584296,4.49593164022268,0
CUST14356,38,Female,Scotland,49,708,42409.961989962285,5,0,24,2,1,1,1,1,273.383447723064,2.3660819025648068,0
CUST14357,35,Female,Wales,10,704,23735.479333043506,4,0,23,2,1,1,1,1,91.08281421625347,15.223763889264532,0
CUST14358,19,Female,West_Midlands,2,711,79235.32975633179,1,4,17,5,1,0,1,0,282.37204223906156,3.8584195578893636,0
CUST14359,50,Female,Yorkshire,25,659,34862.41797768387,3,0,20,3,1,1,0,0,88.5743773673432,2.4713134365877156,0
CUST14360,57,Male,East_of_England,42,517,75362.32389988018,70,0,21,2,1,1,0,0,25.29008053276144,2.8675544861409605,1
CUST14361,68,Female,East_Midlands,9,677,40783.890093389,20,0,9,2,1,1,0,1,204.28845115350782,16.737773540676525,0
CUST14362,42,Female,South_East,55,625,49263.22559824188,5,0,7,2,1,1,1,0,364.9253399251166,20.634484333609826,0
CUST14363,74,Female,Wales,27,770,79555.83892347755,0,0,18,2,1,0,1,1,294.7639517559735,2.7145413138175387,0
CUST14364,51,Male,North_West,16,491,20276.774256010496,16,0,16,3,1,1,0,0,149.04879089823234,11.470627239480539,0
CUST14365,38,Male,South_West,72,657,97365.15009430108,56,0,18,5,1,0,1,1,214.59030520217777,9.557515167233127,0
CUST14366,54,Female,Yorkshire,73,705,41007.098844899876,3,0,20,4,1,0,1,0,246.28600049631302,5.113650890269837,0
CUST14367,36,Male,South_East,10,721,102772.13096515523,0,0,9,4,1,1,1,1,141.15376164925627,2.7978728585417025,0
CUST14368,30,Female,North_West,68,757,49598.59470396798,8,0,24,5,1,1,1,0,111.04280859373222,3.1865069630326697,0
CUST14369,70,Male,Yorkshire,98,785,31851.686085956353,8,0,16,3,1,0,1,1,89.14885747304895,9.33509256295283,0
CUST14370,69,Female,London,78,564,31111.912558876964,0,0,22,2,1,1,1,0,123.79405134911696,5.0162405664464575,0
CUST14371,68,Male,South_West,45,627,17562.532200088433,4,3,15,3,1,1,0,0,312.3490485123391,4.483419443846995,1
CUST14372,54,Female,London,13,675,26200.968825778276,0,0,17,5,1,1,0,0,44.39948021530375,8.843858078464677,0
CUST14373,44,Female,Yorkshire,35,789,24594.29529788269,5,0,22,3,1,0,0,0,83.88697494224289,4.762551334655927,0
CUST14374,73,Female,West_Midlands,4,586,60434.11822515718,5,0,25,1,1,1,0,0,274.89527143504637,6.4891715476144505,0
CUST14375,47,Male,Scotland,39,731,21866.093460963795,42,1,19,3,1,0,1,0,310.60382844020444,5.10823561147755,1
CUST14376,34,Female,East_of_England,28,820,72699.56336736851,42,3,25,4,1,1,0,1,150.3446065389613,2.186039661670404,1
CUST14377,37,Female,Scotland,52,388,79017.34645025419,12,0,16,5,1,1,1,0,113.32549159389667,3.695233342762821,0
CUST14378,73,Male,North_West,95,761,45178.03946669533,33,0,27,4,1,0,0,1,103.93226705679807,6.478436871073373,0
CUST14379,20,Male,Yorkshire,66,523,34444.15985183258,85,0,2,5,1,1,1,0,60.10714381299759,1.7488958403032997,1
CUST14380,31,Male,West_Midlands,11,534,38882.973382334494,19,0,20,1,1,1,0,1,90.13481839001523,1.6954765082491314,1
CUST14381,49,Female,South_East,49,732,41049.42296374998,1,2,18,1,1,0,1,1,305.85414812182023,0.6992613908285673,0
CUST14382,21,Male,West_Midlands,119,739,30932.51329204891,86,4,19,1,1,0,0,0,130.02083928896283,0.33021135147400016,0
CUST14383,27,Male,Scotland,58,544,39362.875681614896,15,3,5,4,1,1,0,0,343.1944753211783,2.7406340733281582,0
CUST14384,38,Male,East_Midlands,25,578,27281.45407266199,5,1,11,1,1,0,0,0,106.4839815972871,5.674029756386149,0
CUST14385,31,Female,Yorkshire,100,718,51293.74983911879,1,0,20,5,1,1,1,1,171.07773068929149,13.838967142387933,0
CUST14386,19,Female,Wales,109,679,29933.16115512514,0,0,19,2,1,1,0,1,256.23572350153546,3.7669313165025797,0
CUST14387,63,Female,South_West,80,684,27136.031501119913,87,3,11,4,1,1,0,1,136.79000770172453,4.068070036205231,0
CUST14388,36,Male,Yorkshire,117,509,70250.79065590934,0,3,27,2,1,0,1,0,506.02845735443725,2.9655155117343934,1
CUST14389,32,Female,East_of_England,69,543,32672.13194788264,95,3,25,1,1,1,0,0,83.63897149699119,12.029548187020008,1
CUST14390,38,Male,Wales,72,720,45640.78710875723,38,0,5,5,1,0,0,1,209.38785148404028,3.079179088209964,1
CUST14391,59,Female,North_West,115,546,32496.741703846314,3,0,19,5,1,1,0,0,33.09299326870064,7.666301395493777,1
CUST14392,19,Female,London,39,493,20184.12638334887,68,0,18,4,1,1,1,0,112.25777873796679,5.827758855150532,0
CUST14393,53,Male,West_Midlands,79,458,66754.44978899258,31,0,5,1,1,1,0,0,42.5295504262072,9.558731587930616,1
CUST14394,69,Female,London,16,698,29889.1520158148,0,0,22,4,1,0,1,0,118.82587258991877,6.546552063667754,0
CUST14395,72,Male,East_Midlands,67,623,48694.14433492536,5,0,15,1,1,1,1,0,321.82254061156107,3.9761681929894066,1
CUST14396,38,Female,Wales,58,449,31013.44688112685,0,0,27,1,1,0,1,0,65.66750685959906,2.0429381398985837,0
CUST14397,52,Female,East_Midlands,107,560,56102.55889357891,30,2,21,2,1,1,0,0,259.02271131650673,3.392123838256999,1
CUST14398,19,Male,London,109,764,31213.871918262757,59,0,23,5,1,0,0,0,263.51530128721504,2.866673796457519,0
CUST14399,33,Female,East_of_England,51,766,37043.6211045686,4,0,21,3,1,0,1,0,64.11937303039267,7.710095968607349,0
CUST14400,35,Female,East_Midlands,24,685,29685.88606711414,47,0,17,1,1,0,1,0,154.76812901089494,30.332786746824276,1
CUST14401,58,Male,North_West,119,732,34417.583044389925,64,0,25,1,1,1,0,0,42.61488713205965,2.2631945228583006,0
CUST14402,26,Male,London,19,700,20887.249105535782,2,0,17,4,1,1,1,0,204.6174993457887,6.309876747707587,1
CUST14403,33,Female,Yorkshire,99,703,62576.07959698526,1,0,5,2,1,1,1,0,139.6774831653642,1.489927275799233,0
CUST14404,56,Female,East_of_England,35,756,36288.215606804595,3,0,16,1,1,0,0,0,364.90413706093403,4.9594977702525735,0
CUST14405,56,Male,London,62,671,47435.26266604199,65,0,20,1,1,1,0,0,245.30231251213036,3.9080504935425635,0
CUST14406,52,Male,South_West,118,618,51658.153906077656,58,0,27,1,1,1,0,0,59.20822398116674,1.1530149652705783,1
CUST14407,50,Female,Scotland,72,523,36498.90630508057,0,2,21,4,1,0,1,0,34.17461669847669,4.092105241857947,1
CUST14408,36,Male,North_West,24,729,27294.861351448322,7,0,23,4,1,1,0,0,307.0399408720212,1.519589984104627,0
CUST14409,53,Female,Yorkshire,35,766,39218.50708454372,2,0,11,3,1,0,0,0,296.838448255163,13.47644698753607,0
CUST14410,70,Male,London,100,531,56381.65183674343,10,0,24,2,1,1,1,1,145.30262615459097,6.970039348105621,1
CUST14411,54,Female,North_West,13,671,20925.96853691731,199,0,12,3,1,0,1,0,77.31204954883529,2.8458712971618056,1
CUST14412,68,Male,London,73,660,33538.24617036947,0,4,20,5,1,1,1,0,19.17015194548952,1.1684189934400315,1
CUST14413,62,Male,London,54,628,25647.36829407491,2,0,3,5,1,1,1,1,87.85283916817386,3.7189334122825652,1
CUST14414,49,Male,South_East,35,431,34037.38463112443,57,2,2,2,1,0,0,0,262.31642356347817,1.7026356116040842,0
CUST14415,23,Female,Yorkshire,81,723,32871.60847885775,125,0,20,2,1,0,1,0,151.14992570509958,6.737751452604699,1
CUST14416,67,Male,East_Midlands,46,526,25177.619019576472,11,4,22,1,1,1,1,1,195.1444242494007,2.65734649852787,1
CUST14417,27,Male,Scotland,104,750,27550.98851616058,5,0,13,5,1,1,0,0,88.64313423978054,6.87596775122704,0
CUST14418,42,Male,West_Midlands,100,742,60250.27904707126,44,0,14,3,1,0,0,1,112.50906592872535,4.824628614069317,0
CUST14419,28,Female,East_of_England,6,725,48542.49159547991,71,0,25,3,1,0,0,1,167.25476874662152,18.501840917735727,1
CUST14420,61,Male,East_of_England,65,480,30342.912088299396,6,0,20,1,1,0,1,0,55.779417321492986,4.044511188208004,1
CUST14421,36,Female,London,76,711,35529.41194973306,2,0,9,4,1,1,1,0,139.30159885118908,2.5811025912139396,0
CUST14422,47,Male,Wales,12,738,38604.209789699635,7,0,26,2,1,1,1,1,76.56591867370625,3.128319504888876,0
CUST14423,42,Female,London,19,654,33376.60040132249,38,1,9,1,1,0,1,0,135.3300523936086,10.637044981507353,0
CUST14424,40,Male,North_West,98,793,70408.48427021505,143,0,20,3,1,1,1,0,88.59223320739879,9.904649863278381,0
CUST14425,68,Female,West_Midlands,85,702,50744.620977175175,13,0,17,5,1,1,0,0,97.3374332697248,11.642340436449262,0
CUST14426,25,Female,Wales,75,689,33662.68594989196,72,0,3,3,1,1,1,0,204.14269009490954,4.401534555129257,1
CUST14427,34,Male,East_of_England,79,729,47995.86852892919,9,3,6,5,1,0,0,1,110.09252608784251,9.823292416560225,0
CUST14428,24,Female,Scotland,35,677,29125.874382399572,9,0,19,1,1,0,1,0,32.34746153250922,1.9709105184519569,0
CUST14429,27,Female,South_East,90,678,29587.559273673196,0,4,16,3,1,1,1,1,120.37270942509089,1.5001466031815303,1
CUST14430,70,Male,South_West,86,477,35365.83467343424,9,0,21,1,1,1,0,0,252.2833588007585,2.763711561499982,1
CUST14431,48,Female,South_East,61,471,44995.08539603742,26,8,19,3,1,1,0,0,67.50731965351986,11.269014110280217,0
CUST14432,61,Female,South_East,26,707,35109.2941288956,18,0,17,4,1,1,1,1,100.03820099016527,5.794866490744084,0
CUST14433,23,Female,Yorkshire,11,727,39306.74967051606,33,0,16,4,1,1,0,0,373.3244815373129,3.2728000169224942,1
CUST14434,63,Female,London,89,705,25982.692415540023,1,0,23,1,1,1,1,0,6.991884761622079,4.866955797085149,0
CUST14435,45,Male,London,11,504,15194.282627737322,3,0,29,1,1,1,1,0,94.87193299968767,2.0379847345673863,0
CUST14436,30,Male,East_Midlands,110,580,28078.867788494783,132,0,19,1,1,1,1,0,73.50703170086115,3.2835221068583733,1
CUST14437,53,Male,North_West,98,660,28993.179208563808,2,2,21,4,1,0,1,0,196.09540999789778,3.7410896229527655,0
CUST14438,53,Male,East_of_England,78,602,68238.38020216407,3,0,34,4,1,1,1,0,84.65134284392587,6.33918687281286,0
CUST14439,40,Female,East_of_England,80,705,25537.254660002684,4,0,17,4,1,1,1,1,84.28814579720715,4.39569322453612,0
CUST14440,72,Male,South_East,2,495,54552.99644830521,3,0,14,2,1,1,1,0,102.6730631775096,3.927051437912227,0
CUST14441,60,Female,East_Midlands,116,682,50118.207570860344,31,0,6,2,1,1,0,0,7.535444769820703,1.946688724315164,1
CUST14442,57,Male,Wales,57,728,41155.06290252534,22,0,30,1,1,1,1,1,88.67281038043195,9.426358942547157,0
CUST14443,61,Female,West_Midlands,31,510,34736.11787873158,4,1,27,1,1,1,1,0,120.01894134064429,7.955971327355128,1
CUST14444,46,Male,East_Midlands,105,700,21718.943237794458,0,0,17,3,1,0,1,0,184.506765403315,3.537958272163727,0
CUST14445,27,Male,London,104,560,17132.708697517366,0,0,14,2,1,1,0,0,79.18623835234234,3.543128996381513,0
CUST14446,49,Male,London,60,719,65128.081909720226,37,1,2,3,1,1,1,1,91.28348882378933,3.592134274568516,1
CUST14447,19,Female,East_Midlands,95,663,19628.830013422074,32,2,21,3,1,1,1,0,34.23395872282121,3.697263398512346,1
CUST14448,61,Female,West_Midlands,45,717,22163.053832546862,5,0,25,1,1,1,1,1,43.079354613964185,5.993678499016946,0
CUST14449,42,Male,Yorkshire,62,686,95716.02061428198,46,0,18,5,1,1,0,0,144.5257867087591,5.824001445248727,0
CUST14450,53,Female,West_Midlands,21,649,19787.520495814693,2,0,11,3,1,1,1,0,162.5939681627287,5.5166465754233,1
CUST14451,69,Female,East_Midlands,118,734,40786.67527441901,35,1,6,3,1,1,1,0,66.67247861361056,11.625816565759477,0
CUST14452,73,Female,Wales,76,720,32975.38496606529,4,0,18,5,1,1,0,1,173.80421419218953,6.642215092200189,0
CUST14453,21,Male,North_West,93,715,22740.595528898753,0,0,12,1,1,0,0,0,246.25845069370845,6.525630089612653,0
CUST14454,41,Male,East_of_England,86,653,34148.93116951463,87,0,19,2,1,1,0,0,116.62420135485007,5.7749034790343,0
CUST14455,72,Female,Wales,28,705,49902.11852484176,116,2,20,3,1,1,0,1,52.113587528321105,2.197132039668304,1
CUST14456,46,Male,West_Midlands,86,485,44007.030522609275,0,0,16,2,1,1,0,0,196.22641247964137,2.30987446389266,1
CUST14457,50,Male,East_Midlands,70,652,38219.39584533353,9,0,19,5,1,0,1,0,292.011447957793,1.2740185399346267,0
CUST14458,70,Female,London,36,700,42331.82900289513,75,0,14,3,1,0,0,0,216.52291906209743,0.9258016143444006,0
CUST14459,50,Female,North_West,34,689,30274.62554319157,4,0,22,1,1,1,1,0,22.222199186203074,1.3386699169385239,0
CUST14460,22,Male,West_Midlands,11,681,35594.79471903856,42,0,18,1,1,1,1,1,107.99962268262772,0.4816389514342445,0
CUST14461,66,Female,Yorkshire,110,707,77941.3791253758,197,0,21,1,1,1,1,0,199.79283028649078,3.6124602148166085,0
CUST14462,34,Male,North_West,102,501,36712.17875558738,53,0,19,4,1,1,1,0,187.31601408977093,0.24158474960768705,1
CUST14463,72,Male,London,102,682,18049.55822086211,62,0,17,5,1,1,1,0,119.14464673038228,2.645367309506159,1
CUST14464,37,Female,London,86,724,59053.35839641877,1,0,22,4,1,0,0,0,148.6018453315694,5.022013989494959,0
CUST14465,56,Female,South_East,116,452,33521.336828641615,2,0,19,1,1,0,1,0,45.81521453062727,16.73603977552728,0
CUST14466,31,Female,Scotland,47,683,38787.37633136341,6,1,5,4,1,1,0,0,81.69483433972445,2.937649627844655,0
CUST14467,66,Female,South_West,21,744,56509.41998528673,1,0,4,4,1,1,0,0,167.70465767295934,0.42961755623766673,0
CUST14468,67,Female,East_of_England,41,682,52518.11908507037,1,2,14,3,1,1,0,1,153.92746308272845,6.315343808728723,1
CUST14469,28,Female,London,97,519,36647.1028757079,2,0,30,4,1,1,0,0,352.3580107169499,5.8330938834463115,0
CUST14470,31,Male,East_Midlands,104,672,35708.16483772415,122,0,22,1,1,1,0,0,56.017777163775754,7.805636398056313,0
CUST14471,29,Male,West_Midlands,4,669,43518.88680854892,33,0,16,4,1,1,1,0,196.54688288233214,4.972275212551617,0
CUST14472,55,Female,South_West,72,741,41507.06880321092,50,0,21,1,1,0,0,1,173.34557103195556,2.373397363897525,0
CUST14473,56,Female,West_Midlands,79,503,30685.720990006845,0,0,27,1,1,0,1,1,93.84953320463077,9.893588364573864,1
CUST14474,24,Female,Wales,34,422,23236.434513516397,0,0,16,3,1,1,1,1,187.91659185595876,4.3284454181090375,1
CUST14475,51,Female,West_Midlands,103,737,29051.575781757325,11,0,20,5,1,0,0,0,96.76337620934889,6.250800947036735,0
CUST14476,33,Male,North_West,50,464,31371.58494670551,8,0,20,5,1,1,1,0,148.38161325930167,7.915823479240135,0
CUST14477,21,Male,Yorkshire,78,673,33878.362004935254,1,0,14,3,1,1,0,0,125.55181894919674,7.839645877725589,0
CUST14478,59,Male,Wales,6,756,90792.33701382465,1,0,1,2,1,1,1,0,99.66919150627315,6.049974832762634,0
CUST14479,71,Female,East_of_England,14,720,42628.070653951465,5,0,5,5,1,0,0,1,309.5460460701623,4.159896993124897,0
CUST14480,64,Male,South_East,95,708,38183.876565576335,0,0,26,4,1,1,1,0,131.6945968150327,4.3259698230882435,0
CUST14481,44,Male,Scotland,32,692,24761.050074634557,0,1,19,4,1,1,1,1,242.84784429871797,3.6889723305541215,0
CUST14482,41,Male,West_Midlands,117,793,27870.574242549723,0,0,23,3,1,1,1,1,283.07449418462727,2.4539726236138,0
CUST14483,73,Male,Scotland,42,556,25176.149124841493,138,0,22,1,1,1,0,0,84.75514260382575,6.671188203408027,0
CUST14484,51,Male,West_Midlands,29,392,75030.92863364262,3,0,19,4,1,1,1,0,122.28956175256799,6.618708246107511,1
CUST14485,44,Female,Yorkshire,113,708,37795.11140377159,0,0,11,2,1,0,1,1,191.8400624782637,3.9295627066525736,0
CUST14486,74,Female,East_of_England,99,581,42079.544864258656,1,0,20,3,1,1,0,0,56.879687136145265,5.334115279617303,1
CUST14487,58,Male,East_of_England,107,647,31630.38527967594,7,0,23,3,1,0,1,0,419.8740618246795,13.623870526539372,0
CUST14488,65,Male,South_East,82,636,34924.32024319455,50,0,5,2,1,1,1,0,239.79188893279664,1.5628061879745525,1
CUST14489,51,Female,Wales,29,727,27839.967095114123,0,5,10,2,1,1,1,0,43.54242775764009,2.3406014324171363,0
CUST14490,22,Male,North_West,8,707,25478.611823741343,4,0,3,4,1,1,1,0,48.71902060726447,6.378992788914541,0
CUST14491,18,Female,East_of_England,43,638,55511.06699413037,136,0,27,3,1,0,1,1,30.89754091351446,1.5621374629178653,0
CUST14492,47,Male,East_Midlands,77,525,28694.734055213667,0,0,17,4,1,1,0,1,311.0944860767118,18.953443579889438,0
CUST14493,49,Male,West_Midlands,99,701,31676.303195070162,5,0,10,4,1,1,0,0,65.40468601885166,10.064022088013152,0
CUST14494,47,Male,South_East,31,689,42278.52702018198,66,0,20,1,1,1,0,0,69.2368827197063,1.6637904897864657,0
CUST14495,66,Female,South_East,84,726,29417.17031672766,3,0,29,2,1,1,1,0,64.28091372934024,1.2642777786879864,0
CUST14496,26,Male,South_West,78,733,19098.824382142586,32,0,18,1,1,0,1,0,235.26417293865956,3.0680635655579143,0
CUST14497,31,Female,East_Midlands,37,382,26439.360916643393,42,1,24,5,1,1,1,0,34.36367590256249,1.4231827168315903,1
CUST14498,24,Male,London,100,757,40950.28954675922,88,0,16,3,1,0,0,1,70.78362654242538,4.289520787198746,1
CUST14499,22,Female,Wales,113,685,15000.0,2,0,5,3,1,1,1,0,262.8894317518178,4.936348928689174,0
CUST14500,35,Male,East_Midlands,117,734,27634.916419985955,63,0,14,5,1,1,0,1,90.9467521453822,1.1428539181209756,0
CUST14501,27,Male,Yorkshire,100,722,60080.23920807833,46,0,11,4,1,1,1,0,140.61676681910038,10.349916907321086,0
CUST14502,40,Female,West_Midlands,72,739,37107.96206094072,0,0,23,4,1,1,1,0,172.39454795294498,2.501000471084438,0
CUST14503,72,Female,East_of_England,3,684,90819.54877641845,186,0,5,3,1,1,1,0,23.935690719529152,2.037178987026222,1
CUST14504,70,Female,North_West,75,718,48367.45433941412,2,3,4,1,1,1,1,0,137.47570664828285,8.610329262781796,0
CUST14505,33,Female,London,104,706,38447.513425348385,54,0,14,1,1,1,1,0,57.608070671608615,14.03555737922746,1
CUST14506,70,Male,South_East,73,613,43638.54590605977,42,0,17,5,1,0,0,0,170.27974277036267,4.10332300994164,1
CUST14507,21,Male,South_East,49,747,17674.932730935103,4,0,20,4,1,1,0,0,175.66746364065352,1.7260130033568344,0
CUST14508,45,Female,South_East,56,643,29561.73105150677,6,0,18,4,1,1,1,1,74.32241312919811,6.35480294323771,0
CUST14509,34,Male,London,114,669,83245.85198898769,0,1,31,4,1,1,0,0,129.9047209142801,1.6882180221634226,0
CUST14510,36,Male,West_Midlands,83,655,38902.73111644057,37,3,23,5,1,0,0,1,95.92255741778966,1.4851113563745353,0
CUST14511,55,Female,West_Midlands,109,663,54842.508309265984,3,0,20,5,1,1,1,0,47.42938872612682,4.139879769695756,1
CUST14512,69,Male,Wales,111,546,23167.617510300548,6,2,20,4,1,1,1,0,229.6020364997328,4.0671539244262185,0
CUST14513,18,Female,Yorkshire,47,502,43924.086180849416,9,0,19,1,1,1,1,1,83.81229345013519,4.2618197232329855,0
CUST14514,19,Female,London,42,788,26582.034067031156,10,0,14,4,1,1,1,0,71.8713316213836,5.539993552710386,0
CUST14515,68,Male,Yorkshire,13,674,56064.30633933948,5,0,2,2,1,0,0,1,112.01556178775772,3.54531819027994,1
CUST14516,50,Female,South_West,34,628,29052.491290686397,106,0,21,1,1,0,0,0,99.59474753703316,6.046880060810295,0
CUST14517,28,Male,East_Midlands,47,543,29401.166814278724,156,1,17,1,1,0,1,0,352.94122540200175,6.604595641408749,0
CUST14518,21,Male,West_Midlands,56,558,31026.20279359566,3,0,16,4,1,1,1,1,254.54393728417105,9.577655680707704,0
CUST14519,20,Female,Wales,4,658,34614.40758374231,128,0,24,2,1,1,0,1,47.58003590688027,15.372846500002154,0
CUST14520,18,Female,South_East,64,606,20855.621737982474,3,0,19,4,1,0,1,1,83.60132281441545,1.2598047874328127,0
CUST14521,25,Male,Yorkshire,86,447,36933.203873501974,52,1,20,5,1,1,1,0,186.3296956116443,1.5431299014788904,0
CUST14522,39,Female,Scotland,87,678,24012.27103942954,49,0,4,5,1,1,0,0,68.00657483265132,3.1751565759572213,0
CUST14523,35,Male,Scotland,14,725,37914.97427142953,43,0,19,1,1,1,1,0,35.365019417964845,6.218396743125205,0
CUST14524,64,Male,Wales,68,718,27941.50262363697,8,0,20,5,1,1,1,1,118.39254345526693,2.556926950345466,0
CUST14525,30,Female,Scotland,48,513,45485.69053134638,2,0,21,3,1,1,1,0,83.57507206573362,6.303148455160556,1
CUST14526,54,Male,South_West,24,679,22664.902475452513,1,0,13,2,1,0,0,0,189.35168328760372,3.8036481003739375,0
CUST14527,49,Male,South_West,105,537,38041.93131062022,1,0,31,3,1,1,1,1,75.45914546879182,7.335348771760143,0
CUST14528,51,Male,North_West,39,445,74935.10149505726,2,0,21,2,1,1,1,0,67.95335455403074,7.078916744379478,0
CUST14529,68,Female,South_West,48,625,25889.13734290463,62,0,15,1,1,1,0,0,165.156631856773,2.784706928156041,1
CUST14530,56,Female,London,17,430,40430.258874819374,0,0,27,3,1,0,1,0,227.88433262865894,3.8049074876401634,0
CUST14531,72,Female,South_East,4,482,28579.173274638775,6,5,21,2,1,0,1,0,67.60436885072264,6.056525962348331,0
CUST14532,29,Female,North_West,73,559,102846.43558482798,3,0,8,5,1,1,1,1,72.72019916966482,6.621969736892547,1
CUST14533,31,Male,London,104,713,15000.0,51,2,20,2,1,0,0,0,212.47612243250143,2.0812315067720686,1
CUST14534,60,Female,East_Midlands,24,732,36158.85748558207,89,4,17,2,1,1,0,0,51.32738445589794,4.128667549997284,0
CUST14535,48,Female,Scotland,30,486,47118.26364611078,94,0,23,5,1,1,0,0,17.686638981378053,2.1417255945860636,0
CUST14536,62,Male,East_Midlands,105,529,126423.6639591628,14,0,3,2,1,1,1,0,90.02045029748376,5.104669764336226,0
CUST14537,45,Female,North_West,39,790,46172.438548624916,2,2,27,2,1,1,0,0,187.96948965548575,7.129862803078641,0
CUST14538,31,Female,North_West,1,761,76990.07216324501,0,0,6,3,1,1,1,1,141.61295950452984,2.68903430134516,0
CUST14539,27,Female,Wales,78,813,26951.967594139547,82,0,20,1,1,1,1,0,320.7512375994287,3.675376272899817,0
CUST14540,32,Female,North_West,108,666,28751.577424587405,7,0,28,1,1,1,0,0,159.3936919586459,3.2119401493890445,0
CUST14541,27,Female,North_West,110,484,44493.2442865156,51,0,19,1,1,1,0,1,200.4248994126074,1.30830706094736,1
CUST14542,49,Female,South_East,72,650,40400.87243418656,0,0,20,5,1,1,0,1,126.6935545407239,4.468374857676035,0
CUST14543,53,Male,South_East,55,842,41359.55639657952,37,0,26,4,1,0,1,0,405.18938415507495,5.660681084970058,1
CUST14544,42,Male,South_West,18,639,37466.78131072356,62,3,5,2,1,0,0,1,133.6874074935648,4.287386997381925,1
CUST14545,63,Female,Scotland,16,665,54304.19555213845,40,0,3,1,1,1,1,0,446.7990401134844,12.606273103079257,1
CUST14546,50,Female,London,112,711,54716.12298536734,5,0,22,4,1,1,0,1,105.3042213732574,1.664548108441886,0
CUST14547,36,Female,North_West,51,672,37486.34595999889,0,0,14,4,1,1,1,0,79.29028094738881,3.368030518983457,0
CUST14548,30,Female,West_Midlands,81,601,25267.027232898137,1,1,4,4,1,1,0,1,68.81806811387483,5.627341170818223,0
CUST14549,25,Male,East_of_England,68,712,30631.546674537505,1,0,20,1,1,0,0,0,28.076255540681682,2.9225107982125156,0
CUST14550,69,Male,South_East,87,463,48597.436381617204,3,0,21,3,1,0,1,0,282.5000833338658,2.3089664565553045,1
CUST14551,62,Female,Wales,1,680,37826.58606197717,21,3,19,3,1,1,0,0,568.8076410910678,7.222133063106281,0
CUST14552,38,Female,South_East,67,739,85769.17080558733,76,3,17,5,1,1,1,0,15.617108511034626,2.454954705893754,1
CUST14553,36,Female,London,79,681,20019.00161010598,4,0,14,5,1,1,0,0,294.48861595379935,3.4222824162108,0
CUST14554,63,Female,Scotland,85,669,44365.2651624441,5,0,14,1,1,1,0,0,158.82508363501628,11.113247854771977,1
CUST14555,66,Female,London,18,699,77328.74666347986,4,1,24,1,1,0,0,1,42.552894120426906,0.49329814044249626,0
CUST14556,31,Female,Yorkshire,16,632,22774.82262785141,0,0,23,3,1,1,1,0,155.91741113836574,2.291247506997998,0
CUST14557,20,Male,East_Midlands,101,646,57425.97788664596,1,0,15,3,1,1,1,1,8.96039869131768,4.549928468333411,1
CUST14558,58,Male,London,38,700,30839.673325550073,2,0,17,4,1,0,1,1,151.7846024340448,8.835982686174948,0
CUST14559,42,Male,Yorkshire,82,685,39125.436080242,0,0,19,4,1,1,1,1,295.41314388343943,2.813381776309985,0
CUST14560,25,Male,Yorkshire,68,673,43915.35625121765,5,1,17,3,1,0,0,0,103.29003448007508,6.486667734761644,0
CUST14561,60,Female,Scotland,58,555,32655.028156444136,0,0,24,3,1,1,0,1,50.60650417064933,8.816913891253272,0
CUST14562,49,Male,East_Midlands,87,745,27247.845942434556,3,0,25,3,1,1,0,1,49.70773461622763,6.999446142395652,0
CUST14563,45,Female,East_of_England,27,715,53847.49271054964,0,0,16,2,1,1,1,1,80.22129771439064,11.035609923245042,0
CUST14564,29,Female,East_Midlands,17,730,35282.84769344088,9,6,19,1,1,1,0,0,165.72741402288392,14.33446596129545,0
CUST14565,36,Male,East_Midlands,56,510,36894.00683469995,256,0,18,4,1,1,0,1,81.17479070762317,1.7839462291093202,1
CUST14566,40,Female,East_Midlands,1,798,25621.22968396451,4,0,5,4,1,1,1,1,100.7946068059462,0.7997399714785454,0
CUST14567,38,Female,North_West,72,445,71446.94573560845,3,0,18,2,1,1,1,0,186.2114451428474,1.3231458337531776,0
CUST14568,34,Male,North_West,27,765,47790.69685011369,3,0,22,2,1,0,0,1,193.13238639727027,1.716756320146363,0
CUST14569,36,Female,North_West,1,736,37322.03652442761,79,0,6,4,1,1,1,0,45.945975695814376,0.8372097943937999,1
CUST14570,18,Male,East_of_England,46,613,26027.848876830813,50,0,5,5,1,0,0,0,163.83322124637897,2.8780485196449423,1
CUST14571,72,Male,North_West,113,674,41149.100812247896,4,0,18,3,1,0,1,0,49.15774265097714,9.59034992257741,0
CUST14572,68,Female,Scotland,81,665,23413.877230904312,3,0,14,2,1,1,0,0,36.055595373126344,2.2411123640496515,1
CUST14573,39,Male,London,81,694,52872.40814065285,35,1,7,3,1,1,1,1,174.04596466534258,2.6228032031177624,0
CUST14574,73,Female,North_West,92,617,43910.48351483993,3,0,24,2,1,0,0,0,45.57306281618633,4.156188920758984,0
CUST14575,44,Male,Wales,108,683,39441.1182954996,87,0,3,3,1,1,0,0,228.1207782054745,6.541207140783754,1
CUST14576,74,Male,London,83,690,45783.78995611618,139,0,23,5,1,1,0,1,35.510187108675304,8.890024965436986,0
CUST14577,43,Female,West_Midlands,48,689,40272.27723161871,105,1,20,4,1,1,1,0,82.9256931875868,3.628365257355035,1
CUST14578,51,Female,London,93,729,45826.991456124866,6,0,22,5,1,0,1,0,192.55263832150808,5.761023278150967,0
CUST14579,30,Male,South_East,65,607,46562.585781941554,10,1,23,1,1,0,1,1,165.0342678388953,1.51836083019834,0
CUST14580,56,Female,North_West,49,671,53482.29569162827,17,0,21,1,1,0,1,0,198.09720782531318,2.202062971391983,0
CUST14581,30,Male,West_Midlands,99,681,58724.75071489294,36,0,18,1,1,0,1,0,62.52730878175601,7.311414369400286,1
CUST14582,56,Female,South_East,90,443,74230.31772942292,44,0,21,2,1,1,1,0,249.98475684562308,0.31430811270514425,0
CUST14583,21,Male,North_West,16,703,47867.40608522211,3,0,20,2,1,0,1,0,131.78961861694256,12.394522124922274,0
CUST14584,44,Female,South_East,18,633,27694.918700504582,54,0,25,4,1,0,1,0,63.01656113778919,6.572707466324987,1
CUST14585,65,Male,West_Midlands,61,616,24571.29662708454,11,0,13,2,1,0,1,1,323.2131593271992,5.144267037754345,1
CUST14586,65,Female,Yorkshire,12,748,16682.387264238696,2,0,3,3,1,1,1,1,94.84966834308709,6.8635385873419805,0
CUST14587,18,Female,Yorkshire,95,511,26310.542753401416,1,0,25,2,1,0,1,0,112.01123906132017,1.7256271843522253,1
CUST14588,53,Female,South_West,118,554,26976.87043868943,0,0,3,1,1,0,0,0,147.35865605618162,8.155886994222088,1
CUST14589,31,Male,East_Midlands,69,842,55421.283892298976,6,1,22,5,1,1,0,0,38.75016385891145,7.412411311619992,0
CUST14590,68,Male,North_West,110,729,43591.88817270203,2,0,20,2,1,1,1,0,421.7110971349841,1.98398309669896,0
CUST14591,44,Female,South_East,9,743,29820.734946553388,49,0,21,4,1,1,0,0,44.84036535326273,3.721946764579844,0
CUST14592,61,Male,Yorkshire,36,638,56971.651083713674,50,0,24,1,1,1,1,0,85.54050012353113,2.9557626147902867,0
CUST14593,33,Male,East_of_England,98,794,52398.60657633027,57,3,25,1,1,1,0,0,204.66129882243644,12.627071229463025,0
CUST14594,39,Female,Scotland,119,719,29436.04544218449,0,0,28,4,1,0,1,0,107.54552245225646,4.622472915081619,0
CUST14595,18,Female,East_Midlands,93,714,27006.389099424825,12,2,9,5,1,0,0,0,314.2987647747809,3.036486373026206,0
CUST14596,30,Male,South_West,26,696,44816.6424897776,26,0,14,4,1,1,0,1,98.10097243718737,8.786648372953525,0
CUST14597,56,Male,Wales,31,676,66072.21109589559,89,0,30,2,1,0,0,0,102.31939547795399,1.9899263408127097,0
CUST14598,49,Female,Yorkshire,54,708,22046.546574102365,7,0,19,1,1,1,0,1,595.453344119274,3.427725726136543,0
CUST14599,46,Male,North_West,52,419,46052.60636165022,6,0,15,1,1,1,0,0,86.68061221717478,1.366021982336093,0
CUST14600,42,Male,Yorkshire,46,730,27813.758528375707,3,0,16,4,1,1,1,1,178.57621891550798,5.952296317956812,0
CUST14601,18,Female,London,75,710,58693.67663121292,3,1,15,1,1,1,0,0,99.0295279921841,3.1620993972286344,0
CUST14602,19,Female,East_Midlands,71,755,33500.53570932453,18,0,20,3,1,1,0,0,136.75505733437458,4.5431855015194165,0
CUST14603,74,Male,South_East,73,700,40931.64255795013,7,0,17,4,1,1,1,1,141.53067861346423,9.001866814813393,1
CUST14604,53,Male,Wales,87,625,47562.42119954862,4,0,15,3,1,1,1,0,93.1768445147468,1.361767723091072,0
CUST14605,18,Male,Yorkshire,50,743,36124.33168646944,59,0,19,3,1,0,0,0,132.9555613679714,5.399633238507241,0
CUST14606,58,Female,Yorkshire,49,674,58483.88351250454,41,1,5,4,1,1,0,0,268.8950466034391,4.602957415959359,1
CUST14607,55,Female,East_of_England,86,776,26231.318635330423,1,0,19,2,1,0,1,0,207.24430221692626,3.230880193321158,0
CUST14608,29,Male,Wales,93,764,81197.66788800759,34,0,19,3,1,1,1,0,162.76906717453005,3.1613575985429616,1
CUST14609,45,Female,South_East,63,706,45213.321649356214,6,2,18,1,1,1,1,0,101.07031625782274,8.104244035375496,0
CUST14610,37,Male,Wales,57,710,44550.36297798274,0,0,23,2,1,1,1,0,37.19756761239109,2.8484809688679764,0
CUST14611,62,Female,South_East,44,683,25536.430887412138,0,2,24,1,1,1,0,0,130.2279368387978,4.671913245865626,0
CUST14612,55,Male,Yorkshire,9,471,24421.795571938517,1,0,20,4,1,0,0,0,96.69600277487719,10.8881531048643,0
CUST14613,53,Male,West_Midlands,25,616,36859.173881500006,5,0,5,2,1,0,1,0,18.586498063486484,1.6454780422580257,1
CUST14614,52,Male,South_West,118,707,37989.06530160868,8,0,15,3,1,0,0,0,95.44757899558394,1.2666757772597426,0
CUST14615,25,Female,London,59,739,47883.546366529765,73,0,14,1,1,1,0,1,109.63089243883324,2.5892896034235813,1
CUST14616,42,Male,East_Midlands,61,670,42391.51681290572,72,0,19,3,1,1,1,0,16.403633754982504,3.8661712590252515,1
CUST14617,68,Male,Yorkshire,49,713,22170.840151312106,6,3,14,2,1,0,1,0,245.0104093488151,7.791195519888618,1
CUST14618,45,Male,South_West,22,685,28847.097941821332,72,0,15,1,1,1,1,0,80.58646292038436,4.49075267278529,0
CUST14619,21,Male,North_West,62,651,45975.83347066036,87,0,20,1,1,0,1,1,243.18246191541755,5.674491332596443,0
CUST14620,64,Male,North_West,32,654,41835.52359596095,7,0,21,4,1,1,1,0,327.71626254883677,6.484564606055219,0
CUST14621,19,Male,Yorkshire,31,707,30447.673066683303,62,0,17,1,1,1,0,1,93.94924925276956,5.6004781012858675,1
CUST14622,49,Male,South_West,88,442,30734.040067199097,2,1,15,5,1,0,1,0,249.51676287912946,2.0876514903343613,0
CUST14623,51,Male,Yorkshire,82,615,73526.64513630778,8,0,26,5,1,1,0,1,361.1755211193298,6.028063818507271,1
CUST14624,39,Female,East_of_England,107,475,45481.13306872285,6,0,25,2,1,0,1,1,168.08925103091948,2.0491433675198727,0
CUST14625,69,Male,North_West,5,704,44250.01333429765,45,0,19,2,1,0,1,0,22.009448078226022,0.4570176124126186,1
CUST14626,71,Male,Wales,41,666,56747.700471322496,3,0,31,5,1,1,1,0,254.89904868003217,6.729067150369213,0
CUST14627,52,Male,Yorkshire,15,584,29510.688447133503,42,0,7,3,1,1,1,0,42.08334885984139,5.685772927767467,0
CUST14628,26,Female,London,83,693,35488.564543324545,0,0,15,3,1,1,1,0,217.8260584480475,14.778137894491671,0
CUST14629,35,Female,London,17,755,18174.98711368362,55,0,5,1,1,0,1,0,160.50302067251306,7.659062257101747,0
CUST14630,35,Male,Wales,17,480,75782.0104214215,96,0,14,4,1,1,0,0,167.88699138962573,7.336557599147539,1
CUST14631,64,Female,South_East,62,571,20922.873203717907,4,1,17,4,1,0,0,0,45.159982381661685,4.041428997979585,1
CUST14632,62,Female,East_Midlands,57,721,29540.391298035465,50,0,24,2,1,0,1,1,144.65272556978354,11.063356738092388,1
CUST14633,19,Male,West_Midlands,86,490,60929.28316648723,38,0,26,1,1,0,0,0,136.87323947132546,2.1817674648791305,1
CUST14634,25,Female,Yorkshire,17,712,39810.30753122025,17,4,18,3,1,0,0,0,78.14628583430911,8.661575632803682,0
CUST14635,74,Female,South_West,91,679,16519.32527595322,4,3,18,3,1,1,1,0,118.05377556089651,2.1128676882570825,0
CUST14636,56,Female,East_Midlands,25,721,37428.29314035983,36,4,22,3,1,1,1,0,70.37865177097903,2.191434045401041,0
CUST14637,48,Male,Yorkshire,26,648,15000.0,0,0,24,4,1,1,1,0,189.9215853942124,7.970696497330005,0
CUST14638,39,Male,Wales,53,488,15000.0,0,0,19,4,1,1,1,1,98.67298306525198,4.5897699860302925,0
CUST14639,69,Female,South_West,106,740,31675.12507400702,2,0,20,1,1,0,1,0,61.61327224535897,2.834784549361453,0
CUST14640,40,Male,Wales,41,658,22222.157706063812,52,0,16,4,1,1,1,1,39.116753263174004,2.3319459929175332,0
CUST14641,61,Male,East_Midlands,115,727,35386.843587157404,7,0,12,3,1,0,1,0,268.71146628962134,9.421984500925392,1
CUST14642,29,Female,Yorkshire,20,649,97823.50605786078,3,0,17,4,1,1,1,0,159.8664167878175,4.657267280038619,0
CUST14643,70,Female,East_Midlands,14,602,48623.15237988357,52,0,18,3,1,0,1,0,57.094258879888336,3.0483862977506297,0
CUST14644,48,Female,London,58,709,40487.44796132134,1,1,17,3,1,1,1,0,282.0601246094339,5.458204144086288,1
CUST14645,46,Male,East_of_England,80,579,30935.158854427606,121,1,22,1,1,0,0,1,299.8750913053063,4.303859708631144,1
CUST14646,61,Male,London,9,504,23859.176036167664,39,0,18,2,1,0,1,1,110.56126158662073,4.001812666633217,1
CUST14647,65,Female,North_West,27,494,50444.15267485024,1,0,24,5,1,1,0,0,135.42977138131383,1.0100991136593582,0
CUST14648,71,Female,Wales,74,431,48676.194191973584,13,0,4,2,1,1,1,0,72.97916286347309,5.856894052721326,0
CUST14649,18,Female,South_West,29,609,48550.89838356825,3,0,13,2,1,0,1,1,167.3828188254107,5.3297375238373395,0
CUST14650,31,Female,East_Midlands,105,732,35691.56812860688,7,0,23,5,1,0,1,1,34.29410820090786,9.012248629042253,0
CUST14651,66,Male,South_East,86,446,38212.38359545316,36,3,5,3,1,1,0,0,212.61310563159788,6.8207719882712405,1
CUST14652,72,Female,Wales,46,643,25211.870475529824,41,0,18,2,1,0,1,0,186.30106863186717,3.3424844465313175,1
CUST14653,49,Male,West_Midlands,64,706,46266.00255985042,93,0,29,2,1,1,1,0,192.39381965448564,2.921006142909026,0
CUST14654,67,Male,Scotland,83,437,25397.151211455333,11,0,24,3,1,1,0,0,46.91748984617148,0.24869250552955166,0
CUST14655,58,Female,South_West,35,742,35710.84638277941,3,2,22,1,1,1,1,1,85.16269482466363,7.022099715844928,1
CUST14656,64,Male,Scotland,85,668,42851.122730391995,11,0,12,5,1,1,1,1,272.7124182240721,8.307858488599951,0
CUST14657,60,Female,London,117,693,50495.3090507701,0,0,12,1,1,1,0,0,50.86072757581459,7.120793445092232,0
CUST14658,49,Female,West_Midlands,94,782,69920.6684878784,6,0,25,4,1,1,1,0,260.62276667864387,3.3274472651798668,0
CUST14659,58,Female,South_West,32,747,30622.646196102378,5,0,18,3,1,1,1,0,63.99715762450875,7.588934017020494,0
CUST14660,29,Male,London,89,423,47364.46910536087,0,0,22,5,1,0,1,0,37.4835240505621,2.4700137154285935,1
CUST14661,27,Male,Wales,37,736,19271.985171093052,40,0,20,3,1,1,1,1,340.79157573780634,7.7539117587113076,1
CUST14662,24,Male,London,10,727,65231.66071827085,4,0,17,1,1,1,1,1,275.77573077032883,3.025121357518703,0
CUST14663,50,Male,West_Midlands,3,660,35263.29513863535,72,0,26,1,1,1,0,1,138.35680899201782,1.822086317389045,1
CUST14664,43,Female,Scotland,7,692,25996.30966975625,109,0,21,1,1,1,0,1,32.94870678654361,1.7061124049627185,1
CUST14665,33,Female,West_Midlands,71,722,37407.76916671346,92,2,18,1,1,1,0,0,245.4524533338299,3.7239438141111725,0
CUST14666,68,Female,London,78,549,33579.99454660439,3,0,4,2,1,1,1,1,40.70998123747726,6.823250978646982,1
CUST14667,74,Female,Wales,112,730,28557.365375383903,1,0,17,3,1,1,1,0,138.86439633510426,2.8076991506517066,0
CUST14668,47,Male,South_West,18,772,47268.8372971111,36,0,20,4,1,1,0,0,52.86253159052891,6.316520094668596,1
CUST14669,72,Female,East_of_England,36,459,21007.239115294393,63,0,24,5,1,1,0,0,104.15161376069958,6.530881491180283,1
CUST14670,35,Female,South_West,20,438,62065.79306336438,38,3,7,2,1,0,0,1,22.80531392019324,0.7449348040382919,0
CUST14671,70,Male,South_East,51,750,41566.70460584504,7,0,12,2,1,1,1,0,125.87722401352879,9.182588575992236,0
CUST14672,59,Male,Wales,108,490,26404.863014362134,53,1,20,1,1,1,1,0,107.89503815155153,6.676861549203661,0
CUST14673,42,Male,Wales,34,413,24340.10730547738,5,1,21,5,1,1,1,0,111.39464163429554,0.7195548200214796,0
CUST14674,43,Male,East_of_England,74,730,32849.46117135236,46,0,14,4,1,1,1,0,59.48872505987795,2.1074718297971056,0
CUST14675,33,Female,West_Midlands,74,778,29923.205212667053,41,0,12,1,1,1,1,0,81.81649959802633,8.41826403563231,1
CUST14676,49,Female,East_Midlands,67,664,29566.966575445993,0,0,12,4,1,1,0,0,465.02910002816463,2.8250675838924257,0
CUST14677,60,Female,Wales,74,716,30159.27986086431,2,0,22,1,1,1,0,1,284.4040475731575,7.80593825002293,0
CUST14678,20,Female,West_Midlands,29,693,55271.32582901429,0,0,3,3,1,1,1,0,91.39812037993832,15.580099718987647,0
CUST14679,50,Female,London,100,790,39674.6952536914,36,2,27,5,1,1,1,1,71.97044221845559,4.856889599959834,0
CUST14680,27,Male,Yorkshire,39,675,18876.368457546894,4,0,23,4,1,0,1,1,88.85621763160493,11.587076035937358,0
CUST14681,65,Male,South_East,45,738,43488.458396126596,1,2,29,4,1,0,1,1,23.761622158443252,5.041684870024997,1
CUST14682,42,Female,North_West,52,711,42764.06015698028,36,0,30,1,1,1,0,0,75.88462535742542,2.013096109704239,0
CUST14683,32,Female,South_East,5,693,33923.29296224589,8,1,26,4,1,1,0,0,156.52155591753916,4.021987095325102,0
CUST14684,33,Female,South_West,65,658,59233.77496792584,1,0,20,3,1,1,1,1,129.59775415066906,2.4182956902788453,0
CUST14685,34,Male,Yorkshire,50,646,21481.01728776102,2,0,21,1,1,1,0,0,93.6192111169122,6.027700717247152,0
CUST14686,41,Female,East_Midlands,22,569,27414.58052399422,1,0,6,3,1,0,1,0,131.2685742116409,0.5879496918831886,0
CUST14687,32,Male,South_East,113,686,24463.073616005437,65,0,26,3,1,0,0,0,79.95888396927141,3.9922955500135475,0
CUST14688,55,Male,East_Midlands,95,666,50774.52372105239,129,4,20,5,1,1,0,0,296.0245802747428,13.764636156421181,0
CUST14689,32,Female,London,44,750,28796.91908853486,4,0,4,2,1,0,1,0,44.16070854069364,1.9905962932824868,0
CUST14690,65,Female,North_West,114,697,36879.41693156644,2,0,17,5,1,0,1,1,203.38529731676883,4.517402075383998,0
CUST14691,53,Female,East_Midlands,71,746,18456.547977252696,12,0,12,1,1,0,0,0,84.27630859260832,7.362191094102082,0
CUST14692,34,Male,Wales,73,630,43585.5144347598,0,4,23,5,1,0,0,0,144.44491238277269,0.7773450845831732,1
CUST14693,63,Female,London,96,642,37342.44387849332,0,2,19,1,1,1,1,1,163.76235969554412,11.473700909967183,0
CUST14694,46,Male,Scotland,30,767,34858.32288592396,6,3,23,4,1,0,1,1,119.69032042844076,0.7865938581615612,0
CUST14695,48,Male,East_of_England,78,652,48967.78675006216,4,0,15,1,1,1,0,0,45.06611234126752,4.173211304991142,0
CUST14696,51,Female,Yorkshire,65,532,23777.34505073126,1,1,27,3,1,1,1,1,81.06909298211572,2.914615075222377,0
CUST14697,20,Male,London,52,671,41320.36157474503,109,0,24,5,1,0,1,0,188.83025368781296,4.74723816609571,0
CUST14698,57,Female,Wales,47,535,39807.203166804,65,0,16,4,1,0,1,0,213.35953310585566,9.165527117290189,1
CUST14699,38,Female,South_West,2,662,32473.79834813819,0,0,17,4,1,0,0,0,123.29864052747874,13.567643482013235,0
CUST14700,51,Female,Scotland,62,716,47303.447245520765,2,0,22,3,1,1,0,0,423.25312352154083,13.012002496912416,0
CUST14701,32,Male,South_West,64,627,47973.80668741117,128,0,28,3,1,1,1,0,114.58247504917811,0.7715399182497195,1
CUST14702,63,Female,London,86,535,29318.98320495485,0,2,14,2,1,1,1,0,100.9606954880886,7.95830468374146,1
CUST14703,73,Female,Wales,3,744,25488.703733788403,172,0,27,4,1,1,1,0,130.5366585268848,8.221258478494672,1
CUST14704,45,Male,North_West,50,632,26111.558980402184,56,0,6,3,1,1,0,0,63.14758369701521,1.2782293315334767,0
CUST14705,33,Male,Yorkshire,20,688,37125.35935892659,36,1,3,3,1,1,1,0,93.37874768399895,5.255909219105624,0
CUST14706,55,Male,London,8,460,54520.36626126206,2,0,2,2,1,1,1,1,41.93768485340369,3.7550475837711463,0
CUST14707,60,Male,South_East,101,506,42988.81947204772,41,0,25,5,1,0,1,1,71.29629782061257,4.958425766563664,0
CUST14708,33,Female,Wales,7,529,43356.34766972822,53,0,1,4,1,0,1,0,86.13266829970941,4.696737621393392,1
CUST14709,43,Male,North_West,75,449,23357.00418356416,0,0,17,5,1,0,1,0,16.300500077295442,2.6761802483801773,1
CUST14710,65,Female,Yorkshire,64,702,61585.34499059934,233,0,23,4,1,0,0,0,163.6010023971383,11.747391876076723,0
CUST14711,19,Male,West_Midlands,29,534,54208.55510568349,49,1,23,2,1,0,1,0,118.12689215858539,1.181644809195849,0
CUST14712,44,Male,Wales,75,649,36079.84257109517,5,0,16,5,1,0,1,1,36.458741203151746,4.893076289437477,0
CUST14713,22,Female,Scotland,36,521,60863.78463501371,8,0,4,4,1,1,1,0,107.61201165217875,3.699186404027751,1
CUST14714,62,Female,Scotland,81,497,30815.81499930896,0,2,22,5,1,1,1,1,65.5553860514516,4.714453405322477,0
CUST14715,38,Female,West_Midlands,106,623,23363.888929711855,67,0,13,1,1,1,0,0,110.67748988926635,2.4681190965538846,0
CUST14716,66,Male,East_of_England,103,813,39711.837026243615,55,0,18,2,1,1,1,0,91.72496163185721,5.379041593409852,1
CUST14717,66,Female,West_Midlands,102,679,43886.575633828885,8,0,18,4,1,1,1,0,159.27631584261528,5.434540884163468,0
CUST14718,33,Female,West_Midlands,36,489,33957.19425341484,9,1,20,5,1,1,1,0,148.37515515226627,2.7015474849977976,0
CUST14719,19,Female,North_West,94,688,33208.92250246345,6,0,19,3,1,0,1,1,98.64061740205395,3.857994990111726,0
CUST14720,35,Male,Wales,90,754,48607.30100921929,3,0,28,5,1,0,1,0,291.71818976578646,11.573301879058373,0
CUST14721,36,Male,North_West,9,691,27230.24149429972,41,0,9,3,1,0,0,0,219.9401659417261,3.9991036026006315,1
CUST14722,45,Female,South_East,118,656,28554.458001272647,6,0,18,4,1,0,1,1,149.5232574567185,1.484893646558593,0
CUST14723,60,Male,Wales,35,659,26935.905381173274,0,0,5,3,1,1,0,0,82.9423058855599,9.14221182067103,0
CUST14724,18,Female,East_of_England,77,505,26197.057015577786,8,0,5,4,1,0,1,1,80.40716220848009,0.2838914418566817,0
CUST14725,31,Female,East_Midlands,47,640,37342.541496778176,6,0,0,5,1,1,1,0,73.10489416576664,2.307928205886128,0
CUST14726,37,Female,East_Midlands,44,704,37917.10926855737,131,0,19,1,1,1,1,0,140.1756440329211,4.77080384970043,0
CUST14727,18,Male,Scotland,105,714,51013.679644533084,0,0,12,3,1,0,0,0,249.83595645371793,1.3997925905226278,0
CUST14728,57,Male,West_Midlands,13,456,67253.64281855522,2,3,24,1,1,0,1,0,83.75676556902012,7.521768525432392,0
CUST14729,70,Female,South_West,97,686,24566.630190121865,98,0,21,5,1,1,0,1,47.26328681392285,9.307204036613824,0
CUST14730,60,Female,London,77,727,67585.49938712754,1,0,17,2,1,1,1,0,164.6598467860965,2.049004347887801,0
CUST14731,28,Male,London,14,642,45547.94202618046,45,0,7,5,1,1,0,0,207.58433012311986,0.9472294595636466,0
CUST14732,20,Male,London,21,557,62088.84630791303,9,0,18,2,1,1,1,0,121.0386826084664,5.340145659265102,1
CUST14733,34,Male,East_of_England,44,469,65692.49200006784,0,1,18,2,1,0,0,0,105.45448255168287,2.1292555319648705,0
CUST14734,71,Male,London,8,675,67139.42055040438,39,0,25,3,1,0,1,0,28.86368781381815,1.18528086577169,0
CUST14735,49,Female,Wales,98,687,39767.55760408409,7,0,18,1,1,1,1,0,122.41888885597625,6.934170479485955,0
CUST14736,68,Male,South_East,81,700,69565.79224110351,5,4,7,3,1,0,1,0,183.89932135194573,9.424123708279952,0
CUST14737,38,Male,Scotland,30,836,25243.62185337855,0,1,11,5,1,0,0,1,133.10467577851895,3.3465841626329174,0
CUST14738,21,Male,South_West,39,460,44553.97939776832,39,0,1,1,1,0,0,0,356.35602986674064,1.150004632336499,0
CUST14739,66,Female,East_of_England,2,558,43019.587188952566,15,1,16,1,1,1,0,0,286.13893291333176,10.440643335535606,0
CUST14740,30,Male,Scotland,1,687,37286.6765565587,18,0,10,2,1,0,1,0,201.29261937148232,6.106943232395667,0
CUST14741,44,Male,Scotland,86,501,32852.856419661985,0,4,2,3,1,0,1,0,213.88840703623327,8.781617912778133,1
CUST14742,58,Male,South_West,90,484,22482.86332008956,2,0,11,5,1,1,1,1,367.9211080378441,4.1742637055476175,0
CUST14743,56,Female,Scotland,46,525,58664.68820633167,5,3,7,4,1,1,0,0,114.17894926782188,1.827785835506683,0
CUST14744,72,Female,East_Midlands,80,457,47415.35199945923,0,0,18,1,1,1,1,0,245.45241139690188,1.7069206882375325,0
CUST14745,68,Female,Wales,98,590,32908.1505953846,10,3,11,2,1,1,0,0,68.97533661012473,3.2258567171317316,1
CUST14746,35,Male,East_of_England,88,596,25901.070144883746,106,1,19,2,1,0,1,0,98.30114927948118,0.9692526767839084,1
CUST14747,33,Female,Yorkshire,9,735,30477.647171062614,0,0,5,3,1,0,0,0,314.1175973634275,12.814779904176824,0
CUST14748,35,Male,West_Midlands,68,762,22859.026499266754,98,0,22,1,1,1,0,1,35.89504722841459,4.323891097983069,1
CUST14749,72,Female,Scotland,15,629,58391.31147686901,0,0,4,5,1,0,0,0,226.92430207195423,2.9681568660755215,0
CUST14750,56,Male,West_Midlands,97,710,42574.84885189905,1,0,15,3,1,1,1,0,64.12857113929455,1.025565573829701,0
CUST14751,70,Female,South_West,5,470,24192.83820994065,3,5,6,1,1,1,1,0,52.921216445771186,1.0062846916777737,1
CUST14752,20,Female,North_West,29,505,32249.879866385083,0,0,25,4,1,0,0,1,83.92263322169104,6.651637076658755,0
CUST14753,73,Female,Scotland,34,502,36726.97129401229,3,0,19,3,1,0,1,1,87.85857941182994,10.640996339114837,0
CUST14754,34,Male,Yorkshire,60,601,42748.48310099214,0,0,22,4,1,0,0,0,196.58024553757704,3.880858241961096,0
CUST14755,25,Female,North_West,93,692,33842.97799132406,5,0,19,3,1,1,0,1,62.768684543330195,8.06336394934417,0
CUST14756,55,Male,East_of_England,42,785,66165.37333947442,1,0,19,5,1,1,1,0,145.66321098857978,4.404203429488959,0
CUST14757,43,Female,Scotland,71,651,40148.52113501351,2,0,20,4,1,1,1,0,499.54243137082534,8.91556609849986,0
CUST14758,53,Female,Scotland,9,539,55031.71587301209,2,0,4,5,1,0,1,0,44.63822217119051,10.975199568509783,0
CUST14759,66,Male,North_West,34,743,70653.93060929791,1,0,22,2,1,1,1,1,21.774952112528425,6.649152291907131,0
CUST14760,60,Female,South_East,88,661,37639.38758549375,0,0,31,1,1,0,0,1,83.43526637306033,1.7583017434886492,0
CUST14761,39,Female,South_East,65,775,23815.735905919217,0,0,20,1,1,1,1,0,187.56780139543474,4.7145415024153925,0
CUST14762,56,Female,South_East,93,687,30516.12813767158,4,0,6,2,1,0,1,1,318.6152219135155,1.3284220936456272,0
CUST14763,57,Male,Wales,110,748,35412.505255062504,1,1,3,2,1,1,1,1,232.23497031406305,2.8502872857961603,0
CUST14764,54,Male,North_West,46,633,31280.84149274228,248,0,17,3,1,1,1,0,101.75301326535855,7.4875433609536906,1
CUST14765,54,Male,London,20,765,57674.30980267815,1,1,3,4,1,1,1,0,207.72588160656593,2.388023367174082,1
CUST14766,52,Female,East_of_England,108,487,33583.17833341223,0,0,25,2,1,1,0,1,314.5051195061375,8.266116216283919,0
CUST14767,32,Male,East_of_England,27,679,23996.078995084965,3,0,19,5,1,1,1,1,180.8436110908168,15.752045372203291,0
CUST14768,54,Female,London,7,732,87320.31720958283,79,0,25,1,1,0,1,1,60.052558438281956,2.902172959007963,1
CUST14769,62,Male,Scotland,57,464,56665.18539958387,12,0,12,1,1,0,0,0,29.02752308881084,2.0133448167459926,0
CUST14770,49,Male,South_East,14,455,33423.88068184533,1,0,6,5,1,0,0,1,115.19046922994795,18.014584622818216,1
CUST14771,56,Male,East_Midlands,32,443,32553.480547636387,7,0,24,1,1,0,1,1,116.97372354438865,2.987017861662298,0
CUST14772,67,Female,Wales,13,539,29425.08724914871,0,0,21,2,1,0,0,0,94.62117769300147,6.964909959414553,1
CUST14773,34,Male,London,13,707,52363.00977584527,35,0,22,3,1,1,0,0,52.29698180567107,0.5019104457721807,0
CUST14774,46,Male,Scotland,73,594,47871.73938722143,37,0,21,5,1,0,0,1,185.63075758314525,2.7503700662015413,1
CUST14775,39,Female,South_East,67,669,24997.644959740213,0,0,25,4,1,1,0,1,82.43653691139072,2.1807298550460024,0
CUST14776,39,Female,Wales,22,541,66001.45817347922,0,0,20,5,1,1,0,0,26.83363608391324,5.229728111366715,1
CUST14777,48,Male,East_Midlands,44,733,31405.985425087783,1,0,19,3,1,1,0,0,73.06749498890036,3.5418891437087203,0
CUST14778,41,Male,West_Midlands,95,694,30254.479528449974,8,0,24,5,1,0,0,0,162.88159507976965,5.951084464464296,0
CUST14779,33,Female,West_Midlands,28,464,23924.319416719518,0,0,19,4,1,1,1,1,290.3022691042962,2.8270076276765406,0
CUST14780,59,Male,Wales,67,512,51433.357157552455,3,2,11,5,1,1,0,1,169.85064466860734,5.198585779821256,1
CUST14781,51,Female,West_Midlands,95,712,35942.319966656556,3,0,24,3,1,1,0,0,66.84212877517632,2.058835214528161,0
CUST14782,37,Female,Wales,99,461,43015.82904480727,1,0,28,3,1,1,0,0,203.81048098051815,3.32788559098176,1
CUST14783,22,Female,London,93,709,42872.494342002465,1,0,14,4,1,1,1,0,227.73532408697926,1.893003326320588,0
CUST14784,70,Male,West_Midlands,11,779,27891.630938757502,1,0,18,5,1,1,1,0,64.88437896092121,2.296038243140597,0
CUST14785,35,Female,Scotland,1,694,29250.637967806324,34,0,26,5,1,1,1,0,45.75915164767779,8.496493905286856,0
CUST14786,40,Female,South_East,56,724,26183.766164905377,0,1,21,2,1,1,0,0,97.69688221621986,2.20227131554411,0
CUST14787,35,Male,North_West,76,482,32786.200732230536,3,0,22,5,1,1,1,0,82.01786295513791,4.676126896897334,0
CUST14788,41,Female,North_West,38,678,29018.784562317214,0,0,16,4,1,1,0,0,286.3011663007809,3.742158683570574,0
CUST14789,53,Male,South_West,32,704,23383.77856592511,0,0,17,1,1,1,0,1,259.0092567677635,2.933304319963134,0
CUST14790,24,Female,East_Midlands,102,684,34484.22181809026,0,0,19,5,1,1,0,0,138.3511021497077,1.3944650136378396,0
CUST14791,18,Female,South_West,75,792,28866.652695951314,32,1,14,2,1,0,0,0,81.33397881229743,1.870022842626753,0
CUST14792,26,Female,East_Midlands,84,459,17247.300136391055,103,0,19,5,1,1,1,0,163.3589112033094,5.622771975504276,0
CUST14793,59,Male,South_East,49,492,36472.72618379076,3,2,15,4,1,0,1,0,146.95947263545676,2.9335482108168427,1
CUST14794,34,Male,South_East,77,692,22108.580275349985,5,2,26,3,1,1,1,1,194.08437257228536,1.342727088997631,0
CUST14795,61,Male,South_East,25,590,51807.139779437966,41,0,18,3,1,1,1,1,119.66263484569278,4.1506936028190164,0
CUST14796,66,Male,Wales,82,673,49195.309277986096,75,0,24,4,1,1,0,0,39.74470737630094,5.329776790705497,0
CUST14797,55,Male,South_East,63,749,35637.019012525576,0,3,20,3,1,1,0,1,85.40223649298375,7.739566445207507,0
CUST14798,51,Female,West_Midlands,76,703,27304.266896868845,6,2,7,2,1,0,0,0,477.0085549854454,2.515151061798643,0
CUST14799,44,Male,East_of_England,31,709,34101.962848051,43,0,18,4,1,1,1,0,82.11015538540896,10.273578613824533,0
CUST14800,47,Female,East_of_England,12,818,37817.35095826428,0,0,2,4,1,1,0,0,134.34772032667334,0.46277198964600075,0
CUST14801,23,Female,South_East,16,491,25342.30626069767,110,0,21,1,1,0,0,0,153.4530121355741,18.370122296667883,1
CUST14802,42,Female,West_Midlands,15,747,39205.81112148321,46,0,13,4,1,1,1,1,254.81000669627676,4.9807486980649935,1
CUST14803,50,Male,Yorkshire,7,718,38566.9817058985,69,0,15,5,1,1,1,1,48.40909453047085,10.67941293117581,0
CUST14804,19,Female,East_of_England,28,748,15985.538380758706,5,0,22,2,1,0,1,0,144.01356624635778,2.944422825611426,0
CUST14805,61,Male,West_Midlands,43,731,90124.67016649497,3,0,26,4,1,1,1,0,159.41372599135116,8.782189913460876,0
CUST14806,45,Female,West_Midlands,38,727,49545.99741086109,8,0,16,3,1,0,1,1,33.907615471616516,1.9826841304076628,0
CUST14807,49,Male,East_of_England,41,539,30641.94990481927,191,0,21,3,1,1,0,1,31.349895577018707,1.1763571941238178,1
CUST14808,53,Female,Yorkshire,14,749,28718.869313000483,50,0,21,2,1,1,1,0,86.81310926262668,2.1269225645312244,0
CUST14809,64,Male,London,58,748,36740.1757982903,51,0,25,3,1,1,1,1,41.1896347694273,6.738284978498317,1
CUST14810,28,Female,Yorkshire,78,676,35608.16635837021,1,2,14,2,1,1,1,0,102.05442376224005,2.26342290976555,0
CUST14811,41,Female,London,50,426,34364.40483283751,3,1,25,5,1,0,1,0,273.29851695914414,0.7247737257292155,0
CUST14812,31,Male,Yorkshire,86,650,43784.23768848419,33,3,23,4,1,0,0,0,169.6369484262232,4.100956713899684,1
CUST14813,64,Female,Scotland,108,732,36431.39345899925,53,0,24,1,1,1,1,1,264.2799308523016,5.162686270576944,1
CUST14814,33,Male,London,97,655,53591.014666099145,2,0,16,2,1,1,1,1,20.273678368901333,1.0406038625164806,0
CUST14815,31,Female,South_West,25,788,27907.052982913818,0,0,19,4,1,1,1,1,182.10372590883486,1.5043012584074158,0
CUST14816,60,Male,Scotland,22,631,30303.97663263691,2,0,27,5,1,1,1,0,156.25048519567972,1.3841220852154255,1
CUST14817,58,Female,South_West,117,639,21337.325386591103,4,0,22,4,1,1,1,1,32.315352536358716,7.085363735686169,0
CUST14818,70,Female,Yorkshire,17,706,24381.838829342014,0,1,18,5,1,1,0,0,53.60906784668634,3.2806719727219336,1
CUST14819,28,Female,Wales,115,744,39366.37048341187,61,0,15,2,1,1,0,0,18.872571039063967,2.82925020517157,1
CUST14820,63,Female,Scotland,110,597,100422.41224967586,0,4,9,1,1,1,1,1,179.18849841137043,2.740856723910949,1
CUST14821,22,Male,South_West,60,587,19264.413548759785,8,0,22,2,1,1,1,1,279.5922770912012,3.2563039236892766,0
CUST14822,30,Male,Yorkshire,29,724,32558.59632360181,13,0,30,1,1,1,0,1,112.36072609231702,3.593082095126303,1
CUST14823,67,Female,South_East,16,675,29342.122143481927,4,0,26,1,1,1,0,1,294.6408574982083,2.378813595668312,0
CUST14824,23,Female,East_Midlands,2,689,32496.965191812407,2,0,4,5,1,1,1,0,140.63573343634297,1.61756302650956,1
CUST14825,40,Female,East_Midlands,11,737,29015.68864590308,2,0,24,4,1,1,1,1,73.5202824662996,3.840647060867327,0
CUST14826,66,Male,Yorkshire,74,714,28280.759888390545,33,0,14,1,1,0,0,0,107.10186139937231,6.33063959435246,0
CUST14827,53,Male,North_West,30,673,31615.878316608454,4,0,16,5,1,1,1,1,219.8858389293257,9.534529168984454,0
CUST14828,66,Female,London,3,760,32609.086680848068,0,0,26,3,1,1,0,1,238.78773316144031,4.840400317712522,0
CUST14829,20,Male,North_West,109,523,36206.534593521385,49,0,27,4,1,1,1,0,97.76109504173313,2.4733810058027195,1
CUST14830,73,Female,South_West,25,733,46877.080994902666,1,0,4,3,1,1,1,0,307.7992085238752,2.5700302547569827,0
CUST14831,66,Male,Scotland,59,664,15692.250235412437,47,0,7,3,1,1,0,0,112.2802314692658,9.76993117384167,1
CUST14832,33,Male,Wales,21,764,55032.697587886876,1,0,21,3,1,1,0,1,72.62891961991741,2.478578861422018,0
CUST14833,38,Female,Wales,4,646,49777.178779648784,49,0,20,5,1,0,1,1,24.972725857596473,5.578211459216124,0
CUST14834,35,Male,South_East,72,749,40700.78676379682,1,0,17,4,1,1,1,0,69.10850254473081,2.7524441013790453,0
CUST14835,56,Male,East_Midlands,98,716,57190.02477104968,9,0,5,1,1,0,1,1,33.072133845071725,9.447292383546497,1
CUST14836,19,Male,East_of_England,77,688,41925.42505865153,1,0,12,4,1,1,0,1,128.36675053654736,4.445781554905431,0
CUST14837,70,Male,East_Midlands,112,598,55674.051736765185,4,0,18,3,1,0,1,0,37.34722328669445,3.5578964246003646,0
CUST14838,74,Male,East_of_England,76,803,68922.00130526171,2,0,14,4,1,1,0,1,27.78153621881231,5.447135352357896,0
CUST14839,58,Female,South_East,49,527,31286.28377358936,15,0,18,5,1,1,1,0,265.39978848046275,4.84506805948609,0
CUST14840,70,Male,South_West,99,583,31278.272299374177,1,0,18,4,1,0,0,0,246.641257178379,11.290224209391951,0
CUST14841,22,Female,Scotland,81,747,36954.01951404022,30,3,22,3,1,1,1,0,104.07735457267992,2.543807145834008,0
CUST14842,68,Female,South_West,2,636,56882.44281488595,32,0,13,3,1,1,1,1,183.29212244465435,6.222656624636704,1
CUST14843,50,Female,West_Midlands,11,699,24512.288711335532,4,0,23,1,1,1,1,0,120.22337851889228,9.211995455990165,0
CUST14844,36,Female,London,78,513,32090.907693982794,74,4,23,4,1,1,1,0,159.57661441864968,2.9514056658915777,1
CUST14845,69,Female,West_Midlands,84,631,40163.01665650616,23,0,14,4,1,1,1,1,36.83339527455611,7.594159057469538,0
CUST14846,35,Male,West_Midlands,54,682,44536.03928775125,56,0,24,1,1,1,0,0,143.52400197286127,2.218186681710808,0
CUST14847,30,Female,Yorkshire,101,665,46813.91046441444,2,2,31,1,1,1,0,0,171.46394159525946,5.197533004682696,0
CUST14848,65,Male,Wales,109,728,51877.12039692852,1,0,18,2,1,0,1,0,197.07994750003073,28.230427853502114,0
CUST14849,48,Female,South_West,53,659,54757.82201494748,2,1,2,4,1,1,1,0,114.15031887770748,8.982295594174428,0
CUST14850,65,Female,London,119,755,17091.576740651304,1,0,6,4,1,1,0,0,185.4797207572883,3.4817035163011707,0
CUST14851,43,Male,London,13,756,20312.341800258884,2,0,25,5,1,0,1,0,151.0757326066195,7.4536937783317985,0
CUST14852,46,Female,East_of_England,48,711,30588.197037020647,2,1,4,4,1,1,1,0,71.93153185913616,1.0648364196151108,0
CUST14853,43,Female,Wales,92,665,19550.860568656528,16,0,20,2,1,1,0,0,228.9657625399402,3.105492389099526,0
CUST14854,42,Female,Yorkshire,67,547,34375.06705725092,0,0,10,4,1,0,1,1,180.53376803693806,6.940551963922008,0
CUST14855,43,Female,South_East,80,620,76539.12554486391,23,1,30,1,1,0,1,0,146.29732183765535,2.261730385080058,0
CUST14856,58,Female,Yorkshire,102,642,31888.001791434403,6,1,6,5,1,1,1,0,137.38343370901157,9.143928408091053,0
CUST14857,45,Female,East_Midlands,21,722,36810.54532065133,3,0,1,2,1,0,0,1,180.29749755249134,7.386909649300831,0
CUST14858,51,Female,Yorkshire,8,489,27470.71803672517,2,5,16,3,1,1,0,0,240.52622709758586,9.217329562386242,1
CUST14859,30,Male,South_West,111,561,25674.399215636728,44,0,22,5,1,1,1,0,104.31453656751424,1.4592547906660467,1
CUST14860,20,Male,Wales,71,484,20204.011058512522,14,2,18,3,1,1,0,0,136.89390631581833,2.41906810792433,0
CUST14861,32,Female,Yorkshire,111,814,30685.00601658855,1,0,1,2,1,1,0,0,54.34822916811791,0.7906306697230663,0
CUST14862,21,Female,South_West,79,592,39814.48130296099,14,0,24,5,1,1,0,0,49.99326296997154,4.0475871417766545,0
CUST14863,53,Female,South_West,21,731,24204.1292595521,10,0,18,2,1,1,0,0,252.90554408980344,9.44896620248099,0
CUST14864,68,Male,London,7,456,16654.232007031682,30,0,18,5,1,1,0,0,138.9227102271474,2.783551033485756,1
CUST14865,19,Female,South_West,23,559,47052.316323613646,3,0,4,1,1,0,0,0,37.75387121434083,5.010925820915597,1
CUST14866,63,Female,Yorkshire,74,513,38928.85842721809,60,0,15,4,1,0,0,0,72.40034441068421,9.429756192887828,0
CUST14867,64,Female,North_West,98,712,48582.536593147444,1,0,27,5,1,1,1,1,348.37232287741267,2.686247254465552,0
CUST14868,32,Male,South_East,33,534,51241.389984795,36,4,16,3,1,1,1,0,184.09359919717383,1.3110430455480395,1
CUST14869,53,Male,South_East,13,742,31279.258482635214,0,0,22,1,1,0,0,1,57.02667916854561,7.1801793922891965,0
CUST14870,35,Female,East_Midlands,1,797,37502.761501802306,13,0,19,2,1,0,0,1,163.62487983740562,12.661287368328209,0
CUST14871,42,Female,Scotland,30,721,32744.93500943829,62,2,14,1,1,1,1,0,28.547084254025695,0.42065431693971783,0
CUST14872,23,Female,South_East,99,593,15133.099072706726,52,0,20,5,1,0,1,0,63.93711018639818,1.2892509147052755,1
CUST14873,58,Female,London,107,804,28178.241792421057,49,0,25,3,1,1,1,0,95.12313415411894,4.165785090607234,0
CUST14874,74,Male,West_Midlands,43,504,47859.842265193765,42,0,15,4,1,1,0,0,184.55125149562673,7.999413116516027,1
CUST14875,40,Female,Scotland,90,745,42558.491228734885,1,7,13,2,1,1,0,0,274.8186341735161,4.119677009271041,1
CUST14876,72,Male,Scotland,109,737,47841.061467808395,16,0,20,3,1,1,1,0,41.36025153632229,5.480750613774454,0
CUST14877,37,Male,London,96,662,31306.84200488987,2,0,27,1,1,0,1,1,289.5838403913244,3.943475734308593,0
CUST14878,60,Female,East_Midlands,65,671,28151.07154362344,0,0,7,1,1,1,1,0,46.896093318541865,4.472987292260951,0
CUST14879,27,Female,East_Midlands,78,717,22636.708783649003,0,0,20,2,1,0,1,1,88.77970633265011,3.1907181503073834,0
CUST14880,39,Male,North_West,63,640,21407.217920241557,1,3,15,1,1,1,1,1,410.7914695878689,4.3640157218583076,0
CUST14881,42,Female,London,87,443,21720.663670088645,96,0,14,3,1,1,1,0,4.724075010446707,0.06810567893785237,0
CUST14882,49,Male,Yorkshire,119,645,48982.67919089627,4,0,4,3,1,1,0,0,164.74934961293758,4.956076367664193,0
CUST14883,37,Male,East_of_England,3,757,36074.54237274475,7,0,22,1,1,1,0,1,112.64893585824575,6.419463261166288,0
CUST14884,63,Male,East_of_England,107,724,18725.481554278434,0,0,18,5,1,1,0,0,92.50082875438174,1.669293003101241,0
CUST14885,59,Male,Wales,98,678,57612.74572473356,5,0,23,5,1,1,0,1,138.23535215576374,1.2105870692106464,0
CUST14886,65,Female,Scotland,22,670,39270.8733934302,59,0,15,3,1,1,1,0,56.39983768790201,7.3836113792211435,0
CUST14887,36,Male,Yorkshire,26,658,22733.94389347766,143,0,23,4,1,1,1,1,27.673526500167206,4.5528352734592,0
CUST14888,49,Male,East_of_England,31,729,41654.20210626787,68,0,23,5,1,1,1,0,162.6070144837333,1.4910121807079346,0
CUST14889,55,Female,Wales,28,493,18845.453153479397,2,0,4,5,1,1,1,0,110.75476767762298,4.085383726831046,0
CUST14890,42,Male,Scotland,83,572,23411.25785165219,6,0,13,3,1,1,0,0,202.96327725276356,8.286104053256526,0
CUST14891,37,Female,East_of_England,32,728,40137.945445636484,0,0,5,5,1,1,1,0,160.28869136695286,7.232665438518962,0
CUST14892,44,Female,South_East,105,678,41690.355267013285,29,0,22,5,1,1,0,0,92.97829287371907,0.3313908652083006,0
CUST14893,39,Male,South_West,45,660,37554.952134661144,6,0,18,3,1,0,0,0,152.76078465728105,1.84263642830431,0
CUST14894,73,Male,South_West,117,767,28057.598451427606,31,0,4,3,1,0,1,0,101.8985368214274,0.8968182876299144,1
CUST14895,46,Male,Wales,59,705,40363.803371592934,1,3,21,2,1,1,1,0,201.83639215062317,7.540653696089979,0
CUST14896,63,Female,North_West,44,770,31112.943957405896,45,3,23,3,1,0,1,1,162.94230389134125,3.17666867199656,1
CUST14897,38,Female,London,61,667,39238.09756856369,2,4,21,5,1,0,0,0,88.54376726758288,2.6952985107694962,0
CUST14898,28,Male,London,3,764,49114.91512173875,6,0,15,1,1,1,1,0,264.8629459061184,6.489056708589594,0
CUST14899,50,Female,East_Midlands,107,712,23420.111456225546,8,0,18,1,1,1,1,1,161.16327508314347,9.396148046141718,0
CUST14900,27,Female,East_Midlands,102,514,26731.833395855923,38,0,19,4,1,0,1,0,73.85994364455375,9.066714030984757,1
CUST14901,49,Male,East_of_England,17,691,29950.68203697121,5,0,22,3,1,1,1,0,158.2864038797792,5.936725875395492,0
CUST14902,44,Female,South_East,56,478,43919.38481083428,2,0,20,5,1,1,0,1,37.43265688533513,3.4435886825685285,0
CUST14903,46,Male,East_of_England,41,521,15000.0,0,0,7,1,1,1,1,0,115.10057258991012,4.03049360438435,0
CUST14904,61,Male,East_Midlands,29,751,30442.802877435275,1,0,18,4,1,0,0,0,175.6883779373783,1.4546341187993792,0
CUST14905,35,Male,North_West,88,731,32235.700399419562,2,4,11,4,1,1,1,0,172.8497372213734,7.129433540207901,0
CUST14906,52,Male,East_Midlands,84,505,45962.38676367633,20,1,19,5,1,1,1,0,96.10709281296285,2.114918199225554,0
CUST14907,69,Female,West_Midlands,91,769,25927.846293745228,0,1,4,3,1,1,1,0,34.46564823199945,1.7531080634205651,1
CUST14908,47,Female,West_Midlands,56,439,35144.190088984134,46,0,24,5,1,1,0,0,122.18551758414658,6.091282333355145,0
CUST14909,53,Male,South_West,2,680,23493.72956858163,3,4,18,5,1,1,0,1,175.23736390590022,4.142719926847759,0
CUST14910,21,Female,Wales,89,743,21799.759512048877,0,0,15,3,1,1,0,0,72.48459470261115,3.9112974945376204,0
CUST14911,73,Male,Scotland,90,496,55581.58443152074,3,0,11,1,1,1,0,0,57.78830979837413,3.0856318913452423,1
CUST14912,31,Female,Wales,62,494,57366.557360215644,0,0,2,5,1,1,0,0,309.13582567813694,2.0697182385717108,1
CUST14913,25,Female,North_West,110,722,44175.42870213547,145,0,20,4,1,1,1,1,37.486603765034246,3.981941125076531,0
CUST14914,62,Female,London,34,531,34693.452044008925,10,0,17,1,1,1,1,0,363.44460109252645,10.679689322475456,1
CUST14915,59,Female,Scotland,74,568,24553.890588549053,46,3,23,1,1,1,0,0,167.19243188503998,5.325950627291252,1
CUST14916,39,Male,Scotland,49,746,52927.88024442874,12,0,21,1,1,1,1,0,82.36144536458173,1.6058816816313595,0
CUST14917,72,Male,East_Midlands,92,421,42017.611540946455,5,0,17,3,1,0,1,0,265.76967885284546,7.10119063511398,0
CUST14918,63,Male,East_Midlands,112,777,62376.60572054203,132,0,3,4,1,1,0,0,26.620819692141634,19.67742227573536,0
CUST14919,62,Male,South_West,99,696,45299.19158251825,0,1,19,4,1,1,0,0,71.30290946317216,9.133618584327488,0
CUST14920,54,Male,East_Midlands,19,719,37466.118963272194,5,0,24,4,1,1,1,0,68.58927750725638,3.120168224788319,0
CUST14921,66,Male,East_of_England,5,692,26864.78189776768,1,0,24,5,1,1,1,0,132.18085312075158,3.820108363699457,0
CUST14922,37,Male,South_West,89,603,23882.37109740186,15,0,25,4,1,1,0,0,53.42600169525776,3.4306661627868196,0
CUST14923,35,Male,London,73,682,30512.519791040344,3,0,22,5,1,0,1,0,77.55768187420914,7.237880816754715,0
CUST14924,66,Male,North_West,36,727,20977.135338752676,3,0,16,4,1,0,0,0,132.63364586886647,6.865414824945684,0
CUST14925,26,Female,South_West,105,729,33825.176475459004,66,0,22,3,1,1,1,1,126.50761106630088,5.254303011125751,1
CUST14926,45,Male,South_East,116,635,94211.40973858454,65,0,18,4,1,1,0,1,189.39179069707052,7.140275403845548,0
CUST14927,18,Male,North_West,17,655,15000.0,2,0,20,4,1,1,0,1,344.41711830528453,1.5771958250678138,0
CUST14928,44,Male,East_Midlands,119,729,78674.61812430804,16,0,14,2,1,1,0,1,37.99497941766624,3.7705654261783477,0
CUST14929,72,Male,Scotland,78,696,24399.12241485929,14,0,21,2,1,0,1,0,224.4673173279141,7.116697515206466,0
CUST14930,33,Female,East_of_England,58,850,36690.04200105898,19,0,32,2,1,1,1,1,61.87184727754461,6.0456217260864396,0
CUST14931,38,Male,West_Midlands,81,745,32553.485785120494,0,0,20,5,1,1,1,0,137.30204465840333,5.7349742661039915,0
CUST14932,23,Female,West_Midlands,27,789,53023.567790540554,31,0,13,4,1,1,0,0,155.1203691486002,8.994488548829029,0
CUST14933,62,Female,East_Midlands,5,722,23631.37370635754,9,0,8,4,1,1,0,0,212.47682427919622,3.497094921172419,0
CUST14934,63,Male,Yorkshire,104,769,29594.898103898493,0,0,14,3,1,0,1,0,5.43081018194878,9.333833142781863,0
CUST14935,50,Male,West_Midlands,70,646,34185.52209312492,1,0,15,2,1,0,1,1,138.376979219062,3.2674635980139493,1
CUST14936,20,Female,Scotland,7,711,36915.288929827875,1,1,5,3,1,1,1,1,300.6053655401332,4.346400802417333,0
CUST14937,39,Female,South_West,15,565,15000.0,18,1,8,5,1,1,1,1,45.744667768036095,5.312913305095487,0
CUST14938,42,Male,South_West,8,465,83463.78996223313,0,3,32,4,1,1,0,1,154.35923805450577,4.7534224940941785,0
CUST14939,48,Female,East_of_England,85,471,51113.77817149434,4,0,19,3,1,1,1,1,93.86125600509973,9.39242989806354,1
CUST14940,46,Female,Yorkshire,22,523,58463.954376573834,38,0,13,1,1,0,1,0,234.40306660467417,12.77559917853955,0
CUST14941,59,Female,South_West,54,675,29708.128092708885,7,0,18,5,1,0,1,0,126.56062777066494,4.134838374301323,0
CUST14942,64,Female,London,14,637,35418.51786191456,0,0,25,3,1,1,0,0,51.72336019560573,9.903569754581763,0
CUST14943,24,Female,Wales,45,539,78454.70945694282,8,0,23,1,1,1,1,0,126.07478923963136,6.8939802965086425,0
CUST14944,69,Male,Wales,88,518,68733.00008306386,12,0,1,2,1,1,0,1,201.18312367996276,1.001204513046628,1
CUST14945,42,Female,South_West,110,718,37080.8275913976,3,0,16,4,1,1,0,1,94.76004474020178,4.831394474796914,0
CUST14946,67,Female,West_Midlands,88,661,15000.0,7,1,8,1,1,1,0,0,58.78741245427764,6.315183803226418,0
CUST14947,25,Male,East_Midlands,35,510,34951.88644101702,103,2,19,5,1,1,0,0,112.9439125812996,2.9633966743370665,1
CUST14948,47,Female,South_West,67,700,61282.080235766574,1,0,21,5,1,0,1,0,28.876007875290693,1.5004108142860644,0
CUST14949,73,Male,London,45,661,57598.78841736959,41,3,16,1,1,1,1,0,92.85500113882621,5.207479723077041,0
CUST14950,19,Female,South_East,60,464,24314.27953524462,4,0,16,1,1,0,1,0,77.5934985892918,4.196624397668646,1
CUST14951,18,Male,East_of_England,65,694,34325.06209989217,9,0,23,3,1,0,0,0,253.9553288349984,2.548956908359181,0
CUST14952,53,Male,Yorkshire,15,760,21318.15108177913,6,1,19,1,1,1,0,1,213.51650973728442,1.6844021483195935,0
CUST14953,38,Male,East_of_England,88,448,43975.70309508519,4,0,17,1,1,1,1,0,104.12614929593656,6.294994251792855,0
CUST14954,23,Male,West_Midlands,52,787,23393.20533724299,4,2,7,3,1,1,1,0,25.479817047108813,16.768850735782973,1
CUST14955,63,Male,North_West,105,639,36444.275490803084,0,0,20,4,1,1,1,1,16.816586880699017,6.398221271423107,0
CUST14956,34,Male,Yorkshire,66,756,18331.43908923107,5,0,4,1,1,1,0,1,73.88375948438849,8.388204801160192,0
CUST14957,61,Female,East_of_England,86,682,36511.13778682007,34,0,6,4,1,0,0,0,253.87651860818454,3.4233514221650854,0
CUST14958,43,Male,East_Midlands,34,672,51055.84624018546,30,0,13,4,1,1,1,0,98.6131855288354,2.7579678710204147,0
CUST14959,31,Female,Wales,26,683,36828.61130224964,0,0,6,1,1,1,0,0,122.68935440984986,7.647727318605701,0
CUST14960,28,Female,North_West,77,692,21689.704084643334,0,1,22,2,1,1,1,0,102.37434062974697,7.624272725540364,0
CUST14961,67,Male,South_East,43,682,41821.150030591845,32,1,30,4,1,1,1,0,110.560534634572,5.685045324818706,1
CUST14962,62,Male,East_Midlands,73,664,29343.549559832245,3,0,21,2,1,1,1,1,72.07759184047056,2.030084340425554,0
CUST14963,23,Male,South_West,115,678,20301.428073425166,138,0,19,4,1,1,0,0,78.46844196833104,10.153346436710153,0
CUST14964,52,Female,East_Midlands,110,628,15000.0,3,0,18,3,1,1,1,1,196.13095410336803,2.367688842247813,0
CUST14965,66,Female,Wales,18,712,21706.965808837776,14,0,21,5,1,1,0,0,258.3352293605442,3.3073983157828653,0
CUST14966,55,Female,Yorkshire,51,780,22769.129781416115,47,0,14,4,1,0,0,0,150.07656926962633,2.743759435701193,0
CUST14967,66,Male,North_West,37,672,37904.18282773807,0,4,7,4,1,1,0,0,173.63974421120315,2.532062819245289,1
CUST14968,22,Female,North_West,107,765,50059.98160880667,0,0,15,5,1,0,0,0,84.01086178513386,9.31929290468797,0
CUST14969,26,Female,West_Midlands,60,601,30497.32116478087,1,0,14,5,1,1,1,0,28.034746499562463,1.1693583659356912,0
CUST14970,63,Male,East_Midlands,81,730,90944.3127332627,0,0,18,2,1,1,0,0,363.80255533604645,4.345788069531238,0
CUST14971,56,Male,East_Midlands,18,658,39748.51059544078,165,0,19,4,1,0,0,0,137.7383525126931,6.7633382679609655,1
CUST14972,72,Male,West_Midlands,5,669,17869.260995402834,3,0,25,4,1,1,1,0,54.06922098413425,1.0458691254266148,0
CUST14973,41,Male,South_West,41,655,32992.372535856965,5,3,3,3,1,1,0,0,50.531433131972925,3.68662303872956,0
CUST14974,49,Female,Wales,110,488,17996.127863720736,8,0,23,1,1,1,0,1,156.65073103696253,7.783302138513508,1
CUST14975,28,Male,North_West,24,656,47961.5330392571,0,0,5,3,1,1,1,1,375.9786235970994,5.764227305506538,1
CUST14976,69,Female,East_Midlands,98,747,32510.59294618879,46,0,4,5,1,0,1,0,126.81237822686442,14.201014571737984,0
CUST14977,43,Male,South_East,59,746,25718.32399700222,3,0,7,4,1,1,1,1,374.1259324270481,1.3735344381212493,0
CUST14978,18,Female,South_West,61,602,43927.94349327007,49,0,15,4,1,1,1,0,64.17618152712258,3.1033674573704366,0
CUST14979,67,Male,South_East,119,462,43258.977512973506,0,0,26,2,1,0,1,0,49.855903680194416,1.1294179203070307,0
CUST14980,50,Female,East_Midlands,109,650,37484.30082006254,38,1,20,1,1,1,1,0,88.41641770372158,9.3837271499554,1
CUST14981,37,Male,South_West,12,743,26454.511213597838,7,0,1,2,1,1,0,0,114.42230718681631,2.185557111966295,0
CUST14982,25,Male,Wales,11,429,79071.12695798413,0,0,20,1,1,1,0,0,129.04209415226288,3.716767255532158,0
CUST14983,41,Male,Scotland,78,658,66194.55147432673,5,0,26,1,1,1,1,0,120.15958402699894,4.057926326609498,0
CUST14984,36,Female,West_Midlands,65,698,30488.44557513707,55,1,21,5,1,1,0,0,53.196646843100964,1.1729398335550145,0
CUST14985,65,Female,South_East,15,709,27458.299266913473,87,2,8,5,1,1,1,0,28.364690351474415,4.55722270986476,1
CUST14986,46,Male,North_West,69,473,67106.05698287263,3,0,21,3,1,1,0,0,226.6036330101809,10.455238605032843,0
CUST14987,40,Female,Scotland,107,738,23673.023944173532,1,0,17,2,1,1,0,1,79.57879828063845,16.297677196637885,0
CUST14988,47,Male,West_Midlands,4,742,16850.101767478613,1,6,15,5,1,1,0,0,43.3970640386371,4.341202938660005,0
CUST14989,39,Male,South_East,54,656,62992.20793140834,0,0,20,5,1,0,0,0,98.21503816524721,6.682083698228127,0
CUST14990,41,Female,East_Midlands,97,641,62973.99315578395,19,0,15,4,1,1,0,0,200.04356746714097,6.833137863444849,0
CUST14991,28,Male,East_Midlands,112,767,56970.78907061329,4,0,25,1,1,1,0,1,129.48701380904663,2.7639983211309156,0
CUST14992,36,Male,North_West,52,504,19127.032777342138,51,0,22,5,1,1,1,0,26.431021583283957,2.624347827288393,1
CUST14993,40,Male,Scotland,4,685,38179.55973318673,2,0,22,5,1,0,0,0,58.79577162506652,4.576624101357664,0
CUST14994,45,Male,West_Midlands,59,749,47746.89013326061,5,0,19,1,1,1,0,0,50.22129146515887,3.9281608746247656,0
CUST14995,67,Female,West_Midlands,72,659,29281.820534643557,32,0,13,4,1,1,1,0,64.98576129802613,4.447137626761211,0
CUST14996,72,Female,West_Midlands,51,702,30297.922134346307,22,0,16,4,1,1,0,1,162.74637898239504,8.219014921376477,0
CUST14997,61,Female,London,2,726,26778.991008494384,82,0,30,5,1,1,0,1,220.49678005576726,7.844939948314927,1
CUST14998,18,Male,Wales,31,741,36522.39237983005,12,1,17,2,1,1,1,0,301.1847315059585,4.091472168700343,0
CUST14999,55,Female,Scotland,89,757,23839.604839342286,0,0,3,2,1,1,0,1,51.74415072229357,2.39761015828875,0
